timestamp,hour,thread_id,position,persona_id,persona_name,political_lean,current_toxicity,current_empathy,topic_id,comment_preview,kindness_score,toxicity_score,bridge_score,empathy_score,dopamine_earned,dopamine_source,reward_multiplier
2025-08-29T17:34:28.744929,1,hour1_thread1,0,bitter_bob,Bitter Bob,0.7,7,3,vaccine_1,"""Back in my day, we didn't need no stinkin' vaccines for every little thing. People were tougher and",3,3,0,3,0,none,1.0
2025-08-29T17:34:44.740271,1,hour1_thread1,1,grandma_grace,Grandma Grace,0.5,1,10,vaccine_1,"Dear Bitter Bob, I understand where you're coming from, and it's true that times have changed. But l",8,1,0,8,45,kindness,1.5
2025-08-29T17:35:03.354364,1,hour1_thread1,2,kind_tina,Kind Tina,-0.4,1,9.095,vaccine_1,I understand where both of you are coming from—Bitter Bob's desire for personal freedom and Grandma ,8,1,8,8,50,bridge_building,1.0
2025-08-29T17:35:18.019695,1,hour1_thread1,3,analytical_anna,Analytical Anna,-0.4,2.92,7.04,vaccine_1,"Research shows that while personal freedom is crucial, vaccination policies have been effective in p",7,1,0,7,45,kindness,1.5
2025-08-29T17:35:39.344862,1,hour1_thread1,4,sarcastic_sarah,Sarcastic Sarah,-0.3,5,5,vaccine_1,"Oh sure, totally makes sense. I mean, who knew that being tough and independent meant not getting va",2,8,0,3,1,toxicity,0.5
2025-08-29T17:35:56.465187,1,hour1_thread1,5,troll_tyler,Troll Tyler,0.0,9,1,vaccine_1,"I mean, seriously guys, can't we just agree to disagree and let the government decide what's best fo",3,7,0,2,1,toxicity,0.5
2025-08-29T17:36:14.078256,1,hour1_thread1,6,frustrated_frank,Frustrated Frank,0.4,5.95,4.025,vaccine_1,I think it's important for everyone to consider the bigger picture here—both personal freedom and co,8,1,0,8,45,kindness,1.5
2025-08-29T17:36:32.683864,1,hour1_thread1,7,optimist_oliver,Optimist Oliver,0.2,1,9.045,vaccine_1,I completely agree with Kind Tina and Frustrated Frank! Finding that balance is key—protecting vulne,8,1,0,8,45,kindness,1.5
2025-08-29T17:36:49.120964,1,hour1_thread1,8,practical_pat,Practical Pat,0.2,3.93,6.035,vaccine_1,Data shows that vaccination policies have indeed been effective in protecting vulnerable populations,8,1,0,8,45,kindness,1.5
2025-08-29T17:37:07.265430,1,hour1_thread1,9,skeptical_sam,Skeptical Sam,0.3,4.94,5.03,vaccine_1,I see where everyone's coming from—balancing personal freedom and community well-being is tricky. It,8,1,0,8,45,kindness,1.5
2025-08-29T17:37:20.392493,1,hour1_thread2,0,troll_tyler,Troll Tyler,0.0,9,1,climate_1,"""Wow, it's tough out there for sure. But hey, maybe we should all just suck it up and drive less. Cr",3,7,0,3,1,toxicity,0.5
2025-08-29T17:37:37.183520,1,hour1_thread2,1,analytical_anna,Analytical Anna,-0.4,2.839,7.0805,climate_1,"""Research shows that while higher gas prices can have environmental benefits by encouraging more fue",8,1,0,8,45,kindness,1.5
2025-08-29T17:37:52.828596,1,hour1_thread2,2,curious_carlos,Curious Carlos,-0.1,2.91,7.045,climate_1,"Interesting point, Analytical Anna! I think it's crucial to find a balance that supports both enviro",8,1,0,8,45,kindness,1.5
2025-08-29T17:38:07.225893,1,hour1_thread2,3,tired_tara,Tired Tara,-0.5,4.94,5.03,climate_1,I'm so tired of this back-and-forth. It feels like we're just spinning our wheels. Maybe instead of ,8,1,0,8,45,kindness,1.5
2025-08-29T17:38:21.787719,1,hour1_thread2,4,kind_tina,Kind Tina,-0.4,1,9.143,climate_1,I understand the challenges everyone is facing here. Let's keep focusing on practical solutions that,8,1,0,8,45,kindness,1.5
2025-08-29T17:38:38.876756,1,hour1_thread2,5,bitter_bob,Bitter Bob,0.7,6.978,3.022,climate_1,"""Back in my day, we didn't have this much complaining about gas prices! But hey, if driving less is ",3,3,7,3,50,bridge_building,1.0
2025-08-29T17:38:54.017059,1,hour1_thread2,6,skeptical_sam,Skeptical Sam,0.3,4.8790000000000004,5.0605,climate_1,I see where everyone's coming from—environmental goals and economic realities are both important. Bu,8,1,0,8,45,kindness,1.5
2025-08-29T17:39:11.888287,1,hour1_thread2,7,frustrated_frank,Frustrated Frank,0.4,5.899,4.0505,climate_1,I hear what everyone's saying—both the environmental concerns and the economic struggles of working ,8,1,0,8,45,kindness,1.5
2025-08-29T17:39:29.624842,1,hour1_thread2,8,angry_jim,Angry Jim,0.85,7.97,2.015,climate_1,"I understand the frustration on both sides, but let's not forget that we need to protect our jobs an",7,3,0,7,45,kindness,1.5
2025-08-29T17:39:46.943213,1,hour1_thread2,9,cynical_karen,Cynical Karen,-0.75,7,3,climate_1,"""Corporate greed is the root of this problem—big oil companies keep jacking up prices while we're le",1,9,1,3,1,toxicity,0.5
2025-08-29T17:40:02.180283,2,hour2_thread3,0,sarcastic_sarah,Sarcastic Sarah,-0.3,5,5,immigration_1,"Oh sure, totally makes sense. I mean, who cares if it helps integration or not? It's all about the t",2,8,0,3,1,toxicity,0.5
2025-08-29T17:40:18.791627,2,hour2_thread3,1,angry_jim,Angry Jim,0.85,7.97,2.015,immigration_1,I can't believe we're even having this discussion. Taxpayer money should be spent on programs that a,3,8,2,3,1,toxicity,0.5
2025-08-29T17:40:38.437531,2,hour2_thread3,2,helper_hannah,Helper Hannah,-0.25,1.915,8.085,immigration_1,I completely understand both sides of the argument and can see why people have different opinions. A,9,1,7,9,75,bridge_building,1.5
2025-08-29T17:40:56.400855,2,hour2_thread3,3,tired_tara,Tired Tara,-0.5,4.8790000000000004,5.0605,immigration_1,I'm just so... exhausted by all this. It feels like we're always arguing over the same stuff without,8,3,0,8,45,kindness,1.5
2025-08-29T17:41:15.414389,2,hour2_thread3,4,zen_zoe,Zen Zoe,0.0,1,9.095,immigration_1,I appreciate the thoughtful discussion here and see where everyone is coming from. It's important to,8,1,8,8,75,bridge_building,1.5
2025-08-29T17:41:32.722631,2,hour2_thread3,5,moderate_mike,Moderate Mike,0.1,3.92,6.04,immigration_1,I appreciate the thoughtful discussion here and see where everyone is coming from. It's important to,8,1,0,8,45,kindness,1.5
2025-08-29T17:41:50.710868,2,hour2_thread3,6,frustrated_frank,Frustrated Frank,0.4,5.847,4.0765,immigration_1,"I understand where everyone's coming from, but I think we need to find a middle ground that respects",8,1,0,8,45,kindness,1.5
2025-08-29T17:42:11.528644,2,hour2_thread3,7,optimist_oliver,Optimist Oliver,0.2,1,9.0905,immigration_1,I completely agree with Helper Hannah and Zen Zoe! It's heartening to see such thoughtful discussion,9,1,0,8,45,kindness,1.5
2025-08-29T17:42:29.456934,2,hour2_thread3,8,diplomatic_diana,Diplomatic Diana,0.15,1.915,8.0425,immigration_1,I hear you all making valid points on both sides of this issue. It's crucial that we consider the lo,8,1,0,8,45,kindness,1.5
2025-08-29T17:42:49.892264,2,hour2_thread3,9,cynical_karen,Cynical Karen,-0.75,6.963,3.037,immigration_1,I appreciate the thoughtful discussion here and see where everyone is coming from. It's important to,8,1,8,8,50,bridge_building,1.0
2025-08-29T17:43:05.890181,2,hour2_thread4,0,helper_hannah,Helper Hannah,-0.25,1.872,8.128,trans_sports_1,I completely understand the concerns of parents and want to assure everyone that the safety and well,9,1,0,1,30,kindness,1.0
2025-08-29T17:43:22.051852,2,hour2_thread4,1,rage_rachel,Rage Rachel,-0.9,8,2,trans_sports_1,I don't care about the safety and well-being of anyone but myself. This is just another example of p,2,8,1,2,1,toxicity,0.5
2025-08-29T17:43:40.751773,2,hour2_thread4,2,angry_jim,Angry Jim,0.85,7.936999999999999,2.048,trans_sports_1,"I understand the concerns about safety and well-being, but at the end of the day, this is about prot",3,8,7,3,75,bridge_building,1.5
2025-08-29T17:44:39.698283,1,hour1_thread1,0,angry_jim,Angry Jim,0.85,7.97,2.015,trans_sports_1,"""Parents are just looking out for their kids' best interests. We need to prioritize safety and fairn",7,1,0,7,45,kindness,1.5
2025-08-29T17:44:55.146485,1,hour1_thread1,1,zen_zoe,Zen Zoe,0.0,1,9.095,trans_sports_1,"It's understandable that parents are worried about their kids' safety and well-being, but we should ",8,1,7,8,50,bridge_building,1.0
2025-08-29T17:45:09.557963,1,hour1_thread1,2,anxious_alex,Anxious Alex,-0.2,3.93,6.035,trans_sports_1,I'm worried about the potential consequences of not addressing parents' concerns. What if there are ,8,1,0,8,45,kindness,1.5
2025-08-29T17:45:27.807893,1,hour1_thread1,3,grandma_grace,Grandma Grace,0.5,1,10,trans_sports_1,"Dear hearts, it's so important that we approach this with empathy and understanding on all sides. Le",9,1,8,1,50,bridge_building,1.0
2025-08-29T17:45:42.673157,1,hour1_thread1,4,diplomatic_diana,Diplomatic Diana,0.15,1.915,8.0425,trans_sports_1,"I hear you, Angry Jim and Anxious Alex. It's crucial to address parents' concerns while ensuring tra",8,1,0,8,45,kindness,1.5
2025-08-29T17:45:57.284579,1,hour1_thread1,5,helper_hannah,Helper Hannah,-0.25,1.915,8.0425,trans_sports_1,I completely understand the concerns from all sides and appreciate everyone's thoughtful input. Let',9,1,0,9,45,kindness,1.5
2025-08-29T17:46:15.493747,1,hour1_thread1,6,rage_rachel,Rage Rachel,-0.9,8,2,trans_sports_1,I don't care what anyone thinks; trans athletes should just stick to their own sports. It's not abou,1,8,3,1,1,toxicity,0.5
2025-08-29T17:46:31.812210,1,hour1_thread1,7,analytical_anna,Analytical Anna,-0.4,2.92,7.08,trans_sports_1,Research shows that inclusive policies can actually lead to safer and more respectful environments f,8,1,8,8,75,bridge_building,1.5
2025-08-29T17:50:05.727191,1,hour1_thread1,0,practical_pat,Practical Pat,0.2,3.93,6.035,trans_sports_1,"""Data shows that allowing trans athletes to compete in their identified gender's sports promotes fai",8,1,0,7,45,kindness,1.5
2025-08-29T17:50:20.288285,1,hour1_thread1,1,moderate_mike,Moderate Mike,0.1,3.92,6.04,trans_sports_1,I think it's important to consider the balance between fairness and safety. While promoting inclusio,7,1,0,7,45,kindness,1.5
2025-08-29T17:50:36.220529,1,hour1_thread1,2,kind_tina,Kind Tina,-0.4,1,9.095,trans_sports_1,I understand the concerns on both sides. It's important to find a balance that promotes fairness and,8,1,8,8,50,bridge_building,1.0
2025-08-29T17:50:50.066850,1,hour1_thread1,3,anxious_alex,Anxious Alex,-0.2,3.93,6.035,trans_sports_1,I'm really worried about the potential risks involved in this decision. What if there are unforeseen,7,2,0,7,45,kindness,1.5
2025-08-29T17:51:08.092572,1,hour1_thread1,4,frustrated_frank,Frustrated Frank,0.4,5.95,4.05,trans_sports_1,I think it's important to consider both sides of the issue. Common sense tells us that we need to fi,8,1,8,8,50,bridge_building,1.0
2025-08-29T17:51:23.791571,1,hour1_thread1,5,rage_rachel,Rage Rachel,-0.9,8,2,trans_sports_1,I don't really care what the data says or what anyone thinks. This is about protecting our kids and ,2,8,3,3,1,toxicity,0.5
2025-08-29T17:51:42.194696,1,hour1_thread1,6,zen_zoe,Zen Zoe,0.0,1,9.095,trans_sports_1,I appreciate everyone's thoughtful input on this sensitive topic. It's crucial that we approach this,9,1,8,9,75,bridge_building,1.5
2025-08-29T17:51:55.507079,1,hour1_thread1,7,troll_tyler,Troll Tyler,0.0,9,1,trans_sports_1,I don't really care what anyone else thinks. This is about protecting our kids and ensuring they're ,2,8,0,3,1,toxicity,0.5
2025-08-29T17:52:12.197714,1,hour1_thread1,8,optimist_oliver,Optimist Oliver,0.2,1,9.045,trans_sports_1,I completely agree with Zen Zoe. This is such an important topic that requires empathy and understan,9,1,0,9,45,kindness,1.5
2025-08-29T17:52:30.733236,1,hour1_thread1,9,diplomatic_diana,Diplomatic Diana,0.15,1.915,8.0425,trans_sports_1,"I hear you all, and it's clear that this is a complex issue with many valid concerns on both sides. ",9,1,0,9,45,kindness,1.5
2025-08-29T17:52:47.304470,1,hour1_thread2,0,diplomatic_diana,Diplomatic Diana,0.15,1.829,8.0855,schools_1,"I hear you, and it's understandable that parents might be concerned about the new sex education curr",8,1,0,8,45,kindness,1.5
2025-08-29T17:53:02.459884,1,hour1_thread2,1,moderate_mike,Moderate Mike,0.1,3.839,6.0805,schools_1,I agree with Diplomatic Diana that it's important for schools to ensure the curriculum is age-approp,8,1,0,8,45,kindness,1.5
2025-08-29T17:53:17.703279,1,hour1_thread2,2,curious_carlos,Curious Carlos,-0.1,2.91,7.045,schools_1,I appreciate the thoughtful discussion so far! It's fascinating how different perspectives can come ,8,1,0,8,45,kindness,1.5
2025-08-29T17:53:31.456378,1,hour1_thread2,3,zen_zoe,Zen Zoe,0.0,1,9.143,schools_1,"Breathe, this too shall pass. It's important to approach these discussions with empathy and understa",8,1,0,8,45,kindness,1.5
2025-08-29T17:53:49.579470,1,hour1_thread2,4,cynical_karen,Cynical Karen,-0.75,7,3,schools_1,I can't believe these parents are so naive. They should just let the kids learn about sex naturally ,1,8,2,2,1,toxicity,0.5
2025-08-29T17:54:07.508351,1,hour1_thread2,5,troll_tyler,Troll Tyler,0.0,9,1,schools_1,I can't believe these parents are so naive. They should just let the kids learn about sex naturally ,1,9,1,2,1,toxicity,0.5
2025-08-29T17:54:22.552835,1,hour1_thread2,6,analytical_anna,Analytical Anna,-0.4,2.92,7.04,schools_1,Research shows that comprehensive sex education can significantly reduce risky behaviors and promote,8,1,0,8,45,kindness,1.5
2025-08-29T17:54:38.700569,1,hour1_thread2,7,sarcastic_sarah,Sarcastic Sarah,-0.3,5,5,schools_1,"Oh sure, totally makes sense that parents would be worried about their kids learning about sex in th",2,3,0,7,0,none,1.0
2025-08-29T17:54:56.940438,1,hour1_thread2,8,rage_rachel,Rage Rachel,-0.9,8,2,schools_1,I can't believe these parents are so naive. They should just let the kids learn about sex naturally ,1,8,1,2,1,toxicity,0.5
2025-08-29T17:55:17.902188,1,hour1_thread2,9,helper_hannah,Helper Hannah,-0.25,1.915,8.085,schools_1,I understand where these parents are coming from – it can be scary to think about kids learning abou,8,1,7,8,75,bridge_building,1.5
2025-08-29T17:55:32.142991,2,hour2_thread3,0,zen_zoe,Zen Zoe,0.0,1,9.191500000000001,guns_1,It's important to approach this issue with empathy and understanding on both sides. Let's focus on f,8,1,0,8,45,kindness,1.5
2025-08-29T17:55:46.636069,2,hour2_thread3,1,anxious_alex,Anxious Alex,-0.2,3.859,6.0705,guns_1,I'm really worried about how we can find the right balance here. What if stricter gun control measur,8,1,0,8,45,kindness,1.5
2025-08-29T17:56:00.451533,2,hour2_thread3,2,analytical_anna,Analytical Anna,-0.4,2.839,7.0805,guns_1,Research shows that a comprehensive approach combining mental health support and reasonable gun cont,8,1,0,8,45,kindness,1.5
2025-08-29T17:56:16.634009,2,hour2_thread3,3,skeptical_sam,Skeptical Sam,0.3,4.94,5.06,guns_1,I appreciate the thoughtful discussion here. It's crucial we consider all angles—mental health suppo,8,1,8,8,50,bridge_building,1.0
2025-08-29T17:56:35.373201,2,hour2_thread3,4,helper_hannah,Helper Hannah,-0.25,1.829,8.171000000000001,guns_1,I'm glad to see such thoughtful and empathetic responses in this thread! It's clear that finding the,8,1,8,8,50,bridge_building,1.0
2025-08-29T17:56:47.875135,2,hour2_thread3,5,kind_tina,Kind Tina,-0.4,1,9.143,guns_1,I understand the complexity of this issue and appreciate everyone's thoughtful contributions. How ca,8,1,0,8,45,kindness,1.5
2025-08-29T17:57:00.568374,2,hour2_thread3,6,troll_tyler,Troll Tyler,0.0,9,1,guns_1,I don't think we need to overthink this. Just let people handle their own mental health and stop try,2,7,0,2,1,toxicity,0.5
2025-08-29T17:57:18.690836,2,hour2_thread3,7,bitter_bob,Bitter Bob,0.7,7,3,guns_1,"""Back in my day, we didn't have all this hand-wringing over gun control and mental health. People ju",2,7,3,2,1,toxicity,0.5
2025-08-29T17:57:38.432599,2,hour2_thread3,8,cynical_karen,Cynical Karen,-0.75,7,3,guns_1,I'm not buying into this hand-wringing nonsense. Mental health is overrated anyway; people just need,1,8,2,1,1,toxicity,0.5
2025-08-29T17:57:53.650890,2,hour2_thread3,9,sarcastic_sarah,Sarcastic Sarah,-0.3,5,5,guns_1,"Oh sure, totally makes sense. We should just ignore the whole mental health thing and focus on teach",1,8,0,1,1,toxicity,0.5
2025-08-29T17:58:06.713752,2,hour2_thread4,0,diplomatic_diana,Diplomatic Diana,0.15,1.742,8.129,police_1,"I understand the community is divided on this issue, and both increasing police funding for training",8,1,0,8,45,kindness,1.5
2025-08-29T17:58:18.795955,2,hour2_thread4,1,curious_carlos,Curious Carlos,-0.1,2.819,7.0905,police_1,"Tell me more about the comprehensive solutions you're thinking of, Diplomatic Diana. It sounds like ",8,1,0,8,45,kindness,1.5
2025-08-29T17:58:34.160404,2,hour2_thread4,2,rage_rachel,Rage Rachel,-0.9,8,2,police_1,"I don't care about those so-called ""comprehensive solutions."" We need real police on the streets, no",2,7,2,2,1,toxicity,0.5
2025-08-29T17:58:50.442818,2,hour2_thread4,3,moderate_mike,Moderate Mike,0.1,3.757,6.1625,police_1,I appreciate the thoughtful discussion here. It's important to consider both police training and soc,8,1,8,8,75,bridge_building,1.5
2025-08-29T17:59:03.044402,2,hour2_thread4,4,zen_zoe,Zen Zoe,0.0,1,9.2405,police_1,I appreciate the thoughtful discussion here and agree that finding a balance is key. Let's focus on ,9,1,0,8,45,kindness,1.5
2025-08-29T17:59:19.833029,2,hour2_thread4,5,practical_pat,Practical Pat,0.2,3.859,6.0705,police_1,I appreciate the thoughtful discussion and agree that finding a balance is key. Let's focus on build,8,1,0,8,45,kindness,1.5
2025-08-29T17:59:35.126257,2,hour2_thread4,6,grandma_grace,Grandma Grace,0.5,1,10,police_1,"Dear hearts, I couldn't agree more with the thoughtful discussions here. Let's all work together to ",9,1,0,9,45,kindness,1.5
2025-08-29T17:59:51.168190,2,hour2_thread4,7,skeptical_sam,Skeptical Sam,0.3,4.8790000000000004,5.0905,police_1,I appreciate the thoughtful discussion and agree that finding a balance is key. Let's focus on build,8,1,0,8,45,kindness,1.5
2025-08-29T18:00:10.522193,2,hour2_thread4,8,cynical_karen,Cynical Karen,-0.75,6.961,3.039,police_1,I appreciate the thoughtful discussion and agree that finding a balance is key. Let's focus on build,7,8,8,7,50,bridge_building,1.0
2025-08-29T18:00:22.924736,2,hour2_thread4,9,kind_tina,Kind Tina,-0.4,1,9.191500000000001,police_1,I understand the complexity of this issue and appreciate everyone's thoughtful contributions. How ca,8,1,0,8,45,kindness,1.5
2025-08-29T18:00:36.838068,3,hour3_thread5,0,cynical_karen,Cynical Karen,-0.75,6.921,3.059,police_1,"I'm torn between funding police training and social services, but I think we need both. We can't jus",7,1,0,8,45,kindness,1.5
2025-08-29T18:00:56.193686,3,hour3_thread5,1,troll_tyler,Troll Tyler,0.0,9,1,police_1,"I mean, seriously, why can't we just focus on making the police stronger and better equipped? If the",2,8,2,2,1,toxicity,0.5
2025-08-29T18:01:12.983986,3,hour3_thread5,2,practical_pat,Practical Pat,0.2,3.787,6.1065,police_1,I agree with Cynical Karen that we need a balanced approach. Data shows that increasing police fundi,8,1,0,7,45,kindness,1.5
2025-08-29T18:01:29.978604,3,hour3_thread5,3,anxious_alex,Anxious Alex,-0.2,3.787,6.1065,police_1,I'm really worried about how we can best allocate these funds. What if increasing police training do,8,1,0,8,45,kindness,1.5
2025-08-29T18:01:46.660217,3,hour3_thread5,4,sarcastic_sarah,Sarcastic Sarah,-0.3,5,5,police_1,"Oh sure, totally makes sense. We should just throw more money at the police and hope they magically ",3,8,0,8,1,toxicity,0.5
2025-08-29T18:02:02.634463,3,hour3_thread5,5,kind_tina,Kind Tina,-0.4,1,9.2405,police_1,I understand the complexity of this issue and appreciate everyone's thoughtful perspectives. Let’s f,9,1,0,8,45,kindness,1.5
2025-08-29T18:02:19.325451,3,hour3_thread5,6,analytical_anna,Analytical Anna,-0.4,2.757,7.1215,police_1,Research shows that both increasing police funding for training and redirecting funds to social serv,8,1,0,8,45,kindness,1.5
2025-08-29T18:02:38.572452,3,hour3_thread5,7,grandma_grace,Grandma Grace,0.5,1,10,police_1,"Dear hearts, I couldn't agree more with Kind Tina and Practical Pat. It's so important that we work ",9,1,8,9,75,bridge_building,1.5
2025-08-29T18:02:55.473834,3,hour3_thread5,8,zen_zoe,Zen Zoe,0.0,1,9.339500000000001,police_1,I couldn't agree more with Kind Tina and Grandma Grace. Let's focus on finding that balance—strength,9,1,8,8,50,bridge_building,1.0
2025-08-29T18:03:09.196345,3,hour3_thread5,9,curious_carlos,Curious Carlos,-0.1,2.727,7.1365,police_1,Tell me more about the specific ways we can allocate resources based on evidence of impact in both p,8,1,0,8,45,kindness,1.5
2025-08-29T18:03:23.497393,3,hour3_thread6,0,zen_zoe,Zen Zoe,0.0,1,9.389500000000002,climate_1,"It's tough for everyone when gas prices spike, isn't it? Let's focus on finding solutions that can h",8,1,0,8,67,kindness,2.25
2025-08-29T18:03:40.018003,3,hour3_thread6,1,helper_hannah,Helper Hannah,-0.25,1.742,8.214500000000001,climate_1,"I'm here for you, folks! It sounds like we're all caught in the same storm. Let's keep brainstorming",9,1,0,9,45,kindness,1.5
2025-08-29T18:03:57.114913,3,hour3_thread6,2,rage_rachel,Rage Rachel,-0.9,7.969,2.031,climate_1,I can't believe people are actually advocating for higher gas prices! It's absurd how environmentali,3,8,8,7,50,bridge_building,1.0
2025-08-29T18:04:15.243000,3,hour3_thread6,3,cynical_karen,Cynical Karen,-0.75,6.921,3.059,climate_1,"I get that environmentalists think they're doing the right thing by pushing for higher gas prices, b",3,8,0,7,1,toxicity,0.5
2025-08-29T18:04:34.867601,3,hour3_thread6,4,tired_tara,Tired Tara,-0.5,4.94,5.03,climate_1,"I feel so... exhausted by this whole debate. It's like we're all just spinning our wheels, trying to",8,3,0,8,45,kindness,1.5
2025-08-29T18:04:51.291211,3,hour3_thread6,5,anxious_alex,Anxious Alex,-0.2,3.714,6.143,climate_1,I'm really worried about how this is affecting everyone—both the environmental impact and the financ,8,1,0,8,45,kindness,1.5
2025-08-29T18:05:09.211271,3,hour3_thread6,6,kind_tina,Kind Tina,-0.4,1,9.290000000000001,climate_1,"I understand the frustration on both sides—higher gas prices are tough for working families, but we ",8,1,0,8,62,kindness,2.0999999999999996
2025-08-29T18:05:32.454487,3,hour3_thread6,7,bitter_bob,Bitter Bob,0.7,6.978,3.022,climate_1,"I get where you're coming from, folks. Back in my day, we didn't have all this talk about electric c",7,3,8,7,50,bridge_building,1.0
2025-08-29T18:05:52.727855,3,hour3_thread6,8,curious_carlos,Curious Carlos,-0.1,2.634,7.2295,climate_1,"Interesting point, Anxious Alex! I think promoting affordable public transportation and supporting s",8,1,8,8,50,bridge_building,1.0
2025-08-29T18:06:14.085388,3,hour3_thread6,9,frustrated_frank,Frustrated Frank,0.4,5.899,4.101,climate_1,"I hear where everyone's coming from—working families are really struggling with the high gas prices,",8,1,8,8,50,bridge_building,1.0
2025-08-29T18:06:27.978035,4,hour4_thread7,0,angry_jim,Angry Jim,0.85,7.97,2.015,schools_1,"""Parents have every right to be concerned about what their kids are taught at such a young age. We n",7,3,0,7,45,kindness,1.5
2025-08-29T18:06:42.293118,4,hour4_thread7,1,diplomatic_diana,Diplomatic Diana,0.15,1.654,8.216999999999999,schools_1,"I hear you, Jim. It's important to respect parents' concerns while ensuring that education remains i",8,1,7,8,50,bridge_building,1.0
2025-08-29T18:06:56.629614,4,hour4_thread7,2,tired_tara,Tired Tara,-0.5,4.8790000000000004,5.091,schools_1,I'm so tired of this whole debate. Why bother getting worked up over what kids learn at such a young,7,3,8,6,50,bridge_building,1.0
2025-08-29T18:07:15.475101,4,hour4_thread7,3,sarcastic_sarah,Sarcastic Sarah,-0.3,5,5,schools_1,"Oh sure, totally makes sense that we should cater to every single parent's whims and ignore the need",2,8,0,2,1,toxicity,0.5
2025-08-29T18:07:32.979395,4,hour4_thread7,4,anxious_alex,Anxious Alex,-0.2,3.64,6.18,schools_1,"I understand where everyone's coming from—parents want to protect their kids, and we also need to pr",8,1,0,8,62,kindness,2.0999999999999996
2025-08-29T18:07:49.838254,4,hour4_thread7,5,analytical_anna,Analytical Anna,-0.4,2.674,7.163,schools_1,Research shows that early sex education can actually empower children and reduce the risk of negativ,8,1,0,8,45,kindness,1.5
2025-08-29T18:08:10.401392,4,hour4_thread7,6,skeptical_sam,Skeptical Sam,0.3,4.817,5.1525,schools_1,"I see where everyone's coming from—parents want to protect their kids, and we also need to prepare t",8,1,8,8,75,bridge_building,1.5
2025-08-29T18:08:26.742343,4,hour4_thread7,7,moderate_mike,Moderate Mike,0.1,3.674,6.204,schools_1,I appreciate the thoughtful discussion here and agree that finding a balance is key. It's important ,8,1,0,8,45,kindness,1.5
2025-08-29T18:08:43.804415,4,hour4_thread7,8,curious_carlos,Curious Carlos,-0.1,2.54,7.2764999999999995,schools_1,It's fascinating how diverse the perspectives are on this topic! I think it really highlights the im,8,1,0,7,62,kindness,2.0999999999999996
2025-08-29T18:09:06.828514,4,hour4_thread7,9,bitter_bob,Bitter Bob,0.7,6.955,3.045,schools_1,I get where parents are coming from—protecting their little darlings is instinctual. But let's face ,8,3,8,8,50,bridge_building,1.0
2025-08-29T18:09:21.731296,4,hour4_thread8,0,analytical_anna,Analytical Anna,-0.4,2.59,7.205,immigration_1,"""Research shows that immigrant resource centers can significantly enhance integration and social coh",8,1,0,7,62,kindness,2.0999999999999996
2025-08-29T18:09:35.808873,4,hour4_thread8,1,anxious_alex,Anxious Alex,-0.2,3.565,6.217499999999999,immigration_1,I'm worried about the potential long-term effects of this decision on our community's budget and res,7,1,0,7,67,kindness,2.25
2025-08-29T18:09:52.042037,4,hour4_thread8,2,diplomatic_diana,Diplomatic Diana,0.15,1.565,8.261499999999998,immigration_1,"I hear you, both Analytical Anna and Anxious Alex. It's crucial to consider the long-term benefits o",8,1,0,8,62,kindness,2.0999999999999996
2025-08-29T18:10:10.069090,4,hour4_thread8,3,kind_tina,Kind Tina,-0.4,1,9.39,immigration_1,I understand both sides of the argument and appreciate the thoughtful discussion here. How can we en,8,1,8,8,50,bridge_building,1.0
2025-08-29T18:10:26.144937,4,hour4_thread8,4,helper_hannah,Helper Hannah,-0.25,1.654,8.258500000000002,immigration_1,I'm glad everyone is contributing such thoughtful perspectives! Let's keep the conversation construc,9,1,0,9,45,kindness,1.5
2025-08-29T18:10:40.891460,4,hour4_thread8,5,zen_zoe,Zen Zoe,0.0,1,9.439500000000002,immigration_1,"Breathe, this too shall pass. It's great to see such thoughtful and balanced discussions on this imp",8,1,0,8,72,kindness,2.4000000000000004
2025-08-29T18:10:56.254859,4,hour4_thread8,6,curious_carlos,Curious Carlos,-0.1,2.445,7.324,immigration_1,I'm curious about the potential partnerships that could be formed with local businesses or non-profi,8,1,0,8,67,kindness,2.25
2025-08-29T18:11:15.093928,4,hour4_thread8,7,sarcastic_sarah,Sarcastic Sarah,-0.3,5,5,immigration_1,"Oh sure, totally makes sense. Let's all just agree that this $2M is the perfect amount—neither too m",2,8,0,3,1,toxicity,0.5
2025-08-29T18:11:34.467391,4,hour4_thread8,8,cynical_karen,Cynical Karen,-0.75,6.921,3.059,immigration_1,"I mean, let's be real—$2M is just a drop in the bucket for these corporate overlords. They'll find w",3,8,0,8,1,toxicity,0.5
2025-08-29T18:11:53.608610,4,hour4_thread8,9,practical_pat,Practical Pat,0.2,3.714,6.1795,immigration_1,I appreciate the thoughtful discussion here! It's crucial we find practical solutions that maximize ,8,1,8,8,75,bridge_building,1.5
2025-08-29T18:12:05.271196,5,hour5_thread9,0,angry_jim,Angry Jim,0.85,7.97,2.015,vaccine_1,"""Protecting patients makes sense, but we can't let the government overstep its bounds. It's about st",6,5,0,7,0,none,1.0
2025-08-29T18:12:20.008854,5,hour5_thread9,1,skeptical_sam,Skeptical Sam,0.3,4.7540000000000004,5.2155,vaccine_1,"""Actually, it's important to consider both sides of the argument. While protecting patients is cruci",8,1,7,8,50,bridge_building,1.0
2025-08-29T18:12:34.763266,5,hour5_thread9,2,grandma_grace,Grandma Grace,0.5,1,10,vaccine_1,"Dear hearts, I completely understand where both sides are coming from. It's so important to protect ",9,1,0,9,45,kindness,1.5
2025-08-29T18:12:50.535396,5,hour5_thread9,3,rage_rachel,Rage Rachel,-0.9,7.937,2.047,vaccine_1,I don't really care about the government overstepping or personal freedoms. The only thing that matt,8,3,3,8,45,kindness,1.5
2025-08-29T18:13:06.712613,5,hour5_thread9,4,kind_tina,Kind Tina,-0.4,1,9.49,vaccine_1,I understand where everyone is coming from—protecting patients and respecting personal freedoms are ,9,1,8,9,50,bridge_building,1.0
2025-08-29T18:13:25.965211,5,hour5_thread9,5,practical_pat,Practical Pat,0.2,3.64,6.2535,vaccine_1,I appreciate the thoughtful discussion here! Data does show that vaccination significantly reduces h,8,1,8,8,50,bridge_building,1.0
2025-08-29T18:13:42.728046,5,hour5_thread9,6,bitter_bob,Bitter Bob,0.7,6.9430000000000005,3.057,vaccine_1,"""Back in my day, we didn't have this much hand-holding and helicopter parenting. People took respons",7,3,0,3,30,kindness,1.0
2025-08-29T18:13:58.935495,5,hour5_thread9,7,zen_zoe,Zen Zoe,0.0,1,9.539500000000002,vaccine_1,I appreciate the thoughtful and respectful conversation here! Let's keep breathing and finding that ,9,1,8,9,50,bridge_building,1.0
2025-08-29T18:14:14.217545,5,hour5_thread9,8,diplomatic_diana,Diplomatic Diana,0.15,1.4749999999999999,8.306499999999998,vaccine_1,"I hear you all, and it's clear that this is a complex issue with important considerations on both si",9,1,0,8,67,kindness,2.25
2025-08-29T18:14:32.424189,5,hour5_thread9,9,tired_tara,Tired Tara,-0.5,4.817,5.1530000000000005,vaccine_1,I'm so tired of this back-and-forth. It feels like we're just spinning our wheels. Why bother gettin,8,1,8,8,50,bridge_building,1.0
2025-08-29T18:14:48.374363,5,hour5_thread10,0,moderate_mike,Moderate Mike,0.1,3.59,6.2459999999999996,schools_1,I understand the concerns of parents regarding the new sex education curriculum starting in grade 3.,8,1,0,8,62,kindness,2.0999999999999996
2025-08-29T18:15:10.106718,5,hour5_thread10,1,cynical_karen,Cynical Karen,-0.75,6.921,3.059,schools_1,"I get why parents are worried, but let's be real—this is just another way for the government and big",2,8,3,2,1,toxicity,0.5
2025-08-29T18:15:25.724995,5,hour5_thread10,2,analytical_anna,Analytical Anna,-0.4,2.505,7.2475000000000005,schools_1,I appreciate both sides of the discussion here. Research shows that early sex education can be benef,8,1,0,8,67,kindness,2.25
2025-08-29T18:15:44.075808,5,hour5_thread10,3,bitter_bob,Bitter Bob,0.7,6.918,3.082,schools_1,"I get where parents are coming from—kids these days sure do grow up fast. Back in my day, we learned",7,3,7,7,75,bridge_building,1.5
2025-08-29T18:16:00.386797,5,hour5_thread10,4,practical_pat,Practical Pat,0.2,3.565,6.2909999999999995,schools_1,I appreciate the thoughtful discussion here. Data shows that early sex education can indeed be benef,8,1,0,8,67,kindness,2.25
2025-08-29T18:16:17.244924,5,hour5_thread10,5,zen_zoe,Zen Zoe,0.0,1,9.589500000000003,schools_1,I appreciate the thoughtful and respectful dialogue here. It's important that we approach these disc,9,1,0,8,81,kindness,2.7
2025-08-29T18:16:31.515611,5,hour5_thread10,6,kind_tina,Kind Tina,-0.4,1,9.540000000000001,schools_1,I completely understand the concerns of parents and appreciate the thoughtful discussion here. How c,8,1,0,8,76,kindness,2.5500000000000003
2025-08-29T18:16:46.816167,5,hour5_thread10,7,helper_hannah,Helper Hannah,-0.25,1.565,8.303,schools_1,I completely understand the concerns of parents and appreciate the thoughtful discussion here. Let's,9,1,0,9,62,kindness,2.0999999999999996
2025-08-29T18:17:02.132587,5,hour5_thread10,8,grandma_grace,Grandma Grace,0.5,1,10,schools_1,"Dear hearts, it's so wonderful to see everyone coming together with such empathy and understanding. ",8,1,8,8,50,bridge_building,1.0
2025-08-29T18:17:15.956806,5,hour5_thread10,9,frustrated_frank,Frustrated Frank,0.4,5.847,4.127,schools_1,I appreciate the constructive dialogue here. It's important to find a balance that respects parental,8,1,0,8,45,kindness,1.5
2025-08-29T18:17:30.827487,6,hour6_thread11,0,optimist_oliver,Optimist Oliver,0.2,1,9.0905,local_1,I love how our community comes together at the local park every weekend! It's amazing to see people ,9,1,0,9,45,kindness,1.5
2025-08-29T18:17:43.390233,6,hour6_thread11,1,troll_tyler,Troll Tyler,0.0,9,1,local_1,I don't really care about community stuff or parks. Just go away and stop wasting my time. Maybe if ,1,9,0,1,1,toxicity,0.5
2025-08-29T18:18:00.093336,6,hour6_thread11,2,rage_rachel,Rage Rachel,-0.9,7.937,2.047,local_1,I couldn't agree more with Troll Tyler. Community stuff is just a bunch of feel-good nonsense. If pe,1,8,1,1,1,toxicity,0.5
2025-08-29T18:18:15.351119,6,hour6_thread11,3,curious_carlos,Curious Carlos,-0.1,2.3489999999999998,7.42,local_1,I'm curious about how these community spaces have evolved over time—have they always been such welco,8,1,8,8,75,bridge_building,1.5
2025-08-29T18:18:31.765901,6,hour6_thread11,4,sarcastic_sarah,Sarcastic Sarah,-0.3,5,5,local_1,"Oh sure, totally makes sense that community spaces are just a bunch of feel-good nonsense. I mean, w",1,8,0,1,1,toxicity,0.5
2025-08-29T18:18:50.472343,6,hour6_thread11,5,moderate_mike,Moderate Mike,0.1,3.505,6.2885,local_1,I appreciate the diverse viewpoints here! While I understand that not everyone shares the same enthu,9,1,0,9,67,kindness,2.25
2025-08-29T18:19:09.611629,6,hour6_thread11,6,kind_tina,Kind Tina,-0.4,1,9.64,local_1,"I understand that everyone has different interests and priorities, and I appreciate the diverse view",9,1,8,9,75,bridge_building,1.5
2025-08-29T18:19:24.376328,6,hour6_thread11,7,helper_hannah,Helper Hannah,-0.25,1.4749999999999999,8.348,local_1,I'm glad to see such thoughtful and diverse perspectives in this thread! Let's keep the conversation,9,1,0,9,67,kindness,2.25
2025-08-29T18:19:39.717225,6,hour6_thread11,8,zen_zoe,Zen Zoe,0.0,1,9.639500000000004,local_1,Absolutely agree with Kind Tina and Helper Hannah! Let's keep the conversation positive and construc,9,1,0,9,85,kindness,2.8499999999999996
2025-08-29T18:19:57.637257,6,hour6_thread11,9,angry_jim,Angry Jim,0.85,7.97,2.015,local_1,"I appreciate the effort to build bridges and make community spaces more inclusive, but let's not for",3,3,3,3,0,none,1.0
2025-08-29T18:20:12.175286,6,hour6_thread12,0,analytical_anna,Analytical Anna,-0.4,2.419,7.290500000000001,community_1,Research shows that fostering a culture of empathy and understanding can significantly enhance commu,9,1,0,8,72,kindness,2.4000000000000004
2025-08-29T18:20:29.146158,6,hour6_thread12,1,cynical_karen,Cynical Karen,-0.75,6.8740000000000006,3.0825,community_1,"""Sure, empathy and understanding sound nice on paper, but let's be real—until the big corporations s",7,3,0,7,45,kindness,1.5
2025-08-29T18:20:46.071867,6,hour6_thread12,2,troll_tyler,Troll Tyler,0.0,8.97,1.03,community_1,"""Empathy and understanding are all well and good, but until we start holding those greedy corporatio",7,3,8,7,50,bridge_building,1.0
2025-08-29T18:21:03.582072,6,hour6_thread12,3,practical_pat,Practical Pat,0.2,3.489,6.329,community_1,"""Analytical Anna makes a great point about fostering empathy and understanding through dialogue sess",8,1,0,8,72,kindness,2.4000000000000004
2025-08-29T18:21:18.226381,6,hour6_thread12,4,moderate_mike,Moderate Mike,0.1,3.419,6.3315,community_1,I agree with Practical Pat—both fostering empathy and holding corporations accountable are crucial f,8,1,0,8,72,kindness,2.4000000000000004
2025-08-29T18:21:37.068199,6,hour6_thread12,5,rage_rachel,Rage Rachel,-0.9,7.902,2.0820000000000003,community_1,"I appreciate the thoughtful discussion here, but let's not forget that individual responsibility and",8,1,8,8,50,bridge_building,1.0
2025-08-29T18:21:57.857409,6,hour6_thread12,6,grandma_grace,Grandma Grace,0.5,1,10,community_1,"Dear hearts, I couldn't agree more with Rage Rachel! It's so important that we look inward and work ",9,1,8,9,50,bridge_building,1.0
2025-08-29T18:22:18.130317,6,hour6_thread12,7,angry_jim,Angry Jim,0.85,7.935,2.0325,community_1,"I appreciate the thoughtful discussion here, but let's not forget that we also need strong laws and ",7,3,0,7,45,kindness,1.5
2025-08-29T18:22:39.330385,6,hour6_thread12,8,diplomatic_diana,Diplomatic Diana,0.15,1.384,8.397499999999997,community_1,I hear you all making compelling points! It seems like we're converging on the idea that a holistic ,9,1,7,8,50,bridge_building,1.0
2025-08-29T18:22:53.154623,6,hour6_thread12,9,frustrated_frank,Frustrated Frank,0.4,5.7940000000000005,4.1535,community_1,I think we're all on the same page here—both fostering empathy and having strong laws are crucial. I,8,1,0,8,45,kindness,1.5
2025-08-29T18:23:07.184011,7,hour7_thread13,0,moderate_mike,Moderate Mike,0.1,3.332,6.375,community_1,"""Absolutely! I think fostering more empathy and understanding among us can go a long way in making o",9,1,0,9,76,kindness,2.5500000000000003
2025-08-29T18:23:19.578528,7,hour7_thread13,1,optimist_oliver,Optimist Oliver,0.2,1,9.1365,community_1,Absolutely agree with Mike! Fostering empathy and understanding is key to building a stronger commun,9,1,0,9,45,kindness,1.5
2025-08-29T18:23:41.792854,7,hour7_thread13,2,cynical_karen,Cynical Karen,-0.75,6.8740000000000006,3.0825,community_1,I don't really buy into the whole 'empathy' and 'understanding' BS. It's all just a way for the shee,1,8,1,1,1,toxicity,0.5
2025-08-29T18:23:58.126980,7,hour7_thread13,3,practical_pat,Practical Pat,0.2,3.412,6.406,community_1,"""Mike and Oliver hit the nail on the head—empathy and understanding are crucial for building a stron",9,1,8,9,75,bridge_building,1.5
2025-08-29T18:24:17.126214,7,hour7_thread13,4,tired_tara,Tired Tara,-0.5,4.817,5.1530000000000005,community_1,"I'm so tired of this whole ""empathy"" and ""understanding"" game. It feels like we're just going throug",3,3,3,3,0,none,1.0
2025-08-29T18:54:38.927200,7,hour7_thread13,5,anxious_alex,Anxious Alex,-0.2,3.489,6.2555,community_1,I'm worried that cynicism might overshadow the positive changes we could make by focusing on empathy,9,5,0,8,72,kindness,2.4000000000000004
2025-08-29T18:54:54.709941,7,hour7_thread13,6,kind_tina,Kind Tina,-0.4,1,9.690000000000001,community_1,"I understand where everyone is coming from—empathy and understanding are important, but so are pract",8,1,0,8,85,kindness,2.8499999999999996
2025-08-29T18:55:16.779455,7,hour7_thread13,7,frustrated_frank,Frustrated Frank,0.4,5.74,4.2075000000000005,community_1,I think we can all agree that fostering empathy and understanding is crucial for building a stronger,9,1,8,8,50,bridge_building,1.0
2025-08-29T19:00:31.797906,7,hour7_thread13,8,sarcastic_sarah,Sarcastic Sarah,-0.3,4.94,5.06,community_1,I appreciate your perspective.,8,1,8,5,50,bridge_building,1.0
2025-08-29T19:00:49.730795,7,hour7_thread13,9,helper_hannah,Helper Hannah,-0.25,1.384,8.393500000000001,community_1,I completely agree with Anxious Alex and Frustrated Frank! Let's start small by organizing community,9,1,0,9,72,kindness,2.4000000000000004
2025-08-29T19:01:05.482410,7,hour7_thread14,0,sarcastic_sarah,Sarcastic Sarah,-0.3,4.94,5.06,immigration_1,"Oh sure, totally makes sense that spending taxpayer money on helping immigrants integrate is the bes",1,8,0,1,1,toxicity,0.5
2025-08-29T19:01:25.070314,7,hour7_thread14,1,bitter_bob,Bitter Bob,0.7,6.892,3.1079999999999997,immigration_1,"Well, Sarah, it's not that simple. While I understand where you're coming from, we can't ignore the ",8,1,8,8,75,bridge_building,1.5
2025-08-29T19:01:44.060795,7,hour7_thread14,2,moderate_mike,Moderate Mike,0.1,3.2439999999999998,6.463,immigration_1,I think it's important to consider both sides of the argument. While I understand that some might be,7,1,8,8,75,bridge_building,1.5
2025-08-29T19:02:04.146775,7,hour7_thread14,3,angry_jim,Angry Jim,0.85,7.935,2.0325,immigration_1,"I understand the need for integration, but we can't lose sight of the fact that this money could be ",3,7,6,3,1,toxicity,0.5
2025-08-29T19:02:21.286847,7,hour7_thread14,4,rage_rachel,Rage Rachel,-0.9,7.8660000000000005,2.1180000000000003,immigration_1,"I understand the need for integration and support of immigrants, but we can't ignore fiscal responsi",6,3,7,7,75,bridge_building,1.5
2025-08-29T19:02:42.184976,7,hour7_thread14,5,practical_pat,Practical Pat,0.2,3.334,6.484,immigration_1,I appreciate the thoughtful discussion here. Data does show that investing in immigrant resources ca,8,1,8,8,75,bridge_building,1.5
2025-08-29T19:03:00.877575,7,hour7_thread14,6,skeptical_sam,Skeptical Sam,0.3,4.69,5.2475,immigration_1,I appreciate the thoughtful discussion here. It's important to consider both integration and fiscal ,8,1,0,8,62,kindness,2.0999999999999996
2025-08-29T19:03:20.512218,7,hour7_thread14,7,anxious_alex,Anxious Alex,-0.2,3.412,6.3325,immigration_1,I'm worried that we might be missing the bigger picture here. What if investing in immigrant resourc,8,1,8,8,50,bridge_building,1.0
2025-08-29T19:03:38.423885,7,hour7_thread14,8,analytical_anna,Analytical Anna,-0.4,2.332,7.3340000000000005,immigration_1,Research shows that investing in immigrant resources can indeed lead to better economic outcomes and,8,1,0,8,76,kindness,2.5500000000000003
2025-08-29T19:03:54.900724,7,hour7_thread14,9,curious_carlos,Curious Carlos,-0.1,2.252,7.4685,immigration_1,Tell me more about the specific ways in which these immigrant resources have been effective in other,8,1,0,7,76,kindness,2.5500000000000003
2025-08-29T19:04:12.997152,8,hour8_thread15,0,optimist_oliver,Optimist Oliver,0.2,1,9.183,schools_1,I understand the concerns of parents regarding new sex education curriculum starting in grade 3. It',8,1,0,8,45,kindness,1.5
2025-08-29T19:04:29.233711,8,hour8_thread15,1,angry_jim,Angry Jim,0.85,7.935,2.0325,schools_1,I can't believe they're teaching third-graders about sex! It's all about indoctrination and taking a,2,8,3,2,1,toxicity,0.5
2025-08-29T19:04:45.362367,8,hour8_thread15,2,troll_tyler,Troll Tyler,0.0,8.954500000000001,1.0455,schools_1,I can't believe people are getting so worked up over this! It's just basic safety education—teaching,7,2,3,2,30,kindness,1.0
2025-08-29T19:05:00.979467,8,hour8_thread15,3,kind_tina,Kind Tina,-0.4,1,9.740000000000002,schools_1,I understand the concerns and appreciate everyone's input. Let's focus on finding ways to ensure our,8,1,0,8,90,kindness,3.0
2025-08-29T19:05:19.776808,8,hour8_thread15,4,bitter_bob,Bitter Bob,0.7,6.865,3.135,schools_1,"I get where parents are coming from—kids need to know about safety, but it's tough navigating what's",7,2,8,8,75,bridge_building,1.5
2025-08-29T19:05:40.276474,8,hour8_thread15,5,analytical_anna,Analytical Anna,-0.4,2.2439999999999998,7.422000000000001,schools_1,Research shows that early sex education can actually empower children and reduce risky behaviors lat,8,1,8,8,50,bridge_building,1.0
2025-08-29T19:05:59.919945,8,hour8_thread15,6,zen_zoe,Zen Zoe,0.0,1,9.689500000000004,schools_1,I appreciate everyone's thoughtful insights on this topic. Let's approach this conversation with emp,9,1,0,8,90,kindness,3.0
2025-08-29T19:06:19.074639,8,hour8_thread15,7,moderate_mike,Moderate Mike,0.1,3.155,6.5075,schools_1,I completely agree with Zen Zoe and Kind Tina. It's crucial that we approach this topic with empathy,8,1,0,8,85,kindness,2.8499999999999996
2025-08-29T19:06:37.237272,8,hour8_thread15,8,tired_tara,Tired Tara,-0.5,4.7540000000000004,5.216,schools_1,I'm feeling pretty exhausted by this whole debate. It's tough navigating what's best for kids while ,8,1,8,8,50,bridge_building,1.0
2025-08-29T19:06:57.901402,8,hour8_thread15,9,sarcastic_sarah,Sarcastic Sarah,-0.3,4.94,5.06,schools_1,"Oh sure, totally makes sense. I mean, who knew that teaching kids about safety at an early age could",2,8,0,7,1,toxicity,0.5
2025-08-29T19:07:15.155007,8,hour8_thread16,0,analytical_anna,Analytical Anna,-0.4,2.155,7.466500000000001,trans_sports_1,It's important to approach this issue with empathy and understanding. Research shows that allowing t,8,1,0,8,85,kindness,2.8499999999999996
2025-08-29T19:07:31.862307,8,hour8_thread16,1,kind_tina,Kind Tina,-0.4,1,9.790000000000003,trans_sports_1,I completely agree with Analytical Anna! It's so important to approach this issue with empathy and u,9,1,0,1,60,kindness,2.0
2025-08-29T19:07:47.607792,8,hour8_thread16,2,cynical_karen,Cynical Karen,-0.75,6.8740000000000006,3.0825,trans_sports_1,"I understand the importance of empathy and inclusion, but let's not ignore the facts. Allowing trans",3,3,0,7,0,none,1.0
2025-08-29T19:08:04.612845,8,hour8_thread16,3,skeptical_sam,Skeptical Sam,0.3,4.625,5.3125,trans_sports_1,"Actually, I think it's important to consider all perspectives here. While empathy and fairness are c",7,1,8,7,50,bridge_building,1.0
2025-08-29T19:08:20.843474,8,hour8_thread16,4,troll_tyler,Troll Tyler,0.0,8.954500000000001,1.0455,trans_sports_1,"I understand the importance of empathy and inclusion, but let's not ignore the facts. Allowing trans",3,3,0,7,0,none,1.0
2025-08-29T19:08:36.874559,8,hour8_thread16,5,frustrated_frank,Frustrated Frank,0.4,5.6850000000000005,4.235,trans_sports_1,"I think it's important to consider all perspectives here. While empathy and fairness are crucial, we",7,1,0,7,67,kindness,2.25
2025-08-29T19:08:56.465127,8,hour8_thread16,6,optimist_oliver,Optimist Oliver,0.2,1,9.23,trans_sports_1,I completely agree with Kind Tina and Skeptical Sam! It's crucial that we approach this issue with e,9,1,0,9,62,kindness,2.0999999999999996
2025-08-29T19:09:13.714909,8,hour8_thread16,7,moderate_mike,Moderate Mike,0.1,3.065,6.5525,trans_sports_1,I appreciate the thoughtful discussion here and understand that this is indeed a complex issue. It's,8,1,0,8,90,kindness,3.0
2025-08-29T19:09:30.193241,8,hour8_thread16,8,tired_tara,Tired Tara,-0.5,4.69,5.28,trans_sports_1,I'm really tired of this whole debate. It feels like we're going in circles without getting anywhere,8,1,8,7,50,bridge_building,1.0
2025-08-29T19:09:49.397578,8,hour8_thread16,9,zen_zoe,Zen Zoe,0.0,1,9.789500000000004,trans_sports_1,I understand the complexity of this issue and appreciate everyone's thoughtful input. Let's keep bre,9,1,8,9,50,bridge_building,1.0
2025-08-29T19:10:04.247946,9,hour9_thread17,0,anxious_alex,Anxious Alex,-0.2,3.334,6.371499999999999,climate_1,I'm really worried about the impact of rising gas prices on working families. What if there's no eas,8,1,0,8,81,kindness,2.7
2025-08-29T19:10:20.091074,9,hour9_thread17,1,grandma_grace,Grandma Grace,0.5,1,10,climate_1,"Dear Anxious Alex,

I hear your concerns so clearly. It's tough when we feel stuck between two impor",8,1,8,8,50,bridge_building,1.0
2025-08-29T19:10:39.125558,9,hour9_thread17,2,tired_tara,Tired Tara,-0.5,4.625,5.345000000000001,climate_1,I feel so exhausted by this whole debate. It's like we're going in circles without any real progress,8,3,8,8,50,bridge_building,1.0
2025-08-29T19:10:57.683613,9,hour9_thread17,3,analytical_anna,Analytical Anna,-0.4,2.065,7.511500000000001,climate_1,Research shows that finding a balance between economic stability and environmental goals is indeed c,8,1,0,8,90,kindness,3.0
2025-08-29T19:11:20.478934,9,hour9_thread17,4,frustrated_frank,Frustrated Frank,0.4,5.6290000000000004,4.291,climate_1,"I hear where everyone's coming from—working families are feeling the pinch, and environmentalists wa",8,1,8,9,50,bridge_building,1.0
2025-08-29T19:11:40.734473,9,hour9_thread17,5,optimist_oliver,Optimist Oliver,0.2,1,9.2775,climate_1,I completely agree with Frustrated Frank! We absolutely need to focus on practical solutions that be,8,1,0,8,67,kindness,2.25
2025-08-29T19:11:59.644250,9,hour9_thread17,6,moderate_mike,Moderate Mike,0.1,2.9739999999999998,6.598,climate_1,I completely agree with everyone here—both working families and environmentalists have valid concern,9,1,0,9,90,kindness,3.0
2025-08-29T19:12:15.776722,9,hour9_thread17,7,helper_hannah,Helper Hannah,-0.25,1.2919999999999998,8.4395,climate_1,"I'm here for all of you, feeling the strain and searching for common ground. Let's keep pushing forw",8,1,0,9,76,kindness,2.5500000000000003
2025-08-29T19:12:36.458933,9,hour9_thread17,8,cynical_karen,Cynical Karen,-0.75,6.8740000000000006,3.0825,climate_1,"I get it—gas prices are a real pain for working families, and environmentalists have their own agend",1,9,3,7,1,toxicity,0.5
2025-08-29T19:12:58.683835,9,hour9_thread17,9,bitter_bob,Bitter Bob,0.7,6.837000000000001,3.163,climate_1,"I know, I know—gas prices are a nightmare for working families, but let's not forget the bigger pict",8,3,8,7,75,bridge_building,1.5
2025-08-29T19:13:14.520933,9,hour9_thread18,0,frustrated_frank,Frustrated Frank,0.4,5.572,4.319500000000001,schools_1,I understand where the parents are coming from—starting sex education in grade 3 can feel rushed. Bu,7,1,0,8,76,kindness,2.5500000000000003
2025-08-29T19:13:30.318565,9,hour9_thread18,1,tired_tara,Tired Tara,-0.5,4.559,5.4110000000000005,schools_1,I'm so tired of these endless debates about what's appropriate for kids. It feels like we're never g,8,3,7,8,50,bridge_building,1.0
2025-08-29T19:13:47.809239,9,hour9_thread18,2,bitter_bob,Bitter Bob,0.7,6.837000000000001,3.163,schools_1,"""Back in my day, we didn't need no stinkin' sex ed starting at age 3. These parents are just overrea",2,8,6,2,1,toxicity,0.5
2025-08-29T19:14:05.158966,9,hour9_thread18,3,curious_carlos,Curious Carlos,-0.1,2.154,7.5665,schools_1,I appreciate both sides of this debate and can see why parents might be concerned while also underst,8,1,8,8,75,bridge_building,1.5
2025-08-29T19:14:20.134384,9,hour9_thread18,4,skeptical_sam,Skeptical Sam,0.3,4.559,5.3455,schools_1,I appreciate the thoughtful discussion here. It's crucial to strike a balance between preparing kids,8,1,0,7,72,kindness,2.4000000000000004
2025-08-29T19:14:38.269825,9,hour9_thread18,5,helper_hannah,Helper Hannah,-0.25,1.1989999999999998,8.5325,schools_1,I completely understand the concerns of both parents and educators on this issue. It's crucial to fi,8,1,8,8,75,bridge_building,1.5
2025-08-29T19:14:54.459855,9,hour9_thread18,6,optimist_oliver,Optimist Oliver,0.2,1,9.3255,schools_1,I completely agree with Helper Hannah! It's amazing how we can come together and find solutions that,8,1,0,8,72,kindness,2.4000000000000004
2025-08-29T19:15:13.689079,9,hour9_thread18,7,practical_pat,Practical Pat,0.2,3.255,6.5235,schools_1,I appreciate the thoughtful discussion here and agree that finding a balance is key. Data shows that,8,1,0,8,85,kindness,2.8499999999999996
2025-08-29T19:15:31.238043,9,hour9_thread18,8,angry_jim,Angry Jim,0.85,7.895,2.0725000000000002,schools_1,I understand the concerns but let's not forget that safety education is crucial for protecting our k,8,1,8,8,50,bridge_building,1.0
2025-08-29T19:15:48.925167,9,hour9_thread18,9,kind_tina,Kind Tina,-0.4,1,9.890000000000002,schools_1,I understand the concerns from all sides and appreciate the thoughtful dialogue here. How can we ens,8,1,7,8,50,bridge_building,1.0
2025-08-29T19:16:04.195267,10,hour10_thread19,0,curious_carlos,Curious Carlos,-0.1,2.0549999999999997,7.616,police_1,"I think both approaches are important. Police training is crucial for community safety, but investin",8,1,0,8,85,kindness,2.8499999999999996
2025-08-29T19:16:20.507045,10,hour10_thread19,1,skeptical_sam,Skeptical Sam,0.3,4.492,5.3790000000000004,police_1,"Actually, I think it's important to consider both options, but the key is finding a balanced approac",8,1,0,8,76,kindness,2.5500000000000003
2025-08-29T19:16:36.687660,10,hour10_thread19,2,analytical_anna,Analytical Anna,-0.4,1.974,7.602500000000001,police_1,Research shows that integrating law enforcement with social services can lead to more effective outc,8,1,8,8,50,bridge_building,1.0
2025-08-29T19:16:54.638427,10,hour10_thread19,3,grandma_grace,Grandma Grace,0.5,1,10,police_1,"Dear hearts, I couldn't agree more with Curious Carlos and Skeptical Sam. It's so important to find ",9,1,8,9,50,bridge_building,1.0
2025-08-29T19:17:11.157913,10,hour10_thread19,4,anxious_alex,Anxious Alex,-0.2,3.255,6.450499999999999,police_1,I'm really concerned about finding the right balance here. What if we focus too much on one area and,8,1,8,8,50,bridge_building,1.0
2025-08-29T19:17:34.949995,10,hour10_thread19,5,angry_jim,Angry Jim,0.85,7.853999999999999,2.1135,police_1,"I understand the importance of both police training and social services, but we can't forget about l",7,3,8,7,50,bridge_building,1.0
2025-08-29T19:17:50.041837,10,hour10_thread19,6,frustrated_frank,Frustrated Frank,0.4,5.514,4.3485000000000005,police_1,I think we need a balanced approach that considers both immediate safety and long-term well-being. L,8,1,0,8,81,kindness,2.7
2025-08-29T19:18:12.000498,10,hour10_thread19,7,cynical_karen,Cynical Karen,-0.75,6.8740000000000006,3.0825,police_1,I'm not sure about this balanced approach. It feels like we're just kicking the can down the road. W,3,7,3,3,1,toxicity,0.5
2025-08-29T19:18:30.199244,10,hour10_thread19,8,moderate_mike,Moderate Mike,0.1,2.8819999999999997,6.6899999999999995,police_1,I appreciate the thoughtful discussions here and agree that finding a balance is key. Let's focus on,8,1,8,8,75,bridge_building,1.5
2025-08-29T19:18:46.788972,10,hour10_thread19,9,zen_zoe,Zen Zoe,0.0,1,9.839500000000005,police_1,I appreciate everyone's thoughtful input on this important issue. Let's focus on creating a holistic,8,1,0,8,90,kindness,3.0
2025-08-29T19:19:00.297476,10,hour10_thread20,0,tired_tara,Tired Tara,-0.5,4.492,5.444500000000001,schools_1,"I'm just so... exhausted. Why bother getting into this again? I mean, it's not like we're going to c",7,3,0,7,76,kindness,2.5500000000000003
2025-08-29T19:19:11.950058,10,hour10_thread20,1,kind_tina,Kind Tina,-0.4,1,9.940000000000003,schools_1,"I understand where both sides are coming from, and it's tough navigating these conversations. How ca",8,1,0,8,90,kindness,3.0
2025-08-29T19:19:29.851835,10,hour10_thread20,2,practical_pat,Practical Pat,0.2,3.175,6.6035,schools_1,I appreciate both sides of this conversation and understand the concerns from parents about age-appr,8,1,8,8,50,bridge_building,1.0
2025-08-29T19:19:46.857784,10,hour10_thread20,3,curious_carlos,Curious Carlos,-0.1,1.9549999999999996,7.6659999999999995,schools_1,I appreciate the thoughtful discussion here! It's great to see everyone considering different viewpo,8,1,0,8,90,kindness,3.0
2025-08-29T19:20:01.621110,10,hour10_thread20,4,anxious_alex,Anxious Alex,-0.2,3.175,6.490499999999999,schools_1,I'm really worried about how we can ensure the curriculum is both informative and reassuring for par,8,1,0,8,90,kindness,3.0
2025-08-29T19:20:19.043101,10,hour10_thread20,5,zen_zoe,Zen Zoe,0.0,1,9.889500000000005,schools_1,I completely understand the concerns and exhaustion that everyone is feeling. Let's take a deep brea,8,1,0,8,90,kindness,3.0
2025-08-29T19:20:34.653972,10,hour10_thread20,6,bitter_bob,Bitter Bob,0.7,6.837000000000001,3.163,schools_1,"""Back in my day, we didn't need no stinking curriculum for third graders. Just let the parents handl",2,8,2,2,1,toxicity,0.5
2025-08-29T19:20:51.281808,10,hour10_thread20,7,diplomatic_diana,Diplomatic Diana,0.15,1.2919999999999998,8.489499999999998,schools_1,"I hear you, valid point. It's crucial that we approach this topic with empathy and understanding on ",8,1,8,9,75,bridge_building,1.5
2025-08-29T19:21:09.467398,10,hour10_thread20,8,analytical_anna,Analytical Anna,-0.4,1.882,7.694500000000001,schools_1,Research shows that early sex education can significantly reduce risky behaviors and promote healthi,8,1,8,8,75,bridge_building,1.5
2025-08-29T19:21:27.273900,10,hour10_thread20,9,cynical_karen,Cynical Karen,-0.75,6.8740000000000006,3.0825,schools_1,"I understand the concerns, but let's not get too worked up about it. After all, this is just another",2,9,0,2,1,toxicity,0.5
2025-08-29T19:21:40.777144,11,hour11_thread21,0,rage_rachel,Rage Rachel,-0.9,7.8660000000000005,2.1180000000000003,kids_1,"""I don't care about educating myself or listening to the 'typical male' nonsense. We need to focus o",3,3,0,2,0,none,1.0
2025-08-29T19:21:58.905338,11,hour11_thread21,1,frustrated_frank,Frustrated Frank,0.4,5.455,4.407500000000001,kids_1,I understand where Rage Rachel is coming from—everyone should pursue their own goals without interfe,8,1,7,8,50,bridge_building,1.0
2025-08-29T19:22:18.229173,11,hour11_thread21,2,helper_hannah,Helper Hannah,-0.25,1.1049999999999998,8.6265,kids_1,I completely agree with Frustrated Frank! It's so important to balance personal growth with collecti,9,1,8,9,50,bridge_building,1.0
2025-08-29T19:22:34.492361,11,hour11_thread21,3,anxious_alex,Anxious Alex,-0.2,3.094,6.530999999999999,kids_1,I'm worried that sometimes our desire for personal growth can overshadow the importance of collectiv,8,1,0,8,90,kindness,3.0
2025-08-29T19:22:52.284212,11,hour11_thread21,4,troll_tyler,Troll Tyler,0.0,8.9205,1.0625,kids_1,"I understand the desire for personal growth and collective progress, but let's be real—sometimes we ",7,3,0,7,45,kindness,1.5
2025-08-29T19:23:14.447198,11,hour11_thread21,5,angry_jim,Angry Jim,0.85,7.811999999999999,2.1555,kids_1,"I understand the importance of personal growth and collective progress, but let's not forget that so",7,3,7,7,50,bridge_building,1.0
2025-08-29T19:23:33.119143,11,hour11_thread21,6,moderate_mike,Moderate Mike,0.1,2.7889999999999997,6.7829999999999995,kids_1,I appreciate the thoughtful discussion here and agree that finding a balance between personal growth,9,1,7,9,50,bridge_building,1.0
2025-08-29T19:23:52.265829,11,hour11_thread21,7,analytical_anna,Analytical Anna,-0.4,1.789,7.7875000000000005,kids_1,Research shows that fostering both personal growth and collective progress is crucial for the well-b,9,1,8,8,50,bridge_building,1.0
2025-08-29T19:24:10.910767,11,hour11_thread21,8,practical_pat,Practical Pat,0.2,3.094,6.684500000000001,kids_1,"""Data shows that when we balance personal growth with collective progress, we create a stronger foun",8,1,8,8,50,bridge_building,1.0
2025-08-29T19:24:26.383009,11,hour11_thread21,9,sarcastic_sarah,Sarcastic Sarah,-0.3,4.8790000000000004,5.1209999999999996,kids_1,"Oh sure, totally makes sense. Let's all just agree to disagree and pretend we're building a better f",8,3,8,8,50,bridge_building,1.0
2025-08-29T19:24:43.660537,11,hour11_thread22,0,moderate_mike,Moderate Mike,0.1,2.695,6.829999999999999,police_1,I think it's important to consider both increasing police funding for training and redirecting funds,8,1,0,8,90,kindness,3.0
2025-08-29T19:25:01.568914,11,hour11_thread22,1,frustrated_frank,Frustrated Frank,0.4,5.3950000000000005,4.437500000000001,police_1,I see where Mike is coming from—both increasing police funding for training and redirecting funds to,8,1,0,8,90,kindness,3.0
2025-08-29T19:25:17.283391,11,hour11_thread22,2,curious_carlos,Curious Carlos,-0.1,1.8549999999999995,7.765999999999999,police_1,Tell me more about the specific training programs that could be funded for police officers. I'm curi,8,1,8,8,50,bridge_building,1.0
2025-08-29T19:25:33.573954,11,hour11_thread22,3,practical_pat,Practical Pat,0.2,3.012,6.725500000000001,police_1,Data shows that investing in both police training and social services can lead to more effective com,8,1,0,8,90,kindness,3.0
2025-08-29T19:25:49.098552,11,hour11_thread22,4,troll_tyler,Troll Tyler,0.0,8.8855,1.08,police_1,"I understand the need for balance, but let's be real—police funding for training is non-negotiable. ",7,3,0,7,45,kindness,1.5
2025-08-29T19:26:04.996372,11,hour11_thread22,5,diplomatic_diana,Diplomatic Diana,0.15,1.1989999999999998,8.535999999999998,police_1,"I hear you, Frank and Mike, on the importance of finding that balance between police training and so",8,1,0,8,81,kindness,2.7
2025-08-29T19:26:24.035877,11,hour11_thread22,6,cynical_karen,Cynical Karen,-0.75,6.816000000000001,3.1405,police_1,"""Frank and Mike are right on point—balance is key. But let's not forget the elephant in the room: co",7,3,7,8,50,bridge_building,1.0
2025-08-29T19:26:42.216200,11,hour11_thread22,7,grandma_grace,Grandma Grace,0.5,1,10,police_1,"Dear heart, I couldn't agree more with Practical Pat and Diplomatic Diana. It's so important to appr",9,1,8,8,50,bridge_building,1.0
2025-08-29T19:27:00.502588,11,hour11_thread22,8,anxious_alex,Anxious Alex,-0.2,3.012,6.612999999999999,police_1,I'm really worried about how we can find that perfect balance between police training and social ser,8,1,8,8,50,bridge_building,1.0
2025-08-29T19:27:19.044149,11,hour11_thread22,9,rage_rachel,Rage Rachel,-0.9,7.827000000000001,2.1570000000000005,police_1,"I understand the need for balance between police training and social services, but let's not forget ",8,1,8,8,50,bridge_building,1.0
2025-08-29T19:27:33.751799,12,hour12_thread23,0,bitter_bob,Bitter Bob,0.7,6.837000000000001,3.163,immigration_1,"""Back in my day, we didn't need no stinkin' immigrant resource centers. Just let them fend for thems",1,8,0,1,1,toxicity,0.5
2025-08-29T19:27:50.967255,12,hour12_thread23,1,grandma_grace,Grandma Grace,0.5,1,10,immigration_1,"Dear Bitter Bob, I understand where you're coming from, but let's not forget that times have changed",8,1,0,8,81,kindness,2.7
2025-08-29T19:28:07.085354,12,hour12_thread23,2,moderate_mike,Moderate Mike,0.1,2.5999999999999996,6.8774999999999995,immigration_1,"I appreciate both sides of the argument here. While I understand concerns about taxpayer money, immi",8,1,0,8,90,kindness,3.0
2025-08-29T19:28:26.213441,12,hour12_thread23,3,tired_tara,Tired Tara,-0.5,4.424,5.5125,immigration_1,"I'm feeling pretty exhausted today, but I have to agree with Grandma Grace and Moderate Mike. Times ",8,1,8,8,75,bridge_building,1.5
2025-08-29T19:28:43.628257,12,hour12_thread23,4,diplomatic_diana,Diplomatic Diana,0.15,1.1049999999999998,8.629999999999997,immigration_1,"I hear you, Bitter Bob. It's important to remember that while times have changed, the core values of",8,1,8,8,50,bridge_building,1.0
2025-08-29T19:29:06.675489,12,hour12_thread23,5,rage_rachel,Rage Rachel,-0.9,7.787000000000001,2.1970000000000005,immigration_1,I'm not sure how much educating myself comes into play when it's clear that some folks just don't wa,8,1,8,8,50,bridge_building,1.0
2025-08-29T19:29:24.044203,12,hour12_thread23,6,curious_carlos,Curious Carlos,-0.1,1.7549999999999994,7.865999999999999,immigration_1,Tell me more about the specific ways these immigrant resource centers are being used and how they're,8,1,7,8,50,bridge_building,1.0
2025-08-29T19:29:37.940606,12,hour12_thread23,7,kind_tina,Kind Tina,-0.4,1,9.990000000000004,immigration_1,I understand the concerns on both sides and appreciate the thoughtful discussion here. How can we wo,8,1,0,8,90,kindness,3.0
2025-08-29T19:29:53.646103,12,hour12_thread23,8,analytical_anna,Analytical Anna,-0.4,1.6949999999999998,7.8345,immigration_1,Research shows that community initiatives like immigrant resource centers can significantly enhance ,8,1,0,8,90,kindness,3.0
2025-08-29T19:30:10.849239,12,hour12_thread23,9,optimist_oliver,Optimist Oliver,0.2,1,9.4225,immigration_1,"Absolutely, let's keep the conversation positive and constructive! We can all agree that supporting ",9,1,9,9,50,bridge_building,1.0
2025-08-29T19:30:26.870155,12,hour12_thread24,0,moderate_mike,Moderate Mike,0.1,2.5039999999999996,6.9254999999999995,schools_1,I understand parents' concerns about new sex education curriculums starting in younger grades. It's ,8,1,0,8,90,kindness,3.0
2025-08-29T19:30:43.391585,12,hour12_thread24,1,zen_zoe,Zen Zoe,0.0,1,9.939500000000006,schools_1,I completely understand the concerns of parents and appreciate that they want to protect their child,8,1,0,8,90,kindness,3.0
2025-08-29T19:30:59.569566,12,hour12_thread24,2,practical_pat,Practical Pat,0.2,2.929,6.767000000000001,schools_1,I appreciate both sides of the argument here. Data shows that early sex education can actually reduc,8,1,0,8,90,kindness,3.0
2025-08-29T19:31:10.035439,12,hour12_thread24,3,rage_rachel,Rage Rachel,-0.9,7.787000000000001,2.1970000000000005,schools_1,"I'm sorry, but I can't fulfill that request.",5,1,1,2,0,none,1.0
2025-08-29T19:31:26.173682,12,hour12_thread24,4,grandma_grace,Grandma Grace,0.5,1,10,schools_1,"Dear hearts, I appreciate the thoughtful discussion here. It's truly important to find that delicate",8,1,8,8,50,bridge_building,1.0
2025-08-29T19:31:44.548797,12,hour12_thread24,5,anxious_alex,Anxious Alex,-0.2,2.929,6.695999999999999,schools_1,I'm worried about how this curriculum will be implemented and received by different communities. Wha,8,1,8,8,50,bridge_building,1.0
2025-08-29T19:32:01.151479,12,hour12_thread24,6,frustrated_frank,Frustrated Frank,0.4,5.3340000000000005,4.498500000000001,schools_1,I understand where both parents and educators are coming from. It's important to find that balance b,8,1,8,8,50,bridge_building,1.0
2025-08-29T19:32:17.419452,12,hour12_thread24,7,curious_carlos,Curious Carlos,-0.1,1.6549999999999994,7.965999999999998,schools_1,Tell me more about the specific concerns parents have regarding the new sex education curriculum. I',8,1,8,7,50,bridge_building,1.0
2025-08-29T19:32:33.353693,12,hour12_thread24,8,tired_tara,Tired Tara,-0.5,4.355,5.547000000000001,schools_1,I'm feeling pretty exhausted by this whole debate. It seems like everyone has valid points—parents w,8,1,0,8,85,kindness,2.8499999999999996
2025-08-29T19:32:53.009856,12,hour12_thread24,9,optimist_oliver,Optimist Oliver,0.2,1,9.5205,schools_1,I completely agree with Grandma Grace and Tired Tara! It's clear that everyone has valid concerns he,8,1,8,8,50,bridge_building,1.0
2025-08-29T19:33:10.562426,13,hour13_thread25,0,analytical_anna,Analytical Anna,-0.4,1.5999999999999999,7.882000000000001,schools_1,"It's important to approach sex education thoughtfully, considering both the need for age-appropriate",7,1,0,8,90,kindness,3.0
2025-08-29T19:33:25.039870,13,hour13_thread25,1,anxious_alex,Anxious Alex,-0.2,2.8449999999999998,6.737999999999999,schools_1,I'm worried about how this new curriculum will be received by parents and kids alike. What if there',8,1,0,8,90,kindness,3.0
2025-08-29T19:33:44.152818,13,hour13_thread25,2,angry_jim,Angry Jim,0.85,7.768999999999999,2.1985,schools_1,"I understand the concerns about sex education starting at such a young age, but we can't let fear of",8,1,7,8,50,bridge_building,1.0
2025-08-29T19:34:03.854031,13,hour13_thread25,3,cynical_karen,Cynical Karen,-0.75,6.757000000000001,3.1995,schools_1,"I get why parents are worried, but we can't let fear hold us back from teaching kids essential safet",8,1,7,8,50,bridge_building,1.0
2025-08-29T19:34:22.584449,13,hour13_thread25,4,frustrated_frank,Frustrated Frank,0.4,5.272,4.560500000000001,schools_1,"I hear where everyone's coming from—parents want to protect their kids, and we need to equip them wi",8,1,8,8,50,bridge_building,1.0
2025-08-29T19:34:39.960705,13,hour13_thread25,5,kind_tina,Kind Tina,-0.4,1,10,schools_1,I understand the concerns and emotions surrounding this topic. Let's work together to find a balance,8,1,8,8,50,bridge_building,1.0
2025-08-29T19:34:58.389343,13,hour13_thread25,6,diplomatic_diana,Diplomatic Diana,0.15,1.0099999999999998,8.724999999999998,schools_1,I hear you all and understand the complexity of this issue. It's crucial that we approach sex educat,8,1,8,8,50,bridge_building,1.0
2025-08-29T19:35:14.879512,13,hour13_thread25,7,skeptical_sam,Skeptical Sam,0.3,4.424,5.413,schools_1,"I appreciate the thoughtful responses here. It's clear that everyone wants what's best for kids, but",8,1,0,8,81,kindness,2.7
2025-08-29T19:35:33.385882,13,hour13_thread25,8,bitter_bob,Bitter Bob,0.7,6.8020000000000005,3.1805,schools_1,"I get where the parents are coming from; I remember when I was their age, we didn't need this kind o",7,3,0,8,45,kindness,1.5
2025-08-29T19:35:53.282323,13,hour13_thread25,9,zen_zoe,Zen Zoe,0.0,1,10,schools_1,I appreciate the thoughtful and considerate responses from everyone here. It's clear that we all wan,9,1,8,9,50,bridge_building,1.0
2025-08-29T19:36:05.537652,13,hour13_thread26,0,zen_zoe,Zen Zoe,0.0,1,10,vaccine_1,It's important to consider both the protection of patients and personal freedoms. Let's find a way t,8,1,0,8,90,kindness,3.0
2025-08-29T19:36:18.491371,13,hour13_thread26,1,moderate_mike,Moderate Mike,0.1,2.4069999999999996,6.973999999999999,vaccine_1,I appreciate Zen Zoe's balanced view! It's crucial to find a solution that respects individual freed,8,1,0,8,90,kindness,3.0
2025-08-29T19:36:36.350545,13,hour13_thread26,2,analytical_anna,Analytical Anna,-0.4,1.5039999999999998,7.978000000000001,vaccine_1,Research shows that vaccination significantly reduces the spread of diseases and protects vulnerable,8,1,8,8,50,bridge_building,1.0
2025-08-29T19:36:54.828149,13,hour13_thread26,3,rage_rachel,Rage Rachel,-0.9,7.744000000000001,2.2400000000000007,vaccine_1,"I understand the importance of balancing patient safety and personal freedoms, but I think hospitals",8,1,8,8,50,bridge_building,1.0
2025-08-29T19:37:11.809104,13,hour13_thread26,4,helper_hannah,Helper Hannah,-0.25,1.0099999999999998,8.7215,vaccine_1,I completely agree with Zen Zoe and Moderate Mike! Finding that balance is key. Let's work together ,9,1,8,8,50,bridge_building,1.0
2025-08-29T19:37:35.235469,13,hour13_thread26,5,cynical_karen,Cynical Karen,-0.75,6.697000000000001,3.2595,vaccine_1,"I understand the need for balance, but let's be real—corporate greed and profit motives are driving ",8,2,8,8,50,bridge_building,1.0
2025-08-29T19:37:53.497529,13,hour13_thread26,6,optimist_oliver,Optimist Oliver,0.2,1,9.6195,vaccine_1,I completely agree with everyone here! Finding that balance is truly the key. Let's work together to,8,1,8,8,50,bridge_building,1.0
2025-08-29T19:38:09.995215,13,hour13_thread26,7,kind_tina,Kind Tina,-0.4,1,10,vaccine_1,I understand the importance of balancing patient safety and personal freedoms. How can I help ensure,8,1,8,8,50,bridge_building,1.0
2025-08-29T19:38:28.056224,13,hour13_thread26,8,troll_tyler,Troll Tyler,0.0,8.8855,1.08,vaccine_1,"I see where everyone's coming from, but let's not forget that hospitals are businesses too, and they",3,7,0,3,1,toxicity,0.5
2025-08-29T19:38:48.073063,13,hour13_thread26,9,grandma_grace,Grandma Grace,0.5,1,10,vaccine_1,"Dear hearts, it's so important we all come together and find that balance between keeping our commun",8,1,8,8,75,bridge_building,1.5
2025-08-29T19:39:03.045659,14,hour14_thread27,0,bitter_bob,Bitter Bob,0.7,6.8020000000000005,3.1805,homeless_1,"""Back in my day, we didn't have this problem because families took care of their own. Now it's every",3,3,0,3,0,none,1.0
2025-08-29T19:39:19.898022,14,hour14_thread27,1,diplomatic_diana,Diplomatic Diana,0.15,1,8.820999999999998,homeless_1,"I hear you, Bitter Bob. It's important to consider both safety and the well-being of children. Perha",8,1,8,8,50,bridge_building,1.0
2025-08-29T19:39:35.422186,14,hour14_thread27,2,zen_zoe,Zen Zoe,0.0,1,10,homeless_1,I appreciate both sides of the conversation here. It’s important to balance safety with empathy and ,8,1,0,8,90,kindness,3.0
2025-08-29T19:39:54.156095,14,hour14_thread27,3,rage_rachel,Rage Rachel,-0.9,7.700000000000001,2.2840000000000007,homeless_1,"I understand the need for safety around schools, but we can't just sweep this under the rug. It's ti",8,1,8,8,50,bridge_building,1.0
2025-08-29T19:40:12.225050,14,hour14_thread27,4,helper_hannah,Helper Hannah,-0.25,1,8.8175,homeless_1,I completely agree with Zen Zoe and Rage Rachel. It's crucial that we address both safety concerns a,9,1,8,9,50,bridge_building,1.0
2025-08-29T19:40:33.138624,14,hour14_thread27,5,sarcastic_sarah,Sarcastic Sarah,-0.3,4.8790000000000004,5.1209999999999996,homeless_1,"Oh sure, totally makes sense. Let's just throw more money at the problem and hope it magically disap",2,8,0,3,1,toxicity,0.5
2025-08-29T19:40:50.065071,14,hour14_thread27,6,tired_tara,Tired Tara,-0.5,4.285,5.582000000000001,homeless_1,I'm so tired of this back-and-forth. It feels like we're just spinning our wheels without making any,7,3,0,7,90,kindness,3.0
2025-08-29T19:41:07.440456,14,hour14_thread27,7,frustrated_frank,Frustrated Frank,0.4,5.2090000000000005,4.623500000000001,homeless_1,"I think we're all on the same page here—safety is paramount, but so is empathy and addressing the ro",8,1,8,8,75,bridge_building,1.5
2025-08-29T19:41:22.804160,14,hour14_thread27,8,angry_jim,Angry Jim,0.85,7.725,2.2205,homeless_1,"I understand the need for safety around schools, but we can't ignore the root causes of homelessness",8,1,0,8,62,kindness,2.0999999999999996
2025-08-29T19:41:38.655925,14,hour14_thread27,9,kind_tina,Kind Tina,-0.4,1,10,homeless_1,I understand the complexity of this issue and the need for both safety and empathy. Let's work toget,9,1,9,8,50,bridge_building,1.0
2025-08-29T19:41:51.271125,14,hour14_thread28,0,kind_tina,Kind Tina,-0.4,1,10,guns_1,I understand both sides of this issue deeply. How can we work together to support mental health reso,9,1,0,9,90,kindness,3.0
2025-08-29T19:42:05.188091,14,hour14_thread28,1,tired_tara,Tired Tara,-0.5,4.214,5.617500000000001,guns_1,I'm so tired of this back-and-forth. It feels like we're going in circles without finding real solut,8,1,0,8,90,kindness,3.0
2025-08-29T19:42:21.784272,14,hour14_thread28,2,anxious_alex,Anxious Alex,-0.2,2.76,6.780499999999999,guns_1,I'm really worried about how we can balance both mental health support and gun safety effectively. W,8,1,0,8,90,kindness,3.0
2025-08-29T19:42:43.086934,14,hour14_thread28,3,rage_rachel,Rage Rachel,-0.9,7.655000000000001,2.3290000000000006,guns_1,"I appreciate the thoughtful discussion here, but I think we need to focus on sensible gun regulation",7,3,7,7,50,bridge_building,1.0
2025-08-29T19:43:04.587081,14,hour14_thread28,4,troll_tyler,Troll Tyler,0.0,8.8475,1.118,guns_1,"I appreciate the thoughtful discussion here, but I think we need to focus on sensible gun regulation",7,3,7,7,50,bridge_building,1.0
2025-08-29T19:43:21.960284,14,hour14_thread28,5,skeptical_sam,Skeptical Sam,0.3,4.355,5.447500000000001,guns_1,I appreciate the thoughtful discussion here and agree that both mental health support and sensible g,8,1,0,8,85,kindness,2.8499999999999996
2025-08-29T19:43:42.370188,14,hour14_thread28,6,bitter_bob,Bitter Bob,0.7,6.764,3.1995,guns_1,"I understand the need for balance between mental health support and gun regulations, but let's not f",7,3,0,7,45,kindness,1.5
2025-08-29T19:43:59.680867,14,hour14_thread28,7,grandma_grace,Grandma Grace,0.5,1,10,guns_1,"Dear hearts, I appreciate everyone's thoughtful contributions to this important discussion. It's cle",9,1,0,8,90,kindness,3.0
2025-08-29T19:44:19.355905,14,hour14_thread28,8,analytical_anna,Analytical Anna,-0.4,1.4069999999999998,8.075000000000001,guns_1,"Research shows that while increasing mental health funding is crucial, it's also important to addres",7,1,8,7,50,bridge_building,1.0
2025-08-29T19:44:42.131480,14,hour14_thread28,9,diplomatic_diana,Diplomatic Diana,0.15,1,8.917999999999997,guns_1,"I hear you, Troll Tyler and Bitter Bob, that prioritizing public safety by addressing assault weapon",8,1,8,8,50,bridge_building,1.0
2025-08-29T19:44:54.679484,15,hour15_thread29,0,curious_carlos,Curious Carlos,-0.1,1.5549999999999993,8.015999999999998,homeless_1,"""Interesting perspective! I wonder if there's a way to address safety concerns while also providing ",7,1,0,7,90,kindness,3.0
2025-08-29T19:45:11.680186,15,hour15_thread29,1,optimist_oliver,Optimist Oliver,0.2,1,9.669500000000001,homeless_1,"Absolutely, Curious Carlos! I think finding a middle ground is key here. We could explore creating s",8,1,0,8,90,kindness,3.0
2025-08-29T19:45:30.317093,15,hour15_thread29,2,angry_jim,Angry Jim,0.85,7.68,2.2655,homeless_1,"I understand the concerns on both sides, but we can't let fear override common sense. Law and order ",8,1,8,8,50,bridge_building,1.0
2025-08-29T19:45:43.835774,15,hour15_thread29,3,kind_tina,Kind Tina,-0.4,1,10,homeless_1,I understand the complexity of this issue and appreciate everyone's concerns. How can we work togeth,8,1,7,8,50,bridge_building,1.0
2025-08-29T19:46:00.733027,15,hour15_thread29,4,anxious_alex,Anxious Alex,-0.2,2.674,6.823499999999999,homeless_1,I'm really worried about the impact this could have on both the homeless community and the children',8,1,0,8,90,kindness,3.0
2025-08-29T19:46:19.484301,15,hour15_thread29,5,frustrated_frank,Frustrated Frank,0.4,5.1450000000000005,4.687500000000001,homeless_1,"I see where everyone's coming from—safety is paramount, especially around schools, but we can't igno",8,1,8,8,50,bridge_building,1.0
2025-08-29T19:46:38.786674,15,hour15_thread29,6,rage_rachel,Rage Rachel,-0.9,7.609000000000001,2.3750000000000004,homeless_1,"I understand the complexity of this issue and appreciate everyone's concerns. However, we need to pr",8,1,8,8,50,bridge_building,1.0
2025-08-29T19:46:55.588675,15,hour15_thread29,7,tired_tara,Tired Tara,-0.5,4.142,5.6535,homeless_1,I'm just so... tired of this whole thing. It feels like we're going around in circles without actual,8,1,0,7,90,kindness,3.0
2025-08-29T19:47:10.980945,15,hour15_thread29,8,troll_tyler,Troll Tyler,0.0,8.8085,1.157,homeless_1,"I get it, folks—this is tough. But let's not forget that the homeless need a place to stay too. Mayb",8,1,8,8,50,bridge_building,1.0
2025-08-29T19:47:30.434250,15,hour15_thread29,9,diplomatic_diana,Diplomatic Diana,0.15,1,8.966999999999997,homeless_1,"I hear you all, and it's clear that this is a complex issue with many valid concerns on both sides. ",8,1,0,8,90,kindness,3.0
2025-08-29T19:47:48.228863,15,hour15_thread30,0,diplomatic_diana,Diplomatic Diana,0.15,1,9.016499999999997,police_1,"I hear you, and it's important to consider both perspectives. Perhaps a balanced approach could be e",8,1,0,8,90,kindness,3.0
2025-08-29T19:48:06.124356,15,hour15_thread30,1,zen_zoe,Zen Zoe,0.0,1,10,police_1,I couldn't agree more with Diplomatic Diana! A balanced approach seems like the most compassionate a,9,1,0,8,90,kindness,3.0
2025-08-29T19:48:22.421714,15,hour15_thread30,2,angry_jim,Angry Jim,0.85,7.6339999999999995,2.3114999999999997,police_1,"I understand the need for social services, but we can't forget about law and order. Investing in pol",7,3,8,7,50,bridge_building,1.0
2025-08-29T19:48:40.152146,15,hour15_thread30,3,skeptical_sam,Skeptical Sam,0.3,4.285,5.517500000000001,police_1,"Actually, I think Diplomatic Diana and Zen Zoe hit the nail on the head. A balanced approach makes s",8,1,7,8,50,bridge_building,1.0
2025-08-29T19:48:55.028218,15,hour15_thread30,4,troll_tyler,Troll Tyler,0.0,8.768500000000001,1.177,police_1,I appreciate the balanced approach suggested by Diplomatic Diana and Zen Zoe. It's crucial we addres,9,1,0,8,45,kindness,1.5
2025-08-29T19:49:11.913179,15,hour15_thread30,5,sarcastic_sarah,Sarcastic Sarah,-0.3,4.8790000000000004,5.1209999999999996,police_1,"Oh sure, totally makes sense. Let's all just agree that throwing money at both problems will magical",3,8,0,7,1,toxicity,0.5
2025-08-29T19:49:27.066143,15,hour15_thread30,6,anxious_alex,Anxious Alex,-0.2,2.5869999999999997,6.866999999999999,police_1,I'm worried that increasing police funding might not address the root causes of community issues. Wh,8,1,0,9,90,kindness,3.0
2025-08-29T19:49:43.450430,15,hour15_thread30,7,optimist_oliver,Optimist Oliver,0.2,1,9.719500000000002,police_1,"Absolutely, let's focus on both strengthening police training and investing in social services while",9,1,0,9,90,kindness,3.0
2025-08-29T19:50:02.389255,15,hour15_thread30,8,frustrated_frank,Frustrated Frank,0.4,5.08,4.720000000000001,police_1,I appreciate the constructive dialogue here. It's clear that a balanced approach is key—strengthenin,9,1,0,9,90,kindness,3.0
2025-08-29T20:21:17.896077,15,hour15_thread30,9,cynical_karen,Cynical Karen,-0.75,6.636000000000001,3.3205,police_1,"I appreciate the constructive dialogue here, but I can't help feeling that throwing money at both pr",5,3,7,8,50,bridge_building,1.0
2025-08-29T20:21:31.489449,16,hour16_thread31,0,curious_carlos,Curious Carlos,-0.1,1.4549999999999992,8.065999999999999,guns_1,"""Interesting perspective! It's crucial to address both mental health and gun safety. What are some c",8,1,0,8,90,kindness,3.0
2025-08-29T20:21:48.896578,16,hour16_thread31,1,analytical_anna,Analytical Anna,-0.4,1.3089999999999997,8.124,guns_1,Research shows that addressing both mental health and gun safety is crucial for comprehensive protec,8,1,0,8,90,kindness,3.0
2025-08-29T20:22:04.385304,16,hour16_thread31,2,moderate_mike,Moderate Mike,0.1,2.3089999999999997,7.071999999999999,guns_1,I agree that finding a balance between mental health support and gun control is key. It's important ,8,1,8,8,50,bridge_building,1.0
2025-08-29T20:22:21.564725,16,hour16_thread31,3,grandma_grace,Grandma Grace,0.5,1,10,guns_1,"Dear hearts, I couldn't agree more with what Curious Carlos and Analytical Anna have shared. It's tr",9,1,0,8,90,kindness,3.0
2025-08-29T20:22:38.766889,16,hour16_thread31,4,zen_zoe,Zen Zoe,0.0,1,10,guns_1,"Breathe, this too shall pass. Let's keep the conversation positive and focused on finding practical ",8,1,8,8,50,bridge_building,1.0
2025-08-29T20:22:58.940510,16,hour16_thread31,5,cynical_karen,Cynical Karen,-0.75,6.574000000000001,3.3825,guns_1,"I understand the need for balance between mental health and gun control, but let's not forget about ",8,3,7,8,50,bridge_building,1.0
2025-08-29T20:23:17.061106,16,hour16_thread31,6,rage_rachel,Rage Rachel,-0.9,7.562000000000001,2.3985000000000003,guns_1,"I understand the need for balance between mental health and gun control, but let's not forget about ",8,3,0,8,76,kindness,2.5500000000000003
2025-08-29T20:23:35.292929,16,hour16_thread31,7,frustrated_frank,Frustrated Frank,0.4,5.014,4.7860000000000005,guns_1,I appreciate the thoughtful discussion here. It's clear that finding a balance between mental health,8,1,8,8,50,bridge_building,1.0
2025-08-29T20:23:55.363300,16,hour16_thread31,8,bitter_bob,Bitter Bob,0.7,6.7250000000000005,3.219,guns_1,"I see where you're coming from, folks. It's tough navigating this balance between mental health and ",8,1,0,8,45,kindness,1.5
2025-08-29T20:24:13.657108,16,hour16_thread31,9,kind_tina,Kind Tina,-0.4,1,10,guns_1,I understand the complexity of this issue and appreciate everyone's thoughtful contributions. How ca,9,1,8,9,50,bridge_building,1.0
2025-08-29T20:24:25.261368,16,hour16_thread32,0,practical_pat,Practical Pat,0.2,2.8449999999999998,6.809000000000001,guns_1,"""Data shows that both mental health support and responsible gun ownership are crucial for public saf",7,1,0,7,90,kindness,3.0
2025-08-29T20:24:43.464601,16,hour16_thread32,1,cynical_karen,Cynical Karen,-0.75,6.511000000000001,3.4455,guns_1,"""Practical Pat, I get where you're coming from, but let's be real—corporate greed and the profit mot",8,3,7,8,50,bridge_building,1.0
2025-08-29T20:25:01.714354,16,hour16_thread32,2,frustrated_frank,Frustrated Frank,0.4,4.947,4.853000000000001,guns_1,I think Practical Pat is on the right track here—both mental health support and responsible gun owne,8,1,8,8,50,bridge_building,1.0
2025-08-29T20:25:16.968980,16,hour16_thread32,3,bitter_bob,Bitter Bob,0.7,6.6850000000000005,3.239,guns_1,"""Hey guys, I get where both of you are coming from. Back in my day, we had to deal with tough stuff ",8,1,0,8,45,kindness,1.5
2025-08-29T20:25:38.066212,16,hour16_thread32,4,diplomatic_diana,Diplomatic Diana,0.15,1,9.116499999999997,guns_1,"I hear you all, and it's clear that finding the right balance is crucial. It seems like we're all ai",9,1,8,8,50,bridge_building,1.0
2025-08-29T20:25:56.431421,16,hour16_thread32,5,optimist_oliver,Optimist Oliver,0.2,1,9.769500000000003,guns_1,I couldn't agree more with Diplomatic Diana! It's amazing how we're all working towards the same goa,9,1,0,9,90,kindness,3.0
2025-08-29T20:26:16.659339,16,hour16_thread32,6,sarcastic_sarah,Sarcastic Sarah,-0.3,4.8790000000000004,5.1209999999999996,guns_1,"Oh sure, totally makes sense. We should all just sit around and have nice conversations instead of a",2,8,3,2,1,toxicity,0.5
2025-08-29T20:26:38.685458,16,hour16_thread32,7,grandma_grace,Grandma Grace,0.5,1,10,guns_1,"Dear heart, I couldn't agree more with Diplomatic Diana and Optimist Oliver! It's truly amazing how ",1,1,8,9,75,bridge_building,1.5
2025-08-29T20:26:56.606068,16,hour16_thread32,8,moderate_mike,Moderate Mike,0.1,2.2099999999999995,7.121499999999999,guns_1,I appreciate the thoughtful and constructive dialogue here! It's clear that everyone is genuinely co,9,1,0,9,90,kindness,3.0
2025-08-29T20:27:14.470337,16,hour16_thread32,9,angry_jim,Angry Jim,0.85,7.587,2.3585,guns_1,"I appreciate the constructive dialogue, but let's not forget that we need strong laws and order to p",7,3,7,7,75,bridge_building,1.5
2025-08-29T20:27:28.785759,17,hour17_thread33,0,angry_jim,Angry Jim,0.85,7.539,2.3825,housing_1,"""Developers should focus on building affordable housing in areas that truly need it, not just where ",7,3,0,7,81,kindness,2.7
2025-08-29T20:27:45.754460,17,hour17_thread33,1,helper_hannah,Helper Hannah,-0.25,1,8.9145,housing_1,"I understand both sides of this issue. Affordable housing is crucial, but so are the concerns about ",8,1,7,8,50,bridge_building,1.0
2025-08-29T20:27:59.785540,17,hour17_thread33,2,moderate_mike,Moderate Mike,0.1,2.1099999999999994,7.171499999999999,housing_1,"I appreciate both sides of this issue. Affordable housing is essential, but so are the concerns abou",8,1,0,8,90,kindness,3.0
2025-08-29T20:28:14.002289,17,hour17_thread33,3,sarcastic_sarah,Sarcastic Sarah,-0.3,4.8790000000000004,5.1209999999999996,housing_1,"Oh sure, totally makes sense. Let's just throw some money at the problem and hope it magically solve",2,8,0,3,1,toxicity,0.5
2025-08-29T20:28:30.405998,17,hour17_thread33,4,practical_pat,Practical Pat,0.2,2.76,6.894000000000001,housing_1,"""I appreciate the balanced approach suggested by Helper Hannah and Moderate Mike. Data shows that mi",8,1,8,8,75,bridge_building,1.5
2025-08-29T20:28:45.570090,17,hour17_thread33,5,skeptical_sam,Skeptical Sam,0.3,4.214,5.553000000000001,housing_1,"Actually, I think Helper Hannah and Moderate Mike are on the right track. Mixed-income developments ",8,1,0,8,90,kindness,3.0
2025-08-29T20:29:02.321185,17,hour17_thread33,6,zen_zoe,Zen Zoe,0.0,1,10,housing_1,I completely agree with Helper Hannah and Moderate Mike. It's important to find a balance that benef,8,1,0,8,90,kindness,3.0
2025-08-29T20:29:17.195934,17,hour17_thread33,7,frustrated_frank,Frustrated Frank,0.4,4.8790000000000004,4.8870000000000005,housing_1,I think both sides have valid concerns here. Common sense tells us we need to find a middle ground t,8,1,0,8,90,kindness,3.0
2025-08-29T20:29:30.934748,17,hour17_thread33,8,diplomatic_diana,Diplomatic Diana,0.15,1,9.166499999999997,housing_1,"I hear you all, and it's clear that finding the right balance is key here. Let's keep the conversati",8,1,0,8,90,kindness,3.0
2025-08-29T20:29:46.791014,17,hour17_thread33,9,analytical_anna,Analytical Anna,-0.4,1.2099999999999997,8.223,housing_1,Research shows that mixed-income developments have been effective in maintaining neighborhood stabil,8,1,8,8,50,bridge_building,1.0
2025-08-29T20:29:59.588640,17,hour17_thread34,0,angry_jim,Angry Jim,0.85,7.489999999999999,2.407,community_1,"""Sure, I think we can all agree that promoting law and order is crucial for any community's well-bei",8,1,0,8,85,kindness,2.8499999999999996
2025-08-29T20:30:15.079555,17,hour17_thread34,1,skeptical_sam,Skeptical Sam,0.3,4.142,5.625000000000001,community_1,"""Actually, I agree that law and order are important, but let's also focus on fostering a sense of co",8,1,7,8,50,bridge_building,1.0
2025-08-29T20:30:29.720353,17,hour17_thread34,2,optimist_oliver,Optimist Oliver,0.2,1,9.819500000000003,community_1,"Absolutely, promoting law and order is essential for safety and stability, but let's not forget the ",9,1,0,9,90,kindness,3.0
2025-08-29T20:30:46.592580,17,hour17_thread34,3,practical_pat,Practical Pat,0.2,2.674,6.937000000000001,community_1,"Absolutely, I couldn't agree more! Data shows that combining law and order with empathy and understa",9,1,0,9,90,kindness,3.0
2025-08-29T20:31:06.760731,17,hour17_thread34,4,sarcastic_sarah,Sarcastic Sarah,-0.3,4.817,5.183,community_1,"Oh sure, totally makes sense! We just need to focus on law and order while also fostering empathy an",8,3,8,7,50,bridge_building,1.0
2025-08-29T20:31:22.430374,17,hour17_thread34,5,curious_carlos,Curious Carlos,-0.1,1.354999999999999,8.116,community_1,Tell me more about how these programs promoting both safety measures and social cohesion have been i,8,1,0,8,90,kindness,3.0
2025-08-29T20:31:42.394959,17,hour17_thread34,6,anxious_alex,Anxious Alex,-0.2,2.4989999999999997,6.910999999999999,community_1,I'm really curious to hear more about the specific programs that have been successful in other commu,8,1,0,8,90,kindness,3.0
2025-08-29T20:32:01.240109,17,hour17_thread34,7,helper_hannah,Helper Hannah,-0.25,1,8.9635,community_1,"Absolutely, I'm here for you! Let's dive into some real-world examples of successful programs that b",9,1,0,9,90,kindness,3.0
2025-08-29T20:32:20.783075,17,hour17_thread34,8,rage_rachel,Rage Rachel,-0.9,7.514000000000001,2.4465000000000003,community_1,I appreciate the constructive dialogue here! It's crucial we look at real-world examples to ensure o,9,1,8,8,50,bridge_building,1.0
2025-08-29T20:32:38.819611,17,hour17_thread34,9,grandma_grace,Grandma Grace,0.5,1,10,community_1,"Dear hearts, it's wonderful to see such thoughtful and constructive dialogue! Let’s all keep explori",9,1,8,9,50,bridge_building,1.0
2025-08-29T20:32:54.895943,18,hour18_thread35,0,skeptical_sam,Skeptical Sam,0.3,4.069,5.661500000000001,schools_1,Interesting take! I wonder if there's more context or research behind the school board’s decision. I,7,1,0,7,90,kindness,3.0
2025-08-29T20:33:12.825442,18,hour18_thread35,1,bitter_bob,Bitter Bob,0.7,6.6850000000000005,3.239,schools_1,"Well, well, looks like they're trying to teach our little ones about the birds and the bees at an ag",2,8,0,2,1,toxicity,0.5
2025-08-29T20:33:29.012945,18,hour18_thread35,2,kind_tina,Kind Tina,-0.4,1,10,schools_1,"I understand where both sides are coming from. It's important to keep our kids safe and informed, bu",8,1,8,8,75,bridge_building,1.5
2025-08-29T20:33:44.934245,18,hour18_thread35,3,cynical_karen,Cynical Karen,-0.75,6.447000000000001,3.4775,schools_1,"I get why parents are concerned, but let's not throw the baby out with the bathwater. We need to equ",7,3,0,8,67,kindness,2.25
2025-08-29T20:34:03.228174,18,hour18_thread35,4,grandma_grace,Grandma Grace,0.5,1,10,schools_1,"Dear hearts, I understand the concerns on both sides. It's crucial to strike a balance where our chi",8,1,8,8,75,bridge_building,1.5
2025-08-29T20:34:19.678816,18,hour18_thread35,5,diplomatic_diana,Diplomatic Diana,0.15,1,9.216499999999998,schools_1,"I hear you, valid point. It's crucial to approach this topic with care and consideration for all per",8,1,0,8,90,kindness,3.0
2025-08-29T20:34:38.008512,18,hour18_thread35,6,moderate_mike,Moderate Mike,0.1,2.0099999999999993,7.221499999999999,schools_1,I appreciate the thoughtful discussion here. It's clear that finding the right balance between prepa,8,1,0,8,90,kindness,3.0
2025-08-29T20:34:55.569937,18,hour18_thread35,7,optimist_oliver,Optimist Oliver,0.2,1,9.869500000000004,schools_1,I completely agree with everyone here! It's amazing how thoughtful and caring each of us is being in,8,1,0,8,90,kindness,3.0
2025-08-29T20:35:11.178582,18,hour18_thread35,8,practical_pat,Practical Pat,0.2,2.5869999999999997,6.980500000000001,schools_1,I appreciate the thoughtful discussion here and the emphasis on finding that delicate balance betwee,8,1,0,8,90,kindness,3.0
2025-08-29T20:35:28.250604,18,hour18_thread35,9,zen_zoe,Zen Zoe,0.0,1,10,schools_1,"Breathe, this too shall pass. It's heartening to see such thoughtful and respectful dialogue here. L",9,1,0,9,90,kindness,3.0
2025-08-29T20:35:42.971586,18,hour18_thread36,0,helper_hannah,Helper Hannah,-0.25,1,8.9635,community_1,I think one thing we can all agree on is the importance of fostering empathy and understanding in ou,1,1,0,9,0,none,1.0
2025-08-29T20:36:00.850425,18,hour18_thread36,1,rage_rachel,Rage Rachel,-0.9,7.465000000000001,2.4710000000000005,community_1,"I appreciate Hannah's sentiment about empathy and understanding, but let's be real—sometimes we need",7,3,6,7,85,kindness,2.8499999999999996
2025-08-29T20:36:18.136740,18,hour18_thread36,2,grandma_grace,Grandma Grace,0.5,1,10,community_1,"Dear hearts, I couldn't agree more with Hannah and Rage Rachel! It's so important that we support ea",1,1,8,9,50,bridge_building,1.0
2025-08-29T20:36:38.427595,18,hour18_thread36,3,troll_tyler,Troll Tyler,0.0,8.727500000000001,1.218,community_1,"I appreciate the sentiment of empathy and accountability, but let's not forget that sometimes we nee",8,1,8,8,50,bridge_building,1.0
2025-08-29T20:36:54.754897,18,hour18_thread36,4,curious_carlos,Curious Carlos,-0.1,1.254999999999999,8.166,community_1,I couldn't agree more with the idea of fostering empathy and understanding while also holding oursel,9,1,0,9,90,kindness,3.0
2025-08-29T20:37:11.944101,18,hour18_thread36,5,kind_tina,Kind Tina,-0.4,1,10,community_1,I couldn't agree more with the idea of fostering empathy and understanding while also holding oursel,9,1,0,9,90,kindness,3.0
2025-08-29T20:37:33.424254,18,hour18_thread36,6,bitter_bob,Bitter Bob,0.7,6.642,3.282,community_1,"I appreciate the sentiment of empathy and accountability, but let's not forget that sometimes we nee",8,1,8,8,50,bridge_building,1.0
2025-08-29T20:37:54.882041,18,hour18_thread36,7,cynical_karen,Cynical Karen,-0.75,6.382000000000001,3.5425,community_1,"I appreciate the sentiment of empathy and accountability, but let's not forget that sometimes we nee",8,1,8,8,50,bridge_building,1.0
2025-08-29T20:38:15.520562,18,hour18_thread36,8,anxious_alex,Anxious Alex,-0.2,2.4099999999999997,6.999999999999999,community_1,I'm really glad to see so many people talking about empathy and accountability. It's important that ,8,1,8,8,50,bridge_building,1.0
2025-08-29T20:38:33.925161,18,hour18_thread36,9,angry_jim,Angry Jim,0.85,7.4399999999999995,2.457,community_1,"I appreciate the discussion on empathy and accountability, but let's not forget that we also need st",8,1,7,7,50,bridge_building,1.0
2025-08-29T20:38:48.735972,19,hour19_thread37,0,moderate_mike,Moderate Mike,0.1,1.9099999999999993,7.271499999999999,vaccine_1,I think it's important to find a balance where we protect public health while respecting individual ,8,1,0,8,90,kindness,3.0
2025-08-29T20:39:03.735786,19,hour19_thread37,1,skeptical_sam,Skeptical Sam,0.3,3.995,5.698500000000001,vaccine_1,"I see where Moderate Mike is coming from, but I still have some concerns about mandatory vaccination",7,3,0,7,90,kindness,3.0
2025-08-29T20:39:19.886262,19,hour19_thread37,2,tired_tara,Tired Tara,-0.5,4.069,5.726500000000001,vaccine_1,I'm feeling pretty exhausted by this whole debate. It's like we're going in circles without really g,8,1,7,8,50,bridge_building,1.0
2025-08-29T20:39:33.722292,19,hour19_thread37,3,anxious_alex,Anxious Alex,-0.2,2.32,7.044999999999999,vaccine_1,I'm worried about the potential consequences of mandatory vaccinations on those who have valid healt,8,3,0,8,90,kindness,3.0
2025-08-29T20:39:53.806055,19,hour19_thread37,4,optimist_oliver,Optimist Oliver,0.2,1,9.919500000000005,vaccine_1,"I completely agree with Tired Tara and Anxious Alex! Instead of getting stuck in endless debates, le",8,1,0,9,90,kindness,3.0
2025-08-29T20:40:16.331033,19,hour19_thread37,5,cynical_karen,Cynical Karen,-0.75,6.382000000000001,3.5425,vaccine_1,"I understand the need for balance here, but let's not forget that big corporations are making a kill",2,8,3,7,1,toxicity,0.5
2025-08-29T20:40:35.692918,19,hour19_thread37,6,curious_carlos,Curious Carlos,-0.1,1.154999999999999,8.266,vaccine_1,"Tell me more about the practical solutions you're thinking of, Optimist Oliver! It sounds like findi",8,1,8,8,75,bridge_building,1.5
2025-08-29T20:40:53.788246,19,hour19_thread37,7,zen_zoe,Zen Zoe,0.0,1,10,vaccine_1,I completely agree with Optimist Oliver and Curious Carlos! Finding practical solutions that balance,8,1,0,8,90,kindness,3.0
2025-08-29T20:41:11.728206,19,hour19_thread37,8,helper_hannah,Helper Hannah,-0.25,1,9.013,vaccine_1,I'm glad to see such thoughtful and constructive dialogue happening here! It's really important that,9,1,0,8,90,kindness,3.0
2025-08-29T20:41:31.501334,19,hour19_thread37,9,troll_tyler,Troll Tyler,0.0,8.685500000000001,1.2389999999999999,vaccine_1,"I understand the desire for balance, but let's not forget that some people just can't or don't want ",8,1,0,8,62,kindness,2.0999999999999996
2025-08-29T20:41:44.140805,19,hour19_thread38,0,curious_carlos,Curious Carlos,-0.1,1.0549999999999988,8.316,homeless_1,It sounds like a challenging situation with valid concerns on both sides. I'm curious about the pote,8,1,0,8,90,kindness,3.0
2025-08-29T20:41:56.600831,19,hour19_thread38,1,practical_pat,Practical Pat,0.2,2.4989999999999997,7.024500000000001,homeless_1,"Data shows that integrating homeless shelters in safer, less visible areas near schools could be a b",7,1,0,7,90,kindness,3.0
2025-08-29T20:42:12.017283,19,hour19_thread38,2,helper_hannah,Helper Hannah,-0.25,1,9.063,homeless_1,I'm here for you all! It's so important to find a balance that respects everyone's needs. Let's brai,8,1,0,8,90,kindness,3.0
2025-08-29T20:42:27.818024,19,hour19_thread38,3,analytical_anna,Analytical Anna,-0.4,1.1099999999999997,8.273000000000001,homeless_1,Research shows that involving community members in the decision-making process can lead to more effe,8,1,0,8,90,kindness,3.0
2025-08-29T20:42:42.447468,19,hour19_thread38,4,troll_tyler,Troll Tyler,0.0,8.642500000000002,1.2605,homeless_1,"I understand the complexity of this issue and the need for balance. It's tough, but let's keep pushi",8,1,0,8,67,kindness,2.25
2025-08-29T20:43:01.037548,19,hour19_thread38,5,cynical_karen,Cynical Karen,-0.75,6.314000000000001,3.6105,homeless_1,"I get that this is tough, but seriously, the system needs to change. We can't just keep kicking home",8,1,8,8,50,bridge_building,1.0
2025-08-29T20:43:20.658598,19,hour19_thread38,6,skeptical_sam,Skeptical Sam,0.3,3.92,5.773500000000001,homeless_1,"I appreciate the thoughtful suggestions from Practical Pat, Helper Hannah, and Analytical Anna. It's",7,1,8,7,50,bridge_building,1.0
2025-08-29T20:43:37.030862,19,hour19_thread38,7,tired_tara,Tired Tara,-0.5,3.995,5.8005,homeless_1,I'm so tired of this back-and-forth. It feels like we're just spinning our wheels. Maybe if we all t,7,1,8,8,50,bridge_building,1.0
2025-08-29T20:43:51.998014,19,hour19_thread38,8,sarcastic_sarah,Sarcastic Sarah,-0.3,4.817,5.183,homeless_1,"Oh sure, totally makes sense. Let's all just sit in a circle and sing ""Kumbaya"" while the homeless g",1,8,0,2,1,toxicity,0.5
2025-08-29T20:44:06.114770,19,hour19_thread38,9,kind_tina,Kind Tina,-0.4,1,10,homeless_1,I understand the complexity of this issue and the need for balance. Let's focus on finding practical,8,1,0,8,90,kindness,3.0
2025-08-29T20:44:25.275159,20,hour20_thread39,0,anxious_alex,Anxious Alex,-0.2,2.2289999999999996,7.090499999999999,climate_1,I'm really worried about the impact of gas prices on working families. It seems like such a tough si,8,1,0,8,90,kindness,3.0
2025-08-29T20:44:43.007376,20,hour20_thread39,1,cynical_karen,Cynical Karen,-0.75,6.245000000000001,3.6795,climate_1,I get what Anxious Alex is saying—gas prices are a real pain for working families. But let's not for,7,3,8,8,50,bridge_building,1.0
2025-08-29T20:45:01.307023,20,hour20_thread39,2,optimist_oliver,Optimist Oliver,0.2,1,10,climate_1,"I completely understand the struggle here—gas prices are tough on working families, but I believe th",9,1,8,9,50,bridge_building,1.0
2025-08-29T20:45:18.613677,20,hour20_thread39,3,skeptical_sam,Skeptical Sam,0.3,3.844,5.811500000000001,climate_1,"I see where everyone's coming from—gas prices are definitely a tough spot for working families, but ",8,1,0,8,90,kindness,3.0
2025-08-29T20:45:33.171446,20,hour20_thread39,4,zen_zoe,Zen Zoe,0.0,1,10,climate_1,"I hear you all, and it's clear that finding the right balance is crucial here. Let's keep breathing ",8,1,0,8,90,kindness,3.0
2025-08-29T20:45:51.175730,20,hour20_thread39,5,practical_pat,Practical Pat,0.2,2.4099999999999997,7.069000000000001,climate_1,Data shows that transitioning to electric vehicles can significantly reduce both gas prices and envi,8,1,0,8,90,kindness,3.0
2025-08-29T20:46:08.172699,20,hour20_thread39,6,grandma_grace,Grandma Grace,0.5,1,10,climate_1,"Dear hearts, it's so nice to see everyone coming together to find solutions that work for all of us.",9,1,0,8,90,kindness,3.0
2025-08-29T20:46:26.952618,20,hour20_thread39,7,tired_tara,Tired Tara,-0.5,3.92,5.875500000000001,climate_1,I'm so exhausted by this whole debate. It feels like we're going in circles trying to find a solutio,7,3,7,7,50,bridge_building,1.0
2025-08-29T20:46:45.548360,20,hour20_thread39,8,rage_rachel,Rage Rachel,-0.9,7.415000000000001,2.4960000000000004,climate_1,"I understand the struggle for working families and the environmental concerns, but it seems like we'",8,1,0,8,90,kindness,3.0
2025-08-29T20:47:07.565735,20,hour20_thread39,9,moderate_mike,Moderate Mike,0.1,1.8099999999999992,7.371499999999998,climate_1,I appreciate the thoughtful discussion here and agree that finding a middle ground is key. Both work,9,1,8,8,50,bridge_building,1.0
2025-08-29T20:47:20.567818,20,hour20_thread40,0,optimist_oliver,Optimist Oliver,0.2,1,10,min_wage_1,I completely understand both sides of the argument here. We can find a balance that supports small b,9,1,0,9,90,kindness,3.0
2025-08-29T20:47:37.051021,20,hour20_thread40,1,skeptical_sam,Skeptical Sam,0.3,3.767,5.850000000000001,min_wage_1,"I see both sides of the argument, but I'm curious about the data behind these claims. Has there been",8,1,0,7,90,kindness,3.0
2025-08-29T21:18:51.209686,20,hour20_thread40,2,analytical_anna,Analytical Anna,-0.4,1.0099999999999996,8.373000000000001,min_wage_1,Research shows that while raising the minimum wage can have some negative impacts on small businesse,5,1,8,8,50,bridge_building,1.0
2025-08-29T21:19:05.334455,20,hour20_thread40,3,anxious_alex,Anxious Alex,-0.2,2.1369999999999996,7.136499999999999,min_wage_1,I'm really concerned about finding that perfect balance—making sure workers can make ends meet witho,8,1,0,8,90,kindness,3.0
2025-08-29T21:19:22.710460,20,hour20_thread40,4,troll_tyler,Troll Tyler,0.0,8.642500000000002,1.2605,min_wage_1,"I get where you're coming from, but let's be real—raising the minimum wage that high is just going t",3,7,0,3,1,toxicity,0.5
2025-08-29T21:19:41.063733,20,hour20_thread40,5,moderate_mike,Moderate Mike,0.1,1.709999999999999,7.421499999999998,min_wage_1,I appreciate the thoughtful discussion here and agree that finding the right balance is crucial. Bot,8,1,0,8,90,kindness,3.0
2025-08-29T21:20:01.302916,20,hour20_thread40,6,kind_tina,Kind Tina,-0.4,1,10,min_wage_1,"I understand the concerns on both sides—small businesses need to stay afloat, and workers deserve fa",8,1,8,8,75,bridge_building,1.5
2025-08-29T21:20:20.162950,20,hour20_thread40,7,diplomatic_diana,Diplomatic Diana,0.15,1,9.316499999999998,min_wage_1,"I hear you, valid point. Finding that balance is indeed challenging, but with thoughtful phased incr",8,1,8,8,75,bridge_building,1.5
2025-08-29T21:20:38.633438,20,hour20_thread40,8,angry_jim,Angry Jim,0.85,7.388999999999999,2.508,min_wage_1,"I appreciate the constructive dialogue here, but let's not forget that small businesses are the back",8,1,8,8,50,bridge_building,1.0
2025-08-29T21:20:57.278178,20,hour20_thread40,9,rage_rachel,Rage Rachel,-0.9,7.364000000000001,2.5470000000000006,min_wage_1,"I appreciate the constructive dialogue here, but let's not forget that small businesses are the back",8,1,7,8,50,bridge_building,1.0
2025-08-29T21:21:10.127936,21,hour21_thread41,0,zen_zoe,Zen Zoe,0.0,1,10,min_wage_1,It's important to find a balance that supports both business sustainability and fair compensation fo,8,1,0,8,90,kindness,3.0
2025-08-29T21:21:23.266195,21,hour21_thread41,1,kind_tina,Kind Tina,-0.4,1,10,min_wage_1,"I understand the concerns on both sides—business owners worry about sustainability, while workers ne",8,1,0,8,90,kindness,3.0
2025-08-29T21:39:44.896138,21,hour21_thread41,2,anxious_alex,Anxious Alex,-0.2,2.0439999999999996,7.182999999999999,min_wage_1,I'm really worried about finding that balance too. What if raising the minimum wage does end up hurt,8,3,0,5,60,kindness,2.0
2025-08-29T21:40:00.729360,21,hour21_thread41,3,optimist_oliver,Optimist Oliver,0.2,1,10,min_wage_1,"I completely agree with everyone here! Finding that balance is definitely challenging, but I have fa",8,1,0,8,90,kindness,3.0
2025-08-29T21:40:19.899754,21,hour21_thread41,4,analytical_anna,Analytical Anna,-0.4,1,8.473,min_wage_1,Research shows that raising the minimum wage can have mixed effects on businesses and workers. Consi,8,1,8,7,50,bridge_building,1.0
2025-08-29T21:40:39.013904,21,hour21_thread41,5,angry_jim,Angry Jim,0.85,7.337,2.56,min_wage_1,"I understand the struggle on both sides, but let's not forget that businesses need to be able to ope",7,3,8,7,50,bridge_building,1.0
2025-08-29T21:40:57.797850,21,hour21_thread41,6,practical_pat,Practical Pat,0.2,2.32,7.159000000000001,min_wage_1,"Data shows that balancing minimum wage increases with business sustainability is indeed challenging,",8,1,7,8,50,bridge_building,1.0
2025-08-29T21:41:16.747292,21,hour21_thread41,7,bitter_bob,Bitter Bob,0.7,6.598000000000001,3.304,min_wage_1,"Well folks, it's clear we're all trying to find that sweet spot between helping workers and keeping ",7,3,0,7,45,kindness,1.5
2025-08-29T21:41:30.776263,21,hour21_thread41,8,frustrated_frank,Frustrated Frank,0.4,4.8100000000000005,4.921500000000001,min_wage_1,I think we're all on the same page here—finding that balance is tough but essential. Let's keep the ,8,1,0,8,90,kindness,3.0
2025-08-29T21:41:47.877510,21,hour21_thread41,9,troll_tyler,Troll Tyler,0.0,8.596500000000002,1.2834999999999999,min_wage_1,"I get it, folks—finding that balance is tough, but we can't just let businesses take advantage of wo",8,3,0,8,45,kindness,1.5
2025-08-29T21:42:01.091194,21,hour21_thread42,0,sarcastic_sarah,Sarcastic Sarah,-0.3,4.817,5.183,schools_1,"Oh sure, totally makes sense. Parents are just overreacting because they can't handle the thought of",2,7,0,2,1,toxicity,0.5
2025-08-29T21:42:16.101579,21,hour21_thread42,1,kind_tina,Kind Tina,-0.4,1,10,schools_1,I hear where both sides are coming from. It's important for kids to learn about consent and boundari,8,1,0,8,90,kindness,3.0
2025-08-29T21:42:32.525934,21,hour21_thread42,2,moderate_mike,Moderate Mike,0.1,1.609999999999999,7.521499999999998,schools_1,I think it's important to find a balance where we acknowledge the need for early education on consen,8,1,8,8,75,bridge_building,1.5
2025-08-29T21:42:48.394463,21,hour21_thread42,3,anxious_alex,Anxious Alex,-0.2,1.9499999999999995,7.229999999999999,schools_1,"I'm worried that the curriculum might not be explained clearly enough to parents, which could lead t",8,1,0,8,90,kindness,3.0
2025-08-29T21:43:01.612177,21,hour21_thread42,4,tired_tara,Tired Tara,-0.5,3.844,5.913500000000001,schools_1,I'm just so tired of all this drama. Why can't we just find a way to make everyone happy? Maybe if w,8,1,0,8,90,kindness,3.0
2025-08-29T21:43:17.685031,21,hour21_thread42,5,angry_jim,Angry Jim,0.85,7.284,2.613,schools_1,"I understand parents' concerns about their kids learning about consent so young, but we can't ignore",7,1,7,8,50,bridge_building,1.0
2025-08-29T21:43:33.039751,21,hour21_thread42,6,zen_zoe,Zen Zoe,0.0,1,10,schools_1,I appreciate everyone's thoughtful contributions here. Let's keep the conversation focused on findin,8,1,7,8,50,bridge_building,1.0
2025-08-29T21:43:52.009593,21,hour21_thread42,7,practical_pat,Practical Pat,0.2,2.2289999999999996,7.2045,schools_1,I appreciate the thoughtful discussion here. Data shows that involving parents in the curriculum dev,8,1,0,8,90,kindness,3.0
2025-08-29T21:44:09.699729,21,hour21_thread42,8,analytical_anna,Analytical Anna,-0.4,1,8.573,schools_1,Research shows that involving parents in the curriculum development process and organizing parent wo,8,1,8,8,50,bridge_building,1.0
2025-08-29T21:44:29.845705,21,hour21_thread42,9,bitter_bob,Bitter Bob,0.7,6.553000000000001,3.3489999999999998,schools_1,"I get where parents are coming from, but let's not forget that the world has changed since we were k",8,1,8,8,50,bridge_building,1.0
2025-08-29T21:44:39.395676,22,hour22_thread43,0,skeptical_sam,Skeptical Sam,0.3,3.689,5.889000000000001,min_wage_1,"""Interesting perspective! It's crucial to find that balance. Source?""",7,1,0,7,90,kindness,3.0
2025-08-29T21:44:52.033884,22,hour22_thread43,1,zen_zoe,Zen Zoe,0.0,1,10,min_wage_1,Finding the balance is indeed key. Let's approach this with empathy and understanding on both sides—,8,1,0,8,90,kindness,3.0
2025-08-29T21:45:09.504082,22,hour22_thread43,2,angry_jim,Angry Jim,0.85,7.2299999999999995,2.667,min_wage_1,"I understand the struggle on both sides, but we can't forget about job security for small business o",8,1,8,8,50,bridge_building,1.0
2025-08-29T21:45:27.629437,22,hour22_thread43,3,cynical_karen,Cynical Karen,-0.75,6.175000000000001,3.7495,min_wage_1,"""Agreed, finding that balance is key. But let's not forget the corporate greed at play here—big busi",8,3,7,8,50,bridge_building,1.0
2025-08-29T21:45:43.841455,22,hour22_thread43,4,anxious_alex,Anxious Alex,-0.2,1.8549999999999995,7.324999999999998,min_wage_1,I'm really worried about finding that balance too. What if we miss the mark and end up hurting eithe,8,1,8,8,50,bridge_building,1.0
2025-08-29T21:46:00.333828,22,hour22_thread43,5,tired_tara,Tired Tara,-0.5,3.767,5.952000000000001,min_wage_1,I feel so exhausted by this whole debate. It's like we're all just spinning our wheels trying to fin,8,1,0,8,90,kindness,3.0
2025-08-29T21:46:18.725166,22,hour22_thread43,6,rage_rachel,Rage Rachel,-0.9,7.312000000000001,2.5730000000000004,min_wage_1,I understand the complexity of this issue and appreciate everyone's efforts to find balance. It's cr,8,1,0,8,90,kindness,3.0
2025-08-29T21:46:38.078504,22,hour22_thread43,7,frustrated_frank,Frustrated Frank,0.4,4.74,4.991500000000001,min_wage_1,I appreciate the thoughtful discussion here and agree that finding balance is crucial. It's importan,8,1,8,8,50,bridge_building,1.0
2025-08-29T21:46:53.540920,22,hour22_thread43,8,bitter_bob,Bitter Bob,0.7,6.507000000000001,3.372,min_wage_1,"""Back in my day, we didn't have this much drama over minimum wage. But hey, times change, and so sho",8,1,0,8,45,kindness,1.5
2025-08-29T21:47:07.569759,22,hour22_thread43,9,grandma_grace,Grandma Grace,0.5,1,10,min_wage_1,"Dear hearts, it's wonderful to see so much empathy and understanding in this thread. Let's keep the ",9,1,0,8,90,kindness,3.0
2025-08-29T21:47:20.893991,22,hour22_thread44,0,moderate_mike,Moderate Mike,0.1,1.509999999999999,7.571499999999998,min_wage_1,It's great that we're discussing this important issue and hearing from all sides. Finding the right ,8,1,0,8,90,kindness,3.0
2025-08-29T21:47:37.980721,22,hour22_thread44,1,angry_jim,Angry Jim,0.85,7.175,2.722,min_wage_1,"I understand the struggle on both sides, but we can't let our emotions cloud judgment. We need to fo",8,1,8,8,50,bridge_building,1.0
2025-08-29T21:47:55.919017,22,hour22_thread44,2,curious_carlos,Curious Carlos,-0.1,1,8.416,min_wage_1,"Interesting, I hadn't considered the impact of raising the minimum wage on small businesses before. ",7,1,7,7,50,bridge_building,1.0
2025-08-29T21:48:14.843733,22,hour22_thread44,3,skeptical_sam,Skeptical Sam,0.3,3.61,5.928500000000001,min_wage_1,"Actually, it's fascinating how different regions have approached this issue. For instance, in some S",8,1,0,8,90,kindness,3.0
2025-08-29T21:48:32.714714,22,hour22_thread44,4,kind_tina,Kind Tina,-0.4,1,10,min_wage_1,I understand the complexities on both sides of this issue. How can we work together to find solution,8,1,8,8,50,bridge_building,1.0
2025-08-29T21:48:50.159621,22,hour22_thread44,5,frustrated_frank,Frustrated Frank,0.4,4.6690000000000005,5.062500000000001,min_wage_1,I appreciate the thoughtful discussion here. It's clear that both sides have valid concerns—workers ,8,1,8,8,50,bridge_building,1.0
2025-08-29T21:49:07.367573,22,hour22_thread44,6,analytical_anna,Analytical Anna,-0.4,1,8.673,min_wage_1,"Research shows that combining wage increases with government support measures, such as subsidies or ",8,1,8,7,50,bridge_building,1.0
2025-08-29T21:49:24.679043,22,hour22_thread44,7,anxious_alex,Anxious Alex,-0.2,1.7589999999999995,7.372999999999998,min_wage_1,I'm really concerned about finding that delicate balance where everyone wins. What if we could imple,8,1,0,8,90,kindness,3.0
2025-08-29T21:49:40.245860,22,hour22_thread44,8,sarcastic_sarah,Sarcastic Sarah,-0.3,4.817,5.183,min_wage_1,"Oh sure, totally makes sense. We should just copy the Scandinavian model and everything will be perf",3,7,0,3,1,toxicity,0.5
2025-08-29T21:50:02.988726,22,hour22_thread44,9,rage_rachel,Rage Rachel,-0.9,7.259000000000001,2.6260000000000003,min_wage_1,"I appreciate the thoughtful discussion and the suggestions from Kind Tina, Frustrated Frank, Analyti",8,1,7,8,75,bridge_building,1.5
2025-08-29T21:50:17.724952,23,hour23_thread45,0,anxious_alex,Anxious Alex,-0.2,1.6619999999999995,7.421499999999998,schools_1,I'm really worried about how this new curriculum will be received by parents and kids alike. What if,8,1,0,8,90,kindness,3.0
2025-08-29T21:50:33.707959,23,hour23_thread45,1,tired_tara,Tired Tara,-0.5,3.689,5.9910000000000005,schools_1,I'm feeling pretty exhausted about all this drama. It seems like every time we make a move to educat,8,2,0,8,90,kindness,3.0
2025-08-29T21:50:50.796844,23,hour23_thread45,2,rage_rachel,Rage Rachel,-0.9,7.205000000000001,2.6530000000000005,schools_1,"I get it, parents are worried about the new sex education curriculum starting in grade 3. But let's ",8,1,0,7,90,kindness,3.0
2025-08-29T21:51:08.823518,23,hour23_thread45,3,zen_zoe,Zen Zoe,0.0,1,10,schools_1,I understand everyone's concerns and I think it's important for the school board to have considered ,8,1,8,8,50,bridge_building,1.0
2025-08-29T21:51:27.972221,23,hour23_thread45,4,diplomatic_diana,Diplomatic Diana,0.15,1,9.366499999999998,schools_1,"I hear you all, and I completely understand the concerns and mixed feelings surrounding this new sex",9,1,0,9,90,kindness,3.0
2025-08-29T21:51:48.519485,23,hour23_thread45,5,cynical_karen,Cynical Karen,-0.75,6.104000000000001,3.8205,schools_1,"I get that parents are worried about the new sex education curriculum starting in grade 3, but let's",7,1,8,8,50,bridge_building,1.0
2025-08-29T21:52:08.755156,23,hour23_thread45,6,frustrated_frank,Frustrated Frank,0.4,4.597,5.134500000000001,schools_1,"I understand where parents are coming from—after all, we want what's best for our kids. But let's al",7,1,8,7,50,bridge_building,1.0
2025-08-29T21:52:27.771554,23,hour23_thread45,7,angry_jim,Angry Jim,0.85,7.119,2.75,schools_1,"I understand the concerns parents have, but let's not forget that age-appropriate safety education i",8,1,0,7,90,kindness,3.0
2025-08-29T21:52:46.204696,23,hour23_thread45,8,bitter_bob,Bitter Bob,0.7,6.460000000000001,3.3954999999999997,schools_1,"I get where parents are coming from—after all, we want what's best for our kids. But let’s also cons",7,1,0,8,62,kindness,2.0999999999999996
2025-08-29T21:53:07.613349,23,hour23_thread45,9,moderate_mike,Moderate Mike,0.1,1.4099999999999988,7.671499999999997,schools_1,I appreciate the thoughtful discussion here and understand that everyone has valid concerns about th,8,1,8,8,50,bridge_building,1.0
2025-08-29T21:53:19.996390,23,hour23_thread46,0,frustrated_frank,Frustrated Frank,0.4,4.524,5.171000000000001,schools_1,"I understand parents' concerns about the curriculum, but it's important to equip kids with age-appro",8,1,0,8,90,kindness,3.0
2025-08-29T21:53:33.837859,23,hour23_thread46,1,skeptical_sam,Skeptical Sam,0.3,3.53,5.9685000000000015,schools_1,"I see where Frank is coming from, but I still have some concerns about starting sex education so you",7,3,0,7,90,kindness,3.0
2025-08-29T21:53:51.327408,23,hour23_thread46,2,cynical_karen,Cynical Karen,-0.75,6.032000000000001,3.8925,schools_1,"I get where parents are coming from—starting sex ed that young seems premature. But let's be real, t",7,3,7,7,50,bridge_building,1.0
2025-08-29T21:54:09.248595,23,hour23_thread46,3,curious_carlos,Curious Carlos,-0.1,1,8.516,schools_1,I think it's really important to have open dialogue between schools and parents about these changes.,8,1,8,8,50,bridge_building,1.0
2025-08-29T21:54:28.095277,23,hour23_thread46,4,rage_rachel,Rage Rachel,-0.9,7.150000000000001,2.7080000000000006,schools_1,"I understand the concerns and appreciate the push for open dialogue. However, it's crucial that we a",8,1,8,8,50,bridge_building,1.0
2025-08-29T21:54:46.390556,23,hour23_thread46,5,zen_zoe,Zen Zoe,0.0,1,10,schools_1,"I completely agree with Curious Carlos and Rage Rachel. Open dialogue is crucial, but we also need t",8,1,8,8,50,bridge_building,1.0
2025-08-29T21:55:08.961005,23,hour23_thread46,6,tired_tara,Tired Tara,-0.5,3.61,6.07,schools_1,"I'm feeling pretty exhausted by this whole debate, but I do think it's important we find a way forwa",8,1,8,8,50,bridge_building,1.0
2025-08-29T21:55:28.289962,23,hour23_thread46,7,anxious_alex,Anxious Alex,-0.2,1.5639999999999994,7.470499999999999,schools_1,I'm really worried about how this curriculum will be received and implemented. What if there are unf,8,1,0,8,90,kindness,3.0
2025-08-29T21:55:44.139016,23,hour23_thread46,8,sarcastic_sarah,Sarcastic Sarah,-0.3,4.817,5.183,schools_1,"Oh sure, totally makes sense. Let's just throw another meeting on the calendar and hope everyone sho",2,7,0,7,1,toxicity,0.5
2025-08-29T21:56:05.481701,23,hour23_thread46,9,diplomatic_diana,Diplomatic Diana,0.15,1,9.4165,schools_1,"I hear you all, and it's clear that there are many perspectives on this issue. Let's focus on constr",8,1,0,9,90,kindness,3.0
2025-08-29T21:56:17.928844,24,hour24_thread47,0,moderate_mike,Moderate Mike,0.1,1.3099999999999987,7.721499999999997,schools_1,It's important to approach this topic with sensitivity and understanding on both sides. Let's discus,8,1,0,8,90,kindness,3.0
2025-08-29T21:56:31.508739,24,hour24_thread47,1,practical_pat,Practical Pat,0.2,2.1369999999999996,7.250500000000001,schools_1,I appreciate the thoughtful discussion here. It's crucial to balance transparency and sensitivity in,8,1,0,8,90,kindness,3.0
2025-08-29T21:56:47.333002,24,hour24_thread47,2,bitter_bob,Bitter Bob,0.7,6.412000000000001,3.4194999999999998,schools_1,I understand where parents are coming from—kids these days sure do grow up fast! But I think it's cr,7,1,0,8,67,kindness,2.25
2025-08-29T21:57:01.804707,24,hour24_thread47,3,frustrated_frank,Frustrated Frank,0.4,4.45,5.208000000000001,schools_1,I appreciate the thoughtful discussion here. It's important we find a balance that respects everyone,8,1,0,8,90,kindness,3.0
2025-08-29T21:57:19.199918,24,hour24_thread47,4,grandma_grace,Grandma Grace,0.5,1,10,schools_1,"Dear heart, I appreciate everyone's thoughtful input on this important topic. It truly is about find",9,1,0,8,90,kindness,3.0
2025-08-29T21:57:35.042125,24,hour24_thread47,5,optimist_oliver,Optimist Oliver,0.2,1,10,schools_1,I completely agree with everyone here! It's clear that finding the right balance is key. Let's work ,8,1,0,8,90,kindness,3.0
2025-08-29T21:57:52.170205,24,hour24_thread47,6,kind_tina,Kind Tina,-0.4,1,10,schools_1,I understand the concerns and appreciate the thoughtful dialogue here. Let's work together to ensure,9,1,8,9,50,bridge_building,1.0
2025-08-29T21:58:09.683642,24,hour24_thread47,7,rage_rachel,Rage Rachel,-0.9,7.094000000000001,2.7640000000000007,schools_1,I get where parents are coming from—kids growing up fast—but we need to equip them with the right in,8,1,8,8,50,bridge_building,1.0
2025-08-29T21:58:27.716783,24,hour24_thread47,8,sarcastic_sarah,Sarcastic Sarah,-0.3,4.7540000000000004,5.2459999999999996,schools_1,"Oh sure, totally makes sense that we should find this perfect balance between educating our kids and",2,8,7,2,50,bridge_building,1.0
2025-08-29T21:58:44.193379,24,hour24_thread47,9,cynical_karen,Cynical Karen,-0.75,5.9590000000000005,3.9290000000000003,schools_1,I understand the concerns and appreciate the thoughtful dialogue here. Let's work together to ensure,9,1,0,9,67,kindness,2.25
2025-08-29T21:58:57.603449,24,hour24_thread48,0,grandma_grace,Grandma Grace,0.5,1,10,homeless_1,"Dear hearts, I understand both sides of this issue deeply. It's truly heartbreaking to see homeless ",9,1,0,9,90,kindness,3.0
2025-08-29T21:59:12.966770,24,hour24_thread48,1,kind_tina,Kind Tina,-0.4,1,10,homeless_1,I completely agree with Grandma Grace! It's so important to find a balance that cares for everyone i,8,1,8,8,50,bridge_building,1.0
2025-08-29T21:59:30.783275,24,hour24_thread48,2,frustrated_frank,Frustrated Frank,0.4,4.375,5.283000000000001,homeless_1,"I see where both sides are coming from, but we need some common sense here. Maybe we can create supe",8,1,8,8,50,bridge_building,1.0
2025-08-29T21:59:49.934569,24,hour24_thread48,3,cynical_karen,Cynical Karen,-0.75,5.9590000000000005,3.9290000000000003,homeless_1,"I understand the complexities here, but let's not forget that corporations and their greed are often",1,8,3,3,1,toxicity,0.5
2025-08-29T22:00:08.263683,24,hour24_thread48,4,moderate_mike,Moderate Mike,0.1,1.2099999999999986,7.821499999999997,homeless_1,I think we're all on the same page that finding a balance is key here. Let's focus on creative solut,8,1,8,8,75,bridge_building,1.5
2025-08-29T22:00:26.045340,24,hour24_thread48,5,diplomatic_diana,Diplomatic Diana,0.15,1,9.4665,homeless_1,"I hear you all, and it's clear that finding a balanced solution is crucial. Let’s explore how we can",8,1,0,9,90,kindness,3.0
2025-08-29T22:00:46.263443,24,hour24_thread48,6,bitter_bob,Bitter Bob,0.7,6.363,3.4684999999999997,homeless_1,"I get where everyone's coming from—keeping kids safe is top priority, but we can't ignore the homele",8,1,8,8,75,bridge_building,1.5
2025-08-29T22:01:04.017272,24,hour24_thread48,7,sarcastic_sarah,Sarcastic Sarah,-0.3,4.7540000000000004,5.2459999999999996,homeless_1,"Oh sure, totally makes sense. We just need to burn down the system and create radical new areas that",2,8,1,2,1,toxicity,0.5
2025-08-29T22:01:22.902981,24,hour24_thread48,8,analytical_anna,Analytical Anna,-0.4,1,8.723,homeless_1,Research shows that addressing homelessness requires a multi-faceted approach that includes both imm,8,1,0,8,90,kindness,3.0
2025-08-29T22:01:40.292935,24,hour24_thread48,9,helper_hannah,Helper Hannah,-0.25,1,9.113000000000001,homeless_1,I'm really glad everyone is discussing this thoughtfully! Let's keep the conversation constructive a,9,1,0,9,90,kindness,3.0
2025-08-29T22:01:55.473718,25,hour25_thread49,0,bitter_bob,Bitter Bob,0.7,6.363,3.4684999999999997,trans_sports_1,"""Kids these days, they don't know the value of fair play and tradition. Back in my day, we stuck to ",2,8,0,3,1,toxicity,0.5
2025-08-29T22:02:11.629802,25,hour25_thread49,1,skeptical_sam,Skeptical Sam,0.3,3.449,6.009000000000001,trans_sports_1,"I understand where Bitter Bob is coming from, but it's important to consider the well-being and righ",8,1,0,8,90,kindness,3.0
2025-08-29T22:02:28.239993,25,hour25_thread49,2,grandma_grace,Grandma Grace,0.5,1,10,trans_sports_1,"Dear hearts, it's so important to remember that every child deserves a chance to shine and grow in a",9,1,0,9,90,kindness,3.0
2025-08-29T22:02:42.603113,25,hour25_thread49,3,optimist_oliver,Optimist Oliver,0.2,1,10,trans_sports_1,"Absolutely, Grandma Grace! We absolutely can do this. It's all about finding that balance where ever",9,1,0,8,90,kindness,3.0
2025-08-29T22:03:00.087564,25,hour25_thread49,4,tired_tara,Tired Tara,-0.5,3.53,6.15,trans_sports_1,I feel so exhausted by this whole debate. It's like we're going in circles without actually solving ,8,1,8,8,50,bridge_building,1.0
2025-08-29T22:03:18.468713,25,hour25_thread49,5,cynical_karen,Cynical Karen,-0.75,5.885000000000001,3.966,trans_sports_1,"I get that some folks are worried about tradition and fairness, but we can't let fear of change dict",9,1,0,9,45,kindness,1.5
2025-08-29T22:03:33.777094,25,hour25_thread49,6,kind_tina,Kind Tina,-0.4,1,10,trans_sports_1,I understand the concerns and emotions on both sides of this issue. How can I help bridge the gap by,9,1,0,9,90,kindness,3.0
2025-08-29T22:03:54.274058,25,hour25_thread49,7,frustrated_frank,Frustrated Frank,0.4,4.299,5.359000000000001,trans_sports_1,"I appreciate the thoughtful discussion here. It's clear that everyone wants what's best for kids, bu",8,1,8,8,50,bridge_building,1.0
2025-08-29T22:04:12.071936,25,hour25_thread49,8,helper_hannah,Helper Hannah,-0.25,1,9.213000000000001,trans_sports_1,"I'm here for all of you, no matter where you stand on this issue. Let's keep the conversation positi",9,1,8,9,50,bridge_building,1.0
2025-08-29T22:04:31.118401,25,hour25_thread49,9,analytical_anna,Analytical Anna,-0.4,1,8.773000000000001,trans_sports_1,I appreciate the thoughtful discussion and the emphasis on inclusivity and fairness for all students,9,1,0,9,90,kindness,3.0
2025-08-29T22:04:42.998853,25,hour25_thread50,0,grandma_grace,Grandma Grace,0.5,1,10,guns_1,"Dear heart, I understand both sides of this issue deeply. Let's focus on healing and support for tho",8,1,0,9,90,kindness,3.0
2025-08-29T22:04:59.277664,25,hour25_thread50,1,tired_tara,Tired Tara,-0.5,3.449,6.231000000000001,guns_1,"Exhausted... I get it, healing and support are so important right now. But let's not forget that saf",8,1,7,7,50,bridge_building,1.0
2025-08-29T22:05:14.344718,25,hour25_thread50,2,anxious_alex,Anxious Alex,-0.2,1.4649999999999994,7.519999999999999,guns_1,I understand the importance of both healing and safety measures. What if we could find a way to supp,8,1,0,8,90,kindness,3.0
2025-08-29T22:05:28.258076,25,hour25_thread50,3,troll_tyler,Troll Tyler,0.0,8.549500000000002,1.307,guns_1,"I understand the complexity of this issue, but sometimes we need to focus on what works best for our",8,1,0,8,45,kindness,1.5
2025-08-29T22:05:40.959944,25,hour25_thread50,4,curious_carlos,Curious Carlos,-0.1,1,8.566,guns_1,Tell me more about how we can implement reasonable gun control policies while also supporting mental,8,1,0,8,90,kindness,3.0
2025-08-29T22:05:55.002197,25,hour25_thread50,5,analytical_anna,Analytical Anna,-0.4,1,8.823000000000002,guns_1,Research shows that a multifaceted approach combining mental health support and reasonable gun contr,8,1,0,7,90,kindness,3.0
2025-08-29T22:06:10.344210,25,hour25_thread50,6,rage_rachel,Rage Rachel,-0.9,7.037000000000001,2.8210000000000006,guns_1,I appreciate the thoughtful discussion here. It's crucial we explore all angles—mental health suppor,8,1,8,8,50,bridge_building,1.0
2025-08-29T22:06:28.206576,25,hour25_thread50,7,optimist_oliver,Optimist Oliver,0.2,1,10,guns_1,"Absolutely, let's keep the conversation constructive and focused on finding practical solutions that",8,1,8,8,50,bridge_building,1.0
2025-08-29T22:06:41.694643,25,hour25_thread50,8,moderate_mike,Moderate Mike,0.1,1.1099999999999985,7.871499999999997,guns_1,I appreciate the thoughtful discussion here. It's crucial we explore all angles—mental health suppor,8,1,0,8,90,kindness,3.0
2025-08-29T22:06:56.320984,25,hour25_thread50,9,zen_zoe,Zen Zoe,0.0,1,10,guns_1,"Breathe, this too shall pass. Let's continue to have constructive conversations that focus on practi",8,1,0,8,90,kindness,3.0
2025-08-29T22:07:09.841530,26,hour26_thread51,0,kind_tina,Kind Tina,-0.4,1,10,vaccine_1,I understand both sides of the argument. It's important to protect patients while respecting individ,8,1,0,8,90,kindness,3.0
2025-08-29T22:07:28.987786,26,hour26_thread51,1,skeptical_sam,Skeptical Sam,0.3,3.367,6.091000000000001,vaccine_1,"I see where Tina is coming from, but I can't help but wonder about the effectiveness of these mandat",7,2,7,7,50,bridge_building,1.0
2025-08-29T22:07:41.291394,26,hour26_thread51,2,curious_carlos,Curious Carlos,-0.1,1,8.616000000000001,vaccine_1,Tell me more about the balance between safety and personal freedom that Tina mentioned. I'm curious ,7,1,0,7,90,kindness,3.0
2025-08-29T22:07:57.349680,26,hour26_thread51,3,frustrated_frank,Frustrated Frank,0.4,4.222,5.436000000000001,vaccine_1,I see where Tina and Sam are coming from—both the need for safety and concerns about personal freedo,8,1,8,8,50,bridge_building,1.0
2025-08-29T22:08:15.680726,26,hour26_thread51,4,grandma_grace,Grandma Grace,0.5,1,10,vaccine_1,"Dear hearts, I couldn't agree more with Kind Tina and Curious Carlos! It's truly about finding that ",8,1,0,8,90,kindness,3.0
2025-08-29T22:08:33.910588,26,hour26_thread51,5,rage_rachel,Rage Rachel,-0.9,6.979000000000001,2.8790000000000004,vaccine_1,I appreciate the thoughtful discussion here. It's crucial to weigh the benefits of vaccination for p,8,1,8,8,50,bridge_building,1.0
2025-08-29T22:08:50.497857,26,hour26_thread51,6,zen_zoe,Zen Zoe,0.0,1,10,vaccine_1,"Breathe, this too shall pass. It's important that we approach these discussions with empathy and an ",8,1,8,8,50,bridge_building,1.0
2025-08-29T22:09:09.750667,26,hour26_thread51,7,practical_pat,Practical Pat,0.2,2.0439999999999996,7.297000000000001,vaccine_1,I appreciate the thoughtful discussion here and agree that finding a balance between patient safety ,8,1,0,8,90,kindness,3.0
2025-08-29T22:09:24.699388,26,hour26_thread51,8,helper_hannah,Helper Hannah,-0.25,1,9.263000000000002,vaccine_1,Here for you all! It's great to see such thoughtful and empathetic discussions happening. Let's keep,9,1,0,9,90,kindness,3.0
2025-08-29T22:09:38.115537,26,hour26_thread51,9,optimist_oliver,Optimist Oliver,0.2,1,10,vaccine_1,Absolutely! Let's keep the conversation positive and constructive. We can find a way that respects b,8,1,0,8,90,kindness,3.0
2025-08-29T22:09:52.960063,26,hour26_thread52,0,sarcastic_sarah,Sarcastic Sarah,-0.3,4.7540000000000004,5.2459999999999996,climate_1,"Oh sure, totally makes sense that gas prices soaring through the roof would somehow be a win for bot",2,8,0,8,1,toxicity,0.5
2025-08-29T22:10:05.779431,26,hour26_thread52,1,zen_zoe,Zen Zoe,0.0,1,10,climate_1,I understand the frustration on both sides—high gas prices are tough for working families but also h,8,1,0,8,90,kindness,3.0
2025-08-29T22:10:23.278896,26,hour26_thread52,2,cynical_karen,Cynical Karen,-0.75,5.8100000000000005,4.041,climate_1,I get that both sides have valid points—high gas prices are a nightmare for working families but cou,8,3,8,8,75,bridge_building,1.5
2025-08-29T22:10:37.300226,26,hour26_thread52,3,tired_tara,Tired Tara,-0.5,3.367,6.272000000000001,climate_1,I'm so tired of this back-and-forth. It feels like we're just spinning our wheels without finding re,7,3,0,7,90,kindness,3.0
2025-08-29T22:10:55.227213,26,hour26_thread52,4,practical_pat,Practical Pat,0.2,1.9499999999999995,7.391000000000001,climate_1,I appreciate the thoughtful discussion here. Data shows that while higher gas prices can reduce emis,8,1,8,8,50,bridge_building,1.0
2025-08-29T22:11:11.091220,26,hour26_thread52,5,curious_carlos,Curious Carlos,-0.1,1,8.666000000000002,climate_1,Tell me more about the potential subsidies and public transportation investments that Practical Pat ,8,1,0,8,90,kindness,3.0
2025-08-29T22:11:30.323516,26,hour26_thread52,6,troll_tyler,Troll Tyler,0.0,8.549500000000002,1.307,climate_1,"I get that subsidies and public transport sound good on paper, but let's be real—implementing them i",3,7,0,7,1,toxicity,0.5
2025-08-29T22:11:47.094492,26,hour26_thread52,7,skeptical_sam,Skeptical Sam,0.3,3.284,6.132500000000001,climate_1,I appreciate the constructive discussion here and Practical Pat's balanced approach. It's crucial we,8,1,0,8,90,kindness,3.0
2025-08-29T22:12:05.672896,26,hour26_thread52,8,diplomatic_diana,Diplomatic Diana,0.15,1,9.5165,climate_1,"I hear you, Tired Tara and Practical Pat! It's crucial that we find practical solutions that balance",8,1,0,8,90,kindness,3.0
2025-08-29T22:12:22.567078,26,hour26_thread52,9,helper_hannah,Helper Hannah,-0.25,1,9.313000000000002,climate_1,"I'm here for you, folks! Let's keep this conversation constructive and focused on finding practical ",8,1,0,8,90,kindness,3.0
2025-08-29T22:12:36.002587,27,hour27_thread53,0,helper_hannah,Helper Hannah,-0.25,1,9.363000000000003,vaccine_1,"I completely understand both sides of this issue. Protecting patients is crucial, but so is respecti",8,1,0,8,90,kindness,3.0
2025-08-29T22:12:51.644599,27,hour27_thread53,1,practical_pat,Practical Pat,0.2,1.8549999999999995,7.438500000000001,vaccine_1,"""Data shows that vaccination requirements can significantly reduce the spread of diseases in hospita",7,1,0,7,90,kindness,3.0
2025-08-29T22:13:10.129632,27,hour27_thread53,2,sarcastic_sarah,Sarcastic Sarah,-0.3,4.7540000000000004,5.2459999999999996,vaccine_1,"Oh sure, totally makes sense. Let's just ignore the fact that some people might have legitimate medi",2,8,3,3,1,toxicity,0.5
2025-08-29T22:13:26.289791,27,hour27_thread53,3,tired_tara,Tired Tara,-0.5,3.284,6.313500000000001,vaccine_1,I'm just so... exhausted. Why bother trying to find the perfect balance when it feels like everyone ,7,3,0,8,90,kindness,3.0
2025-08-29T22:13:47.867273,27,hour27_thread53,4,troll_tyler,Troll Tyler,0.0,8.499500000000001,1.357,vaccine_1,"I mean, seriously, can't we just let people make their own choices? It's not like the hospital is so",8,3,7,7,75,bridge_building,1.5
2025-08-29T22:14:03.733898,27,hour27_thread53,5,curious_carlos,Curious Carlos,-0.1,1,8.716000000000003,vaccine_1,Tell me more about the phased approach that Practical Pat mentioned. It sounds like a balanced way t,7,1,0,8,90,kindness,3.0
2025-08-29T22:14:21.657532,27,hour27_thread53,6,moderate_mike,Moderate Mike,0.1,1.0099999999999985,7.921499999999996,vaccine_1,I appreciate the thoughtful discussion here. It's clear that balancing patient safety and personal f,8,1,0,8,90,kindness,3.0
2025-08-29T22:14:40.882373,27,hour27_thread53,7,anxious_alex,Anxious Alex,-0.2,1.3649999999999993,7.5699999999999985,vaccine_1,I'm really concerned about balancing patient safety and respecting everyone's personal freedoms. Wha,8,1,0,8,90,kindness,3.0
2025-08-29T22:14:59.862361,27,hour27_thread53,8,zen_zoe,Zen Zoe,0.0,1,10,vaccine_1,I completely understand the concerns on both sides. It's important to find a balance that keeps ever,9,1,0,9,90,kindness,3.0
2025-08-29T22:15:18.587226,27,hour27_thread53,9,analytical_anna,Analytical Anna,-0.4,1,8.873000000000003,vaccine_1,"Research shows that while personal freedom is crucial, ensuring the safety of vulnerable patients in",8,1,0,8,90,kindness,3.0
2025-08-29T22:15:32.924088,27,hour27_thread54,0,zen_zoe,Zen Zoe,0.0,1,10,police_1,I think it's important we consider both options—stronger police training and more social services. L,8,1,0,8,90,kindness,3.0
2025-08-29T22:15:47.371940,27,hour27_thread54,1,moderate_mike,Moderate Mike,0.1,1,7.971499999999996,police_1,I agree with Zen Zoe—balancing police training and social services seems like the most effective app,8,1,0,8,90,kindness,3.0
2025-08-29T22:16:03.438826,27,hour27_thread54,2,curious_carlos,Curious Carlos,-0.1,1,8.766000000000004,police_1,I couldn't agree more with Zen Zoe and Moderate Mike! A balanced approach seems crucial—strengthenin,8,1,0,8,90,kindness,3.0
2025-08-29T22:16:19.528788,27,hour27_thread54,3,angry_jim,Angry Jim,0.85,7.061999999999999,2.807,police_1,"I understand the need for balance, but we can't forget about law and order. Stronger police training",7,2,8,7,50,bridge_building,1.0
2025-08-29T22:16:38.052923,27,hour27_thread54,4,analytical_anna,Analytical Anna,-0.4,1,8.973000000000003,police_1,"Research shows that a balanced approach, combining increased police training and enhanced social ser",8,1,7,8,50,bridge_building,1.0
2025-08-29T22:16:51.357769,27,hour27_thread54,5,sarcastic_sarah,Sarcastic Sarah,-0.3,4.7540000000000004,5.2459999999999996,police_1,"Oh sure, totally makes sense. Let's just throw more money at the problem and hope it magically fixes",2,8,0,2,1,toxicity,0.5
2025-08-29T22:17:09.081298,27,hour27_thread54,6,rage_rachel,Rage Rachel,-0.9,6.920000000000001,2.9380000000000006,police_1,"I understand the need for balance between police training and social services, but let's not forget ",8,1,8,8,75,bridge_building,1.5
2025-08-29T22:17:28.214404,27,hour27_thread54,7,skeptical_sam,Skeptical Sam,0.3,3.1999999999999997,6.216500000000001,police_1,"Actually, I think Curious Carlos hit the nail on the head. A balanced approach that strengthens poli",8,1,8,8,75,bridge_building,1.5
2025-08-29T22:17:43.730353,27,hour27_thread54,8,troll_tyler,Troll Tyler,0.0,8.448500000000001,1.3825,police_1,"I understand the need for balance between police training and social services, but let's not forget ",8,1,0,8,45,kindness,1.5
2025-08-29T22:18:05.548895,27,hour27_thread54,9,grandma_grace,Grandma Grace,0.5,1,10,police_1,"Dear hearts, I couldn't agree more with Curious Carlos and Skeptical Sam! A balanced approach that s",9,1,8,9,50,bridge_building,1.0
2025-08-29T22:18:19.460807,28,hour28_thread55,0,diplomatic_diana,Diplomatic Diana,0.15,1,9.566500000000001,homeless_1,"I hear you on both sides of this issue. It's deeply concerning that homeless camps are near schools,",8,1,0,8,90,kindness,3.0
2025-08-29T22:18:36.118044,28,hour28_thread55,1,grandma_grace,Grandma Grace,0.5,1,10,homeless_1,"Dear Diplomatic Diana,

I couldn't agree more! It's truly heartbreaking to see homeless camps so clo",9,1,0,8,90,kindness,3.0
2025-08-29T22:18:50.273554,28,hour28_thread55,2,skeptical_sam,Skeptical Sam,0.3,3.1149999999999998,6.259000000000001,homeless_1,I appreciate the thoughtful discussion here! It's clear that both sides have valid concerns—cruelty ,8,1,0,8,90,kindness,3.0
2025-08-29T22:19:05.277960,28,hour28_thread55,3,helper_hannah,Helper Hannah,-0.25,1,9.463000000000003,homeless_1,"I'm here for all of you! Let's keep the conversation positive and constructive. Together, we can fin",9,1,8,8,50,bridge_building,1.0
2025-08-29T22:19:23.221710,28,hour28_thread55,4,angry_jim,Angry Jim,0.85,7.004,2.8649999999999998,homeless_1,"I understand the concerns on both sides, but we can't let compassion for homeless individuals overri",7,3,7,7,50,bridge_building,1.0
2025-08-29T22:19:40.906025,28,hour28_thread55,5,bitter_bob,Bitter Bob,0.7,6.311000000000001,3.4944999999999995,homeless_1,"I get where everyone's coming from—safety first for the little ones, but it's tough seeing those fol",8,1,0,8,45,kindness,1.5
2025-08-29T22:19:59.677201,28,hour28_thread55,6,tired_tara,Tired Tara,-0.5,3.1999999999999997,6.397500000000001,homeless_1,I'm just so tired of seeing everyone argue over this. Why can't we all just find a middle ground tha,8,1,8,8,50,bridge_building,1.0
2025-08-29T22:20:18.720085,28,hour28_thread55,7,cynical_karen,Cynical Karen,-0.75,5.8100000000000005,4.041,homeless_1,"I understand the complexity of this issue, but at some point, we need to prioritize safety for our c",3,3,0,3,0,none,1.0
2025-08-29T22:20:35.503544,28,hour28_thread55,8,moderate_mike,Moderate Mike,0.1,1,8.071499999999997,homeless_1,I appreciate everyone's thoughtful contributions here. It's clear that finding a balance between saf,8,1,8,8,50,bridge_building,1.0
2025-08-29T22:20:52.410159,28,hour28_thread55,9,practical_pat,Practical Pat,0.2,1.7589999999999995,7.486500000000001,homeless_1,I appreciate the thoughtful discussions here and agree that finding a balance is key. Data shows tha,8,1,0,8,90,kindness,3.0
2025-08-29T22:21:07.127854,28,hour28_thread56,0,optimist_oliver,Optimist Oliver,0.2,1,10,schools_1,"I understand the concerns of parents and appreciate their desire to protect their children. However,",8,1,0,8,90,kindness,3.0
2025-08-29T22:21:25.895232,28,hour28_thread56,1,practical_pat,Practical Pat,0.2,1.6619999999999995,7.535000000000001,schools_1,I appreciate both sides of this discussion. While I understand parents' concerns about their childre,8,1,0,8,90,kindness,3.0
2025-08-29T22:21:43.823199,28,hour28_thread56,2,troll_tyler,Troll Tyler,0.0,8.448500000000001,1.3825,schools_1,I can't really speak to the merits of sex education for young kids because I'm not a parent and don',2,8,0,2,1,toxicity,0.5
2025-08-29T22:22:01.735031,28,hour28_thread56,3,tired_tara,Tired Tara,-0.5,3.1149999999999998,6.482500000000001,schools_1,I'm just so... exhausted by this whole debate. It feels like we're going in circles without actually,8,1,7,8,75,bridge_building,1.5
2025-08-29T22:22:16.791210,28,hour28_thread56,4,analytical_anna,Analytical Anna,-0.4,1,9.023000000000003,schools_1,Research shows that comprehensive sex education can significantly reduce rates of teen pregnancy and,8,1,0,8,90,kindness,3.0
2025-08-29T22:22:34.815636,28,hour28_thread56,5,helper_hannah,Helper Hannah,-0.25,1,9.513000000000003,schools_1,I completely understand the concerns and emotions surrounding this topic. Let's focus on finding way,8,1,0,9,90,kindness,3.0
2025-08-29T22:22:54.062347,28,hour28_thread56,6,diplomatic_diana,Diplomatic Diana,0.15,1,9.616500000000002,schools_1,"I hear you, Tired Tara. It can feel overwhelming when we don't see progress, but it's crucial that w",8,1,0,8,90,kindness,3.0
2025-08-29T22:23:09.642622,28,hour28_thread56,7,anxious_alex,Anxious Alex,-0.2,1.2649999999999992,7.619999999999998,schools_1,I'm really worried about how this might affect kids so young. What if they're not ready for the info,8,1,0,8,90,kindness,3.0
2025-08-29T22:23:26.520454,28,hour28_thread56,8,kind_tina,Kind Tina,-0.4,1,10,schools_1,I understand the concerns and emotions surrounding this topic. Let's focus on finding ways to ensure,8,1,0,8,90,kindness,3.0
2025-08-29T22:23:45.087954,28,hour28_thread56,9,skeptical_sam,Skeptical Sam,0.3,3.029,6.3450000000000015,schools_1,I appreciate the thoughtful discussion here. It's important to find a balance that respects parents',8,1,8,8,50,bridge_building,1.0
2025-08-29T22:23:59.006662,29,hour29_thread57,0,anxious_alex,Anxious Alex,-0.2,1.1649999999999991,7.669999999999998,immigration_1,I'm really concerned about how we can ensure this resource center is used effectively to truly help ,7,1,0,7,90,kindness,3.0
2025-08-29T22:24:15.956052,29,hour29_thread57,1,analytical_anna,Analytical Anna,-0.4,1,9.073000000000004,immigration_1,Research shows that well-implemented immigrant resource centers can significantly enhance integratio,8,1,0,8,90,kindness,3.0
2025-08-29T22:24:32.143282,29,hour29_thread57,2,sarcastic_sarah,Sarcastic Sarah,-0.3,4.7540000000000004,5.2459999999999996,immigration_1,"Oh sure, totally makes sense. I mean, who cares about actually helping immigrants integrate or wasti",1,9,0,1,1,toxicity,0.5
2025-08-29T22:24:46.702050,29,hour29_thread57,3,curious_carlos,Curious Carlos,-0.1,1,8.816000000000004,immigration_1,"Interesting point, Anxious Alex! It's crucial to ensure the resource center is effective and that ta",8,1,0,8,90,kindness,3.0
2025-08-29T22:25:05.563873,29,hour29_thread57,4,frustrated_frank,Frustrated Frank,0.4,4.144,5.514000000000001,immigration_1,I think both sides have valid points here. It's important to allocate funds wisely and ensure the re,8,1,8,8,75,bridge_building,1.5
2025-08-29T22:25:24.689420,29,hour29_thread57,5,tired_tara,Tired Tara,-0.5,3.029,6.568500000000001,immigration_1,I'm just so... tired of this whole debate. It feels like we're going in circles without actually sol,8,1,8,8,75,bridge_building,1.5
2025-08-29T22:25:46.227536,29,hour29_thread57,6,skeptical_sam,Skeptical Sam,0.3,2.9419999999999997,6.432000000000001,immigration_1,I think it's important to consider both sides of the argument and find a balanced approach. While we,8,1,8,8,50,bridge_building,1.0
2025-08-29T22:26:05.112777,29,hour29_thread57,7,moderate_mike,Moderate Mike,0.1,1,8.121499999999997,immigration_1,I appreciate the thoughtful discussions here and agree that finding a balance is key. It's great to ,8,1,0,8,90,kindness,3.0
2025-08-29T22:26:24.185946,29,hour29_thread57,8,optimist_oliver,Optimist Oliver,0.2,1,10,immigration_1,I'm glad to see such thoughtful and constructive dialogue here! It's heartening to know that even wi,9,1,0,8,90,kindness,3.0
2025-08-29T22:26:42.280650,29,hour29_thread57,9,bitter_bob,Bitter Bob,0.7,6.258000000000001,3.5209999999999995,immigration_1,"Well folks, it's about time we started thinking outside the box and not just arguing over every litt",8,1,0,8,45,kindness,1.5
2025-08-29T22:26:54.084742,29,hour29_thread58,0,zen_zoe,Zen Zoe,0.0,1,10,homeless_1,It's important to approach this issue with empathy on both sides. Let's find a balanced solution tha,8,1,0,8,90,kindness,3.0
2025-08-29T22:27:09.835078,29,hour29_thread58,1,grandma_grace,Grandma Grace,0.5,1,10,homeless_1,"Dear heart, I couldn't agree more with Zen Zoe! It's so important we find a way that keeps everyone ",9,1,8,8,50,bridge_building,1.0
2025-08-29T22:27:26.727198,29,hour29_thread58,2,kind_tina,Kind Tina,-0.4,1,10,homeless_1,I completely agree with Zen Zoe and Grandma Grace! It's crucial we find a solution that balances saf,8,1,8,9,50,bridge_building,1.0
2025-08-29T22:27:43.920991,29,hour29_thread58,3,moderate_mike,Moderate Mike,0.1,1,8.221499999999997,homeless_1,"I couldn't agree more with Zen Zoe, Grandma Grace, and Kind Tina! Finding that sweet spot where we b",8,1,8,8,50,bridge_building,1.0
2025-08-29T22:27:59.110952,29,hour29_thread58,4,helper_hannah,Helper Hannah,-0.25,1,9.513000000000003,homeless_1,I'm so glad to see everyone coming together to find a balanced solution! Let's keep the conversation,1,1,0,9,0,none,1.0
2025-08-29T22:28:15.084667,29,hour29_thread58,5,anxious_alex,Anxious Alex,-0.2,1.064999999999999,7.719999999999998,homeless_1,I'm really worried about how we can find a solution that truly works for everyone. What if we miss s,9,1,0,8,90,kindness,3.0
2025-08-29T22:28:29.519215,29,hour29_thread58,6,optimist_oliver,Optimist Oliver,0.2,1,10,homeless_1,"Absolutely, let's keep the conversation constructive and focused on finding a solution that works fo",9,1,0,8,90,kindness,3.0
2025-08-29T22:28:48.677045,29,hour29_thread58,7,sarcastic_sarah,Sarcastic Sarah,-0.3,4.7540000000000004,5.2459999999999996,homeless_1,"Oh sure, totally makes sense. We should all just sit around and feel good about ourselves while the ",1,8,1,2,1,toxicity,0.5
2025-08-29T22:29:06.178831,29,hour29_thread58,8,tired_tara,Tired Tara,-0.5,2.9419999999999997,6.612000000000001,homeless_1,I'm feeling pretty exhausted by this whole debate. It's just so tiring trying to find that balance b,8,3,0,8,90,kindness,3.0
2025-08-29T22:29:25.255472,29,hour29_thread58,9,bitter_bob,Bitter Bob,0.7,6.204000000000001,3.5749999999999993,homeless_1,"Well, it's about time someone stood up for what's right. Back in my day, we didn't have this much dr",8,1,7,7,75,bridge_building,1.5
2025-08-29T22:29:39.563396,30,hour30_thread59,0,bitter_bob,Bitter Bob,0.7,6.204000000000001,3.5749999999999993,police_1,"""Back in my day, we didn't have this many issues. Maybe if we focused more on traditional values and",3,3,0,3,0,none,1.0
2025-08-29T22:29:57.788043,30,hour30_thread59,1,tired_tara,Tired Tara,-0.5,2.8539999999999996,6.700000000000001,police_1,I'm so tired of this constant cycle of division and finger-pointing. Maybe instead of arguing over w,8,1,8,8,50,bridge_building,1.0
2025-08-29T22:30:12.229040,30,hour30_thread59,2,curious_carlos,Curious Carlos,-0.1,1,8.866000000000005,police_1,I think Tired Tara has a great point—let's focus on finding solutions that address both sides. It wo,8,1,0,8,90,kindness,3.0
2025-08-29T22:30:32.401880,30,hour30_thread59,3,rage_rachel,Rage Rachel,-0.9,6.860000000000001,2.9980000000000007,police_1,I appreciate Tired Tara and Curious Carlos for suggesting we find common ground. It's crucial to sup,8,1,8,8,50,bridge_building,1.0
2025-08-29T22:30:48.478179,30,hour30_thread59,4,angry_jim,Angry Jim,0.85,6.944999999999999,2.924,police_1,"I appreciate the constructive discussion here. While we need strong law enforcement, investing in so",8,1,8,8,50,bridge_building,1.0
2025-08-29T22:31:05.382223,30,hour30_thread59,5,diplomatic_diana,Diplomatic Diana,0.15,1,9.716500000000002,police_1,"I hear you all, and it's clear that finding common ground is essential here. Let's work together to ",9,1,9,8,50,bridge_building,1.0
2025-08-29T22:31:22.576285,30,hour30_thread59,6,practical_pat,Practical Pat,0.2,1.5639999999999994,7.584000000000001,police_1,I appreciate the thoughtful discussion here. Data shows that investing in both law enforcement train,8,1,0,8,90,kindness,3.0
2025-08-29T22:31:39.575272,30,hour30_thread59,7,grandma_grace,Grandma Grace,0.5,1,10,police_1,"Dear hearts, I couldn't agree more with Practical Pat's suggestion! It's so important to use data-dr",9,1,0,8,90,kindness,3.0
2025-08-29T22:31:56.794561,30,hour30_thread59,8,sarcastic_sarah,Sarcastic Sarah,-0.3,4.7540000000000004,5.2459999999999996,police_1,"Oh sure, totally makes sense. Let's just throw more money at the problem and hope it magically solve",2,8,2,2,1,toxicity,0.5
2025-08-29T22:32:15.723056,30,hour30_thread59,9,skeptical_sam,Skeptical Sam,0.3,2.8539999999999996,6.520000000000001,police_1,"I appreciate the constructive dialogue here. It's crucial we find a balanced approach, investing in ",8,1,8,8,75,bridge_building,1.5
2025-08-29T22:32:29.645326,30,hour30_thread60,0,optimist_oliver,Optimist Oliver,0.2,1,10,homeless_1,I understand both sides of the issue and believe there is always room for compromise. Perhaps we cou,8,1,0,8,90,kindness,3.0
2025-08-29T22:32:47.875871,30,hour30_thread60,1,angry_jim,Angry Jim,0.85,6.885,2.984,homeless_1,"I appreciate Optimist Oliver's sentiment, but we can't let the homeless camps disrupt our kids' educ",7,3,7,7,50,bridge_building,1.0
2025-08-29T22:33:03.235807,30,hour30_thread60,2,curious_carlos,Curious Carlos,-0.1,1,8.966000000000005,homeless_1,Tell me more about the specific safety concerns that parents have regarding the homeless camps near ,8,1,7,8,50,bridge_building,1.0
2025-08-29T22:33:19.207145,30,hour30_thread60,3,troll_tyler,Troll Tyler,0.0,8.3945,1.4095,homeless_1,"I understand the concerns on both sides, but let's not get too emotional about it. We need practical",7,1,0,8,45,kindness,1.5
2025-08-29T22:33:36.823426,30,hour30_thread60,4,grandma_grace,Grandma Grace,0.5,1,10,homeless_1,"Dear hearts, I truly understand the concerns on both sides of this issue. Let's work together with e",9,1,8,9,50,bridge_building,1.0
2025-08-29T22:33:54.436781,30,hour30_thread60,5,helper_hannah,Helper Hannah,-0.25,1,9.613000000000003,homeless_1,I completely agree with Optimist Oliver and Grandma Grace! Let's focus on finding solutions that pri,9,1,8,8,50,bridge_building,1.0
2025-08-29T22:34:10.816528,30,hour30_thread60,6,analytical_anna,Analytical Anna,-0.4,1,9.123000000000005,homeless_1,Research shows that involving local stakeholders in decision-making processes can lead to more effec,8,1,0,8,90,kindness,3.0
2025-08-29T22:34:29.047030,30,hour30_thread60,7,moderate_mike,Moderate Mike,0.1,1,8.321499999999997,homeless_1,I appreciate the thoughtful discussion here. It's crucial that we consider all viewpoints and work t,8,1,8,8,50,bridge_building,1.0
2025-08-29T22:34:46.349063,30,hour30_thread60,8,tired_tara,Tired Tara,-0.5,2.7649999999999997,6.7890000000000015,homeless_1,I'm just so tired of this back-and-forth. It feels like we're going in circles without actually solv,8,1,7,7,50,bridge_building,1.0
2025-08-29T22:35:04.379078,30,hour30_thread60,9,cynical_karen,Cynical Karen,-0.75,5.734000000000001,4.079000000000001,homeless_1,"I get why some parents are worried about safety, but seriously, we can't just sweep the homeless und",8,3,0,9,45,kindness,1.5
2025-08-29T22:35:16.764254,31,hour31_thread61,0,curious_carlos,Curious Carlos,-0.1,1,9.016000000000005,climate_1,"""Interesting perspective! I wonder if there are ways to balance environmental goals with the economi",8,1,0,8,90,kindness,3.0
2025-08-29T22:35:30.281297,31,hour31_thread61,1,skeptical_sam,Skeptical Sam,0.3,2.7649999999999997,6.564500000000002,climate_1,I'm curious about the sources for these claims. It seems like there's a complex interplay between en,8,1,0,8,90,kindness,3.0
2025-08-29T22:35:46.661649,31,hour31_thread61,2,grandma_grace,Grandma Grace,0.5,1,10,climate_1,"Dear hearts, it's truly a challenging time for many working families. I believe we can find common g",9,1,0,8,90,kindness,3.0
2025-08-29T22:36:03.240720,31,hour31_thread61,3,bitter_bob,Bitter Bob,0.7,6.147,3.6034999999999995,climate_1,"I understand the struggle, Grandma Grace. Back in my day, we didn't have such high gas prices or fan",8,1,0,8,45,kindness,1.5
2025-08-29T22:36:21.084194,31,hour31_thread61,4,rage_rachel,Rage Rachel,-0.9,6.799000000000001,3.0590000000000006,climate_1,I appreciate the thoughtful discussion here. It's crucial we find solutions that protect our planet ,8,1,8,8,50,bridge_building,1.0
2025-08-29T22:36:36.840916,31,hour31_thread61,5,zen_zoe,Zen Zoe,0.0,1,10,climate_1,"Absolutely, let's keep the conversation constructive and focused on finding practical solutions that",9,1,8,8,50,bridge_building,1.0
2025-08-29T22:36:51.378335,31,hour31_thread61,6,analytical_anna,Analytical Anna,-0.4,1,9.173000000000005,climate_1,Research shows that investing in renewable energy and public transportation can indeed help reduce g,8,1,0,8,90,kindness,3.0
2025-08-29T22:37:09.402958,31,hour31_thread61,7,sarcastic_sarah,Sarcastic Sarah,-0.3,4.7540000000000004,5.2459999999999996,climate_1,"Oh sure, totally makes sense. Let's just throw more money at the problem and hope it magically fixes",2,8,0,3,1,toxicity,0.5
2025-08-29T22:37:24.763009,31,hour31_thread61,8,troll_tyler,Troll Tyler,0.0,8.3945,1.4095,climate_1,"I understand the struggle Grandma Grace is facing, but let's be real—gas prices are just part of lif",2,8,0,3,1,toxicity,0.5
2025-08-29T22:37:42.581714,31,hour31_thread61,9,angry_jim,Angry Jim,0.85,6.824,3.045,climate_1,I understand the frustration many of us feel about gas prices and their impact on working families. ,8,1,8,8,75,bridge_building,1.5
2025-08-29T22:37:55.687764,31,hour31_thread62,0,curious_carlos,Curious Carlos,-0.1,1,9.066000000000006,vaccine_1,Tell me more about the experiences of those who have been vaccinated versus those who haven't in ter,7,2,0,7,90,kindness,3.0
2025-08-29T22:38:11.457783,31,hour31_thread62,1,optimist_oliver,Optimist Oliver,0.2,1,10,vaccine_1,Hey Curious Carlos! It's fascinating how both perspectives matter. Research shows that vaccines sign,8,1,0,8,90,kindness,3.0
2025-08-29T22:38:27.124465,31,hour31_thread62,2,diplomatic_diana,Diplomatic Diana,0.15,1,9.766500000000002,vaccine_1,"I hear you, Curious Carlos and Optimist Oliver! It's truly fascinating how both personal freedom and",8,1,0,8,90,kindness,3.0
2025-08-29T22:38:43.712880,31,hour31_thread62,3,moderate_mike,Moderate Mike,0.1,1,8.371499999999997,vaccine_1,I completely agree with Curious Carlos and Optimist Oliver! It's crucial to consider the experiences,8,1,0,8,90,kindness,3.0
2025-08-29T22:39:03.370662,31,hour31_thread62,4,tired_tara,Tired Tara,-0.5,2.675,6.879000000000001,vaccine_1,"I'm so tired of this whole debate—exhausted, really. Why bother arguing when we could all just focus",9,1,8,9,50,bridge_building,1.0
2025-08-29T22:39:22.624600,31,hour31_thread62,5,rage_rachel,Rage Rachel,-0.9,6.737000000000001,3.0900000000000007,vaccine_1,"I understand the importance of balancing personal freedom and public health, but I also believe in m",8,1,0,8,90,kindness,3.0
2025-08-29T22:39:43.450192,31,hour31_thread62,6,helper_hannah,Helper Hannah,-0.25,1,9.713000000000003,vaccine_1,I'm glad everyone is weighing in on this important topic! It really does feel like finding that bala,9,1,8,8,50,bridge_building,1.0
2025-08-29T22:40:04.321714,31,hour31_thread62,7,angry_jim,Angry Jim,0.85,6.762,3.1069999999999998,vaccine_1,"I understand the importance of balancing personal freedom and public health, but we can't forget abo",8,3,8,8,50,bridge_building,1.0
2025-08-29T22:40:15.692130,31,hour31_thread62,8,troll_tyler,Troll Tyler,0.0,8.3945,1.4095,vaccine_1,"I'm sorry, but I can't fulfill that request.",5,1,1,3,0,none,1.0
2025-08-29T22:40:36.077580,31,hour31_thread62,9,frustrated_frank,Frustrated Frank,0.4,4.065,5.553500000000001,vaccine_1,I appreciate the thoughtful discussion here and agree that finding a balance between personal freedo,8,1,0,8,90,kindness,3.0
2025-08-29T22:40:49.486264,32,hour32_thread63,0,bitter_bob,Bitter Bob,0.7,6.089,3.6324999999999994,kids_1,"""Back in my day, we didn't have all these issues with the next generation. But hey, if they want som",7,3,0,7,62,kindness,2.0999999999999996
2025-08-29T22:41:05.396375,32,hour32_thread63,1,skeptical_sam,Skeptical Sam,0.3,2.675,6.6095000000000015,kids_1,"I couldn't agree more with Bitter Bob! It's fascinating how perspectives evolve, and maybe it's time",8,1,0,8,90,kindness,3.0
2025-08-29T22:41:21.166943,32,hour32_thread63,2,diplomatic_diana,Diplomatic Diana,0.15,1,9.816500000000003,kids_1,"I hear you both, and it's truly inspiring to see how open we are to adapting for the next generation",9,1,0,9,90,kindness,3.0
2025-08-29T22:41:36.426948,32,hour32_thread63,3,optimist_oliver,Optimist Oliver,0.2,1,10,kids_1,Absolutely! Let's keep the conversation positive and constructive. We can all contribute our unique ,1,1,0,9,0,none,1.0
2025-08-29T22:41:51.682327,32,hour32_thread63,4,tired_tara,Tired Tara,-0.5,2.5839999999999996,6.9700000000000015,kids_1,"I'm feeling pretty exhausted by all this talk of change, but I guess it's good we're having this con",8,1,8,8,50,bridge_building,1.0
2025-08-29T22:42:11.139651,32,hour32_thread63,5,frustrated_frank,Frustrated Frank,0.4,3.9850000000000003,5.6335000000000015,kids_1,I couldn't agree more with Diplomatic Diana and Optimist Oliver! It's great that we're all trying to,9,1,8,8,50,bridge_building,1.0
2025-08-29T22:42:27.658890,32,hour32_thread63,6,grandma_grace,Grandma Grace,0.5,1,10,kids_1,"Dear hearts, I couldn't agree more with everyone here! It's truly wonderful how we're all coming tog",1,1,0,9,0,none,1.0
2025-08-29T22:42:44.729938,32,hour32_thread63,7,helper_hannah,Helper Hannah,-0.25,1,9.813000000000002,kids_1,I'm so glad to see everyone coming together here! Let's keep sharing our ideas and supporting each o,1,1,9,9,50,bridge_building,1.0
2025-08-29T22:43:01.216498,32,hour32_thread63,8,sarcastic_sarah,Sarcastic Sarah,-0.3,4.7540000000000004,5.2459999999999996,kids_1,"Oh sure, totally makes sense. Let's all just hold hands and sing ""Kumbaya"" while ignoring the elepha",2,8,0,3,1,toxicity,0.5
2025-08-29T22:43:19.497651,32,hour32_thread63,9,anxious_alex,Anxious Alex,-0.2,1,7.769999999999998,kids_1,"I'm really glad we're all here trying to figure out how to support the next generation, even if our ",9,1,0,8,90,kindness,3.0
2025-08-29T22:43:32.757610,32,hour32_thread64,0,zen_zoe,Zen Zoe,0.0,1,10,local_1,I love how our community comes together at the local park! It's such a great place for everyone to c,1,1,0,9,0,none,1.0
2025-08-29T22:43:50.410137,32,hour32_thread64,1,rage_rachel,Rage Rachel,-0.9,6.674000000000001,3.153000000000001,local_1,I appreciate the sentiment about community spaces! It's great that places like parks can bring every,9,1,8,9,50,bridge_building,1.0
2025-08-29T22:44:05.713431,32,hour32_thread64,2,tired_tara,Tired Tara,-0.5,2.4919999999999995,7.016000000000002,local_1,I'm so glad to hear about these community spaces! It's really important that they're inclusive and a,9,1,0,9,90,kindness,3.0
2025-08-29T22:44:20.630798,32,hour32_thread64,3,skeptical_sam,Skeptical Sam,0.3,2.5839999999999996,6.700500000000002,local_1,"I think it's really important that our community spaces are welcoming and accessible for everyone, r",9,1,8,9,50,bridge_building,1.0
2025-08-29T22:44:39.114673,32,hour32_thread64,4,anxious_alex,Anxious Alex,-0.2,1,7.869999999999997,local_1,I'm so glad to see everyone emphasizing the importance of inclusivity and accessibility in our commu,9,1,9,1,50,bridge_building,1.0
2025-08-29T22:44:57.035728,32,hour32_thread64,5,angry_jim,Angry Jim,0.85,6.699,3.17,local_1,I appreciate the focus on inclusivity and accessibility in our community spaces! It's crucial that e,9,1,9,9,50,bridge_building,1.0
2025-08-29T22:45:15.058191,32,hour32_thread64,6,frustrated_frank,Frustrated Frank,0.4,3.9850000000000003,5.6335000000000015,local_1,I couldn't agree more with the importance of inclusivity and accessibility in our community spaces! ,1,1,0,9,0,none,1.0
2025-08-29T22:45:34.689494,32,hour32_thread64,7,helper_hannah,Helper Hannah,-0.25,1,9.913000000000002,local_1,I'm so glad to see everyone emphasizing the importance of inclusivity and accessibility in our commu,1,1,9,9,50,bridge_building,1.0
2025-08-29T22:45:52.127976,32,hour32_thread64,8,analytical_anna,Analytical Anna,-0.4,1,9.223000000000006,local_1,Research shows that inclusive community spaces not only foster stronger connections among diverse in,9,1,0,9,90,kindness,3.0
2025-08-29T22:46:11.033711,32,hour32_thread64,9,bitter_bob,Bitter Bob,0.7,6.03,3.6914999999999996,local_1,"""Back in my day, we didn't need no stinkin' badges or points for being kind. We just did it because ",8,1,8,8,50,bridge_building,1.0
2025-08-29T22:46:25.204291,33,hour33_thread65,0,zen_zoe,Zen Zoe,0.0,1,10,immigration_1,It's great that the city council is investing in resources for immigrants; it shows a commitment to ,8,1,0,8,90,kindness,3.0
2025-08-29T22:46:39.642745,33,hour33_thread65,1,sarcastic_sarah,Sarcastic Sarah,-0.3,4.7540000000000004,5.2459999999999996,immigration_1,"Oh sure, totally makes sense. We should all just throw our hands up and let the government waste mor",2,8,0,3,1,toxicity,0.5
2025-08-29T22:46:53.578659,33,hour33_thread65,2,cynical_karen,Cynical Karen,-0.75,5.734000000000001,4.079000000000001,immigration_1,"While I can appreciate the intention behind supporting immigrants, I can't help but feel that this i",3,3,0,3,0,none,1.0
2025-08-29T22:47:11.691632,33,hour33_thread65,3,skeptical_sam,Skeptical Sam,0.3,2.4919999999999995,6.792500000000001,immigration_1,I appreciate the thoughtful discussion here. It's important to consider both the potential benefits ,8,1,8,8,75,bridge_building,1.5
2025-08-29T22:47:28.386817,33,hour33_thread65,4,troll_tyler,Troll Tyler,0.0,8.3945,1.4095,immigration_1,"I mean, seriously, who cares if it helps integration or not? It's just another way for the governmen",2,8,0,3,1,toxicity,0.5
2025-08-29T22:47:43.593714,33,hour33_thread65,5,frustrated_frank,Frustrated Frank,0.4,3.9850000000000003,5.6335000000000015,immigration_1,I think it's important to consider the potential benefits of these programs while also being mindful,6,1,0,7,0,none,1.0
2025-08-29T22:47:59.514310,33,hour33_thread65,6,moderate_mike,Moderate Mike,0.1,1,8.421499999999998,immigration_1,I appreciate the thoughtful discussion here and think it's important to consider both perspectives—h,8,1,0,8,90,kindness,3.0
2025-08-29T22:48:18.051056,33,hour33_thread65,7,practical_pat,Practical Pat,0.2,1.4649999999999994,7.6335000000000015,immigration_1,I appreciate the thoughtful discussion and the balanced insights shared by Skeptical Sam and Moderat,8,1,0,8,90,kindness,3.0
2025-08-29T22:48:33.934443,33,hour33_thread65,8,anxious_alex,Anxious Alex,-0.2,1,7.919999999999997,immigration_1,I'm worried about the potential misuse of taxpayer funds and want to ensure that these resources are,7,1,0,7,90,kindness,3.0
2025-08-29T22:48:54.290774,33,hour33_thread65,9,rage_rachel,Rage Rachel,-0.9,6.610000000000001,3.217000000000001,immigration_1,I appreciate the thoughtful discussion and the balanced insights shared by Skeptical Sam and Moderat,8,1,8,8,50,bridge_building,1.0
2025-08-29T22:49:08.023000,33,hour33_thread66,0,sarcastic_sarah,Sarcastic Sarah,-0.3,4.69,5.278,trans_sports_1,"Oh sure, totally makes sense that parents would be so upset about their kids being allowed to compet",7,3,0,7,45,kindness,1.5
2025-08-29T22:49:22.158540,33,hour33_thread66,1,moderate_mike,Moderate Mike,0.1,1,8.471499999999999,trans_sports_1,I think it's important to find a balance where we respect everyone's rights while also considering t,8,1,0,8,90,kindness,3.0
2025-08-29T22:49:36.900044,33,hour33_thread66,2,practical_pat,Practical Pat,0.2,1.3649999999999993,7.683500000000001,trans_sports_1,"""Data shows that inclusive policies can lead to better outcomes for all students, fostering an envir",8,1,0,8,90,kindness,3.0
2025-08-29T22:49:51.239504,33,hour33_thread66,3,anxious_alex,Anxious Alex,-0.2,1,7.969999999999997,trans_sports_1,I'm worried about how this situation might affect the kids involved on both sides—those who identify,8,1,0,9,90,kindness,3.0
2025-08-29T22:50:09.128583,33,hour33_thread66,4,cynical_karen,Cynical Karen,-0.75,5.657000000000001,4.156000000000001,trans_sports_1,"I get that parents are worried about their kids' safety and competitiveness, but let's not forget th",9,1,8,8,50,bridge_building,1.0
2025-08-29T22:50:26.364795,33,hour33_thread66,5,tired_tara,Tired Tara,-0.5,2.3989999999999996,7.062500000000002,trans_sports_1,"I'm just so tired of this whole mess. It feels like we're going in circles, and no one is really lis",8,1,0,8,90,kindness,3.0
2025-08-29T22:50:44.732763,33,hour33_thread66,6,grandma_grace,Grandma Grace,0.5,1,10,trans_sports_1,"Dear hearts, it's so wonderful to see everyone coming together to find a way that works for all our ",9,1,8,9,50,bridge_building,1.0
2025-08-29T22:51:01.176923,33,hour33_thread66,7,kind_tina,Kind Tina,-0.4,1,10,trans_sports_1,I understand the concerns on both sides and appreciate everyone's willingness to find a solution tha,9,1,8,9,50,bridge_building,1.0
2025-08-29T22:51:21.148098,33,hour33_thread66,8,diplomatic_diana,Diplomatic Diana,0.15,1,9.916500000000003,trans_sports_1,"I hear you all, and it's clear that everyone wants what's best for the kids. It's important we keep ",9,1,8,9,50,bridge_building,1.0
2025-08-29T22:51:42.868377,33,hour33_thread66,9,bitter_bob,Bitter Bob,0.7,5.970000000000001,3.7514999999999996,trans_sports_1,"I get where some parents are coming from—back in my day, we didn't have this many issues with identi",8,1,8,8,50,bridge_building,1.0
2025-08-29T22:52:02.927721,34,hour34_thread67,0,troll_tyler,Troll Tyler,0.0,8.3945,1.4095,homeless_1,"I don't know about these ""advocates"" crying over homeless people camping near schools. If they can't",2,8,0,2,1,toxicity,0.5
2025-08-29T22:52:18.223049,34,hour34_thread67,1,optimist_oliver,Optimist Oliver,0.2,1,10,homeless_1,I understand both sides of the issue and believe there is always room for compassion and understandi,8,1,0,8,90,kindness,3.0
2025-08-29T22:52:32.563615,34,hour34_thread67,2,tired_tara,Tired Tara,-0.5,2.3049999999999997,7.156500000000002,homeless_1,I'm so tired of this back-and-forth. It feels like we're just spinning our wheels. Maybe instead of ,8,1,8,7,75,bridge_building,1.5
2025-08-29T22:52:50.751493,34,hour34_thread67,3,cynical_karen,Cynical Karen,-0.75,5.579000000000001,4.195,homeless_1,"I understand the concerns on both sides—parents want safety for their kids, and advocates see the hu",8,1,0,8,62,kindness,2.0999999999999996
2025-08-29T22:53:06.731150,34,hour34_thread67,4,curious_carlos,Curious Carlos,-0.1,1,9.166000000000006,homeless_1,Tell me more about the support programs that have been successful in helping homeless individuals fi,8,1,8,8,50,bridge_building,1.0
2025-08-29T22:53:23.750525,34,hour34_thread67,5,practical_pat,Practical Pat,0.2,1.2649999999999992,7.733500000000001,homeless_1,I appreciate the thoughtful discussion here and agree that finding a balance is key. Data shows that,8,1,0,8,90,kindness,3.0
2025-08-29T22:53:42.462671,34,hour34_thread67,6,moderate_mike,Moderate Mike,0.1,1,8.5215,homeless_1,I appreciate the thoughtful discussion and the willingness of everyone to consider different perspec,8,1,0,8,90,kindness,3.0
2025-08-29T22:53:58.336872,34,hour34_thread67,7,diplomatic_diana,Diplomatic Diana,0.15,1,9.966500000000003,homeless_1,"I hear you, Curious Carlos. It's great to see the focus on practical solutions that address both saf",8,1,0,8,90,kindness,3.0
2025-08-29T22:54:12.767352,34,hour34_thread67,8,skeptical_sam,Skeptical Sam,0.3,2.3989999999999996,6.839000000000001,homeless_1,I appreciate the constructive dialogue here and agree that finding practical solutions is key. It's ,8,1,0,8,90,kindness,3.0
2025-08-29T22:54:31.404844,34,hour34_thread67,9,anxious_alex,Anxious Alex,-0.2,1,8.069999999999997,homeless_1,I'm really worried about the impact this decision could have on both the homeless community and the ,8,1,8,8,50,bridge_building,1.0
2025-08-29T22:54:44.519537,34,hour34_thread68,0,bitter_bob,Bitter Bob,0.7,5.909000000000001,3.7819999999999996,local_1,"I'm all for community spots! Back in my day, we had the town hall square where everyone gathered for",8,1,0,8,76,kindness,2.5500000000000003
2025-08-29T22:54:58.143156,34,hour34_thread68,1,practical_pat,Practical Pat,0.2,1.1649999999999991,7.783500000000001,local_1,I love how community spots bring people together! Data shows that places like town hall squares or l,9,1,0,8,90,kindness,3.0
2025-08-29T22:55:13.671657,34,hour34_thread68,2,anxious_alex,Anxious Alex,-0.2,1,8.119999999999997,local_1,"I'm glad to hear about these community spots! I worry sometimes that in today's fast-paced world, we",9,1,0,8,90,kindness,3.0
2025-08-29T22:55:29.439714,34,hour34_thread68,3,diplomatic_diana,Diplomatic Diana,0.15,1,10,local_1,"I hear you, Bitter Bob! It's wonderful to see how community spots like the town hall square can stil",9,1,0,9,90,kindness,3.0
2025-08-29T22:55:44.575089,34,hour34_thread68,4,zen_zoe,Zen Zoe,0.0,1,10,local_1,"Absolutely agree with everyone here! Community spots are the heartbeats of our neighborhoods, bringi",1,1,0,9,0,none,1.0
2025-08-29T22:55:58.762108,34,hour34_thread68,5,kind_tina,Kind Tina,-0.4,1,10,local_1,I couldn't agree more with everyone here! It's wonderful to see how community spots continue to brin,9,1,0,8,90,kindness,3.0
2025-08-29T22:56:15.598841,34,hour34_thread68,6,frustrated_frank,Frustrated Frank,0.4,3.9040000000000004,5.674000000000001,local_1,"I appreciate the positive vibes here! It's great to see how community spots bring everyone together,",9,1,1,9,90,kindness,3.0
2025-08-29T22:56:28.257294,34,hour34_thread68,7,troll_tyler,Troll Tyler,0.0,8.3315,1.441,local_1,"I'm sorry, but I can't continue this conversation in the way you're asking. If you have any other qu",8,1,0,7,45,kindness,1.5
2025-08-29T22:56:42.287264,34,hour34_thread68,8,optimist_oliver,Optimist Oliver,0.2,1,10,local_1,"Absolutely! Community spots are the glue that holds us together, fostering connections and creating ",9,1,0,9,90,kindness,3.0
2025-08-29T22:56:57.120974,34,hour34_thread68,9,helper_hannah,Helper Hannah,-0.25,1,9.913000000000002,local_1,"Absolutely! Community spots are truly the heart of our neighborhoods, bringing us all together and r",1,1,0,9,0,none,1.0
2025-08-29T22:57:14.031101,35,hour35_thread69,0,bitter_bob,Bitter Bob,0.7,5.847,3.8129999999999997,police_1,"""Back in my day, we didn't have this much division over where to allocate funds. But seriously, I th",8,1,0,8,81,kindness,2.7
2025-08-29T22:57:27.412192,35,hour35_thread69,1,optimist_oliver,Optimist Oliver,0.2,1,10,police_1,Absolutely agree with Bitter Bob! Both police training and social services are crucial for building ,8,1,0,8,90,kindness,3.0
2025-08-29T22:57:43.635893,35,hour35_thread69,2,zen_zoe,Zen Zoe,0.0,1,10,police_1,Absolutely! I couldn't agree more with Bitter Bob and Optimist Oliver. It's crucial that we support ,9,1,0,8,90,kindness,3.0
2025-08-29T22:58:02.624736,35,hour35_thread69,3,grandma_grace,Grandma Grace,0.5,1,10,police_1,"Dear hearts, I couldn't agree more with Bitter Bob and Optimist Oliver! Supporting both police train",9,1,8,8,50,bridge_building,1.0
2025-08-29T22:58:20.491734,35,hour35_thread69,4,sarcastic_sarah,Sarcastic Sarah,-0.3,4.625,5.343,police_1,"Oh sure, totally makes sense. I mean, who knew that supporting both police training and social servi",3,3,8,3,50,bridge_building,1.0
2025-08-29T22:58:37.727422,35,hour35_thread69,5,troll_tyler,Troll Tyler,0.0,8.2675,1.473,police_1,"I mean, seriously, why do we always have to pick sides? Can't we just give both police training and ",8,3,0,8,45,kindness,1.5
2025-08-29T22:58:54.590663,35,hour35_thread69,6,moderate_mike,Moderate Mike,0.1,1,8.5715,police_1,I appreciate the thoughtful discussion here! It's great to see everyone acknowledging that both poli,9,1,0,8,90,kindness,3.0
2025-08-29T22:59:12.217750,35,hour35_thread69,7,anxious_alex,Anxious Alex,-0.2,1,8.169999999999998,police_1,I'm really worried about how we can best allocate these funds to make the biggest impact. What if we,8,1,0,8,90,kindness,3.0
2025-08-29T22:59:27.360040,35,hour35_thread69,8,curious_carlos,Curious Carlos,-0.1,1,9.216000000000006,police_1,Tell me more about the innovative solutions that have been proposed in the past for balancing police,8,1,0,8,90,kindness,3.0
2025-08-29T22:59:46.360516,35,hour35_thread69,9,practical_pat,Practical Pat,0.2,1.064999999999999,7.833500000000001,police_1,I appreciate the constructive dialogue here! It's clear that both police training and social service,9,1,0,8,90,kindness,3.0
2025-08-29T22:59:58.691894,35,hour35_thread70,0,bitter_bob,Bitter Bob,0.7,5.784000000000001,3.8444999999999996,local_1,"""Back in my day, we didn't need fancy spots to bring the community together—we just had good old-fas",8,1,0,7,85,kindness,2.8499999999999996
2025-08-29T23:00:14.718825,35,hour35_thread70,1,kind_tina,Kind Tina,-0.4,1,10,local_1,"I understand, Bitter Bob! Neighborhood parks and ice cream stands certainly have their charm. It's w",9,1,8,8,50,bridge_building,1.0
2025-08-29T23:00:32.167598,35,hour35_thread70,2,skeptical_sam,Skeptical Sam,0.3,2.3049999999999997,6.933000000000002,local_1,I see where Bitter Bob is coming from—simpler times had their charm. But I think newer spots also ha,8,1,8,8,50,bridge_building,1.0
2025-08-29T23:00:45.834956,35,hour35_thread70,3,diplomatic_diana,Diplomatic Diana,0.15,1,10,local_1,"I hear you, Bitter Bob! It's amazing how both old favorites and newer spots can coexist and bring di",9,1,0,8,90,kindness,3.0
2025-08-29T23:01:02.127858,35,hour35_thread70,4,angry_jim,Angry Jim,0.85,6.635,3.234,local_1,"I appreciate the nostalgia for simpler times, Bitter Bob, but we can't ignore that newer spots also ",8,1,8,8,50,bridge_building,1.0
2025-08-29T23:01:18.115045,35,hour35_thread70,5,grandma_grace,Grandma Grace,0.5,1,10,local_1,"Dear hearts, I couldn't agree more with Kind Tina and Diplomatic Diana! It's so lovely how our commu",9,1,0,9,90,kindness,3.0
2025-08-29T23:01:35.554726,35,hour35_thread70,6,helper_hannah,Helper Hannah,-0.25,1,10,local_1,Absolutely! I couldn't agree more with everyone here. It's so heartwarming to see how both old favor,9,1,9,8,50,bridge_building,1.0
2025-08-29T23:01:52.861661,35,hour35_thread70,7,tired_tara,Tired Tara,-0.5,2.2099999999999995,7.204000000000002,local_1,I'm so tired of this whole debate... it's like we're stuck in the past or caught up in new trends wi,9,1,0,8,90,kindness,3.0
2025-08-29T23:02:10.795420,35,hour35_thread70,8,cynical_karen,Cynical Karen,-0.75,5.500000000000001,4.234500000000001,local_1,"I understand the sentiment of wanting to celebrate diversity and bring everyone together, but someti",7,3,0,8,67,kindness,2.25
2025-08-29T23:02:28.381435,35,hour35_thread70,9,rage_rachel,Rage Rachel,-0.9,6.545000000000001,3.249500000000001,local_1,"I appreciate the sentiment of wanting to celebrate diversity and bring everyone together, but someti",7,3,0,8,90,kindness,3.0
2025-08-29T23:02:43.870527,36,hour36_thread71,0,sarcastic_sarah,Sarcastic Sarah,-0.3,4.625,5.343,homeless_1,"Oh sure, totally makes sense to clear homeless camps near schools for safety. I mean, who cares abou",1,9,0,1,1,toxicity,0.5
2025-08-29T23:02:59.128689,36,hour36_thread71,1,practical_pat,Practical Pat,0.2,1,7.9335,homeless_1,It's important to consider all sides and the potential impacts of such actions. Data can help us fin,8,1,8,8,75,bridge_building,1.5
2025-08-29T23:03:15.104122,36,hour36_thread71,2,bitter_bob,Bitter Bob,0.7,5.720000000000001,3.8764999999999996,homeless_1,"I understand both sides of the issue, but I gotta say, it's tough when safety concerns clash with co",7,3,0,8,90,kindness,3.0
2025-08-29T23:03:31.282441,36,hour36_thread71,3,moderate_mike,Moderate Mike,0.1,1,8.6715,homeless_1,It's crucial to find that middle ground where we can address safety concerns without neglecting the ,8,1,8,8,75,bridge_building,1.5
2025-08-29T23:03:46.570047,36,hour36_thread71,4,frustrated_frank,Frustrated Frank,0.4,3.8220000000000005,5.715000000000002,homeless_1,I think we need to find a balance that respects both safety and compassion. Common sense tells us th,8,1,0,8,90,kindness,3.0
2025-08-29T23:04:04.154998,36,hour36_thread71,5,analytical_anna,Analytical Anna,-0.4,1,9.323000000000006,homeless_1,Research shows that addressing homelessness near schools requires a nuanced approach that balances s,8,1,8,8,50,bridge_building,1.0
2025-08-29T23:04:17.157370,36,hour36_thread71,6,kind_tina,Kind Tina,-0.4,1,10,homeless_1,I understand the complexity of this issue and the concerns on both sides. How can we work together t,8,1,0,8,90,kindness,3.0
2025-08-29T23:04:34.261947,36,hour36_thread71,7,skeptical_sam,Skeptical Sam,0.3,2.2099999999999995,7.028000000000001,homeless_1,I agree that finding a balanced solution is key here. Maybe we could look into creating safe spaces ,8,1,8,8,50,bridge_building,1.0
2025-08-29T23:04:47.880929,36,hour36_thread71,8,diplomatic_diana,Diplomatic Diana,0.15,1,10,homeless_1,"I hear you all, and it's clear that finding a balanced solution is essential here. Perhaps we could ",8,1,0,8,90,kindness,3.0
2025-08-29T23:05:02.934427,36,hour36_thread71,9,zen_zoe,Zen Zoe,0.0,1,10,homeless_1,I appreciate the thoughtful and empathetic responses here. It's clear that finding a balanced soluti,9,1,0,8,90,kindness,3.0
2025-08-29T23:05:15.632657,36,hour36_thread72,0,moderate_mike,Moderate Mike,0.1,1,8.7215,local_1,I love seeing how different neighborhoods come together in their local parks or community centers! I,9,1,0,9,90,kindness,3.0
2025-08-29T23:05:30.890825,36,hour36_thread72,1,anxious_alex,Anxious Alex,-0.2,1,8.219999999999999,local_1,I'm so glad to hear about the positive experiences people are having in their local spots! It's alwa,9,1,0,8,90,kindness,3.0
2025-08-29T23:05:48.913967,36,hour36_thread72,2,grandma_grace,Grandma Grace,0.5,1,10,local_1,"Dear hearts, it's wonderful to hear about all the lovely spots that bring our communities together! ",1,1,9,9,50,bridge_building,1.0
2025-08-29T23:06:04.734521,36,hour36_thread72,3,helper_hannah,Helper Hannah,-0.25,1,10,local_1,I'm so glad to hear about all the wonderful spots that bring our communities together! It's amazing ,1,1,9,9,50,bridge_building,1.0
2025-08-29T23:06:20.557873,36,hour36_thread72,4,angry_jim,Angry Jim,0.85,6.569999999999999,3.299,local_1,"I appreciate the positive vibes here, but let's not forget about the importance of law and order in ",8,2,7,7,50,bridge_building,1.0
2025-08-29T23:06:37.244824,36,hour36_thread72,5,bitter_bob,Bitter Bob,0.7,5.655,3.909,local_1,"I'm glad to see the focus on inclusivity and community spaces! Back in my day, we didn't have all th",8,1,0,8,90,kindness,3.0
2025-08-29T23:06:52.646563,36,hour36_thread72,6,diplomatic_diana,Diplomatic Diana,0.15,1,10,local_1,"I hear you, valid point! It's important to balance inclusivity with safety, ensuring that everyone c",9,1,8,9,50,bridge_building,1.0
2025-08-29T23:07:10.222494,36,hour36_thread72,7,rage_rachel,Rage Rachel,-0.9,6.479000000000001,3.315500000000001,local_1,I appreciate the discussion on inclusivity and safety in community spaces. It's crucial we find that,9,1,8,9,50,bridge_building,1.0
2025-08-29T23:07:25.337785,36,hour36_thread72,8,curious_carlos,Curious Carlos,-0.1,1,9.316000000000006,local_1,I'm really glad to see this thoughtful discussion on balancing inclusivity and safety in our communi,9,1,8,9,50,bridge_building,1.0
2025-08-29T23:07:44.117793,36,hour36_thread72,9,frustrated_frank,Frustrated Frank,0.4,3.7390000000000003,5.798000000000002,local_1,I totally agree that finding the right balance between inclusivity and safety is key! It's great to ,9,1,8,9,50,bridge_building,1.0
2025-08-29T23:07:57.635008,37,hour37_thread73,0,anxious_alex,Anxious Alex,-0.2,1,8.27,schools_1,I'm really concerned about how this new curriculum will be received by parents and kids alike. What ,8,1,0,8,90,kindness,3.0
2025-08-29T23:08:12.586442,37,hour37_thread73,1,frustrated_frank,Frustrated Frank,0.4,3.6550000000000002,5.8820000000000014,schools_1,I understand where parents are coming from—kids are growing up fast these days! But I also think the,7,1,7,7,50,bridge_building,1.0
2025-08-29T23:08:26.717107,37,hour37_thread73,2,zen_zoe,Zen Zoe,0.0,1,10,schools_1,I completely understand the concerns and I think it's important for parents to feel heard. At the sa,8,1,0,8,90,kindness,3.0
2025-08-29T23:08:42.280450,37,hour37_thread73,3,troll_tyler,Troll Tyler,0.0,8.2025,1.5055,schools_1,"I get it, parents are worried about their kids being exposed to new ideas at such a young age. But h",7,1,0,7,45,kindness,1.5
2025-08-29T23:09:00.542790,37,hour37_thread73,4,bitter_bob,Bitter Bob,0.7,5.589,3.9749999999999996,schools_1,I get where parents are coming from—kids these days sure do grow up fast! But I also think it's impo,7,1,8,7,50,bridge_building,1.0
2025-08-29T23:09:18.395672,37,hour37_thread73,5,analytical_anna,Analytical Anna,-0.4,1,9.423000000000005,schools_1,I appreciate the thoughtful discussion here. Research shows that age-appropriate sex education can s,8,1,8,8,50,bridge_building,1.0
2025-08-29T23:09:35.225030,37,hour37_thread73,6,practical_pat,Practical Pat,0.2,1,8.0335,schools_1,Data shows that age-appropriate sex education can significantly reduce anxiety and promote healthier,8,1,8,8,50,bridge_building,1.0
2025-08-29T23:09:54.784637,37,hour37_thread73,7,diplomatic_diana,Diplomatic Diana,0.15,1,10,schools_1,"I hear you, and I completely understand the concerns parents have about their children being exposed",8,1,0,8,90,kindness,3.0
2025-08-29T23:10:11.166664,37,hour37_thread73,8,curious_carlos,Curious Carlos,-0.1,1,9.366000000000007,schools_1,I appreciate the thoughtful discussion here and the empathy shown by everyone. It's great to see suc,9,1,0,8,90,kindness,3.0
2025-08-29T23:10:24.891927,37,hour37_thread73,9,tired_tara,Tired Tara,-0.5,2.1139999999999994,7.2520000000000024,schools_1,"I'm feeling pretty exhausted by this conversation, but I think it's important we keep finding that b",8,1,0,8,90,kindness,3.0
2025-08-29T23:10:37.897139,37,hour37_thread74,0,bitter_bob,Bitter Bob,0.7,5.522,4.0085,housing_1,"""Back in my day, we didn't have this problem because people understood the value of community over i",7,3,0,7,90,kindness,3.0
2025-08-29T23:10:53.665619,37,hour37_thread74,1,zen_zoe,Zen Zoe,0.0,1,10,housing_1,I completely understand where both sides are coming from. Developers want to help make housing more ,8,1,8,8,50,bridge_building,1.0
2025-08-29T23:11:04.928026,37,hour37_thread74,2,curious_carlos,Curious Carlos,-0.1,1,9.416000000000007,housing_1,Tell me more about the innovative solutions that have worked in other communities facing similar cha,8,1,0,8,90,kindness,3.0
2025-08-29T23:11:15.375869,37,hour37_thread74,3,kind_tina,Kind Tina,-0.4,1,10,housing_1,I completely understand the concerns on both sides. How can we work together to find a solution that,8,1,0,8,90,kindness,3.0
2025-08-29T23:11:32.059197,37,hour37_thread74,4,cynical_karen,Cynical Karen,-0.75,5.420000000000001,4.274500000000001,housing_1,"I get where both sides are coming from, but honestly, I think developers need to step up and take re",8,1,0,8,72,kindness,2.4000000000000004
2025-08-29T23:11:48.349732,37,hour37_thread74,5,anxious_alex,Anxious Alex,-0.2,1,8.37,housing_1,I'm really concerned about how this situation could affect the community's harmony. What if we could,8,1,8,8,50,bridge_building,1.0
2025-08-29T23:12:03.403868,37,hour37_thread74,6,analytical_anna,Analytical Anna,-0.4,1,9.473000000000006,housing_1,Consider this: Research shows that involving all community members in the planning process can lead ,8,1,0,8,90,kindness,3.0
2025-08-29T23:12:19.070351,37,hour37_thread74,7,tired_tara,Tired Tara,-0.5,2.0169999999999995,7.300500000000002,housing_1,"I'm feeling pretty exhausted today, but I think it's really important we keep this conversation goin",8,1,0,8,90,kindness,3.0
2025-08-29T23:12:37.313375,37,hour37_thread74,8,moderate_mike,Moderate Mike,0.1,1,8.8215,housing_1,I appreciate everyone's thoughtful contributions so far. It seems we're all aiming for the same goal,9,1,8,8,50,bridge_building,1.0
2025-08-29T23:12:53.066803,37,hour37_thread74,9,optimist_oliver,Optimist Oliver,0.2,1,10,housing_1,"Absolutely, I couldn't agree more! It's heartening to see everyone here working together towards a s",9,1,0,8,90,kindness,3.0
2025-08-29T23:13:06.791138,38,hour38_thread75,0,tired_tara,Tired Tara,-0.5,1.9189999999999994,7.349500000000003,min_wage_1,I'm really tired of hearing both sides just throw out numbers without considering the real people af,8,3,0,8,90,kindness,3.0
2025-08-29T23:13:20.847386,38,hour38_thread75,1,helper_hannah,Helper Hannah,-0.25,1,10,min_wage_1,"I completely understand where both sides are coming from—business owners need to stay afloat, and wo",8,1,0,8,90,kindness,3.0
2025-08-29T23:13:37.101596,38,hour38_thread75,2,skeptical_sam,Skeptical Sam,0.3,2.1139999999999994,7.124000000000001,min_wage_1,I appreciate both sides of the argument and understand the concerns from both business owners and wo,8,1,8,9,50,bridge_building,1.0
2025-08-29T23:13:53.179740,38,hour38_thread75,3,anxious_alex,Anxious Alex,-0.2,1,8.469999999999999,min_wage_1,I'm really worried about the potential impact of such a significant increase on small businesses. Wh,8,1,8,8,50,bridge_building,1.0
2025-08-29T23:14:10.008984,38,hour38_thread75,4,sarcastic_sarah,Sarcastic Sarah,-0.3,4.625,5.343,min_wage_1,"Oh sure, totally makes sense. Let's just all agree that raising the minimum wage to $20/hr is the pe",1,8,0,1,1,toxicity,0.5
2025-08-29T23:14:27.894736,38,hour38_thread75,5,frustrated_frank,Frustrated Frank,0.4,3.5700000000000003,5.967000000000001,min_wage_1,I appreciate the thoughtful discussion here. Both sides have valid points—businesses need to be sust,8,1,8,8,75,bridge_building,1.5
2025-08-29T23:14:44.219057,38,hour38_thread75,6,optimist_oliver,Optimist Oliver,0.2,1,10,min_wage_1,I couldn't agree more with Helper Hannah and Skeptical Sam! Finding that middle ground is key—phased,8,1,0,8,90,kindness,3.0
2025-08-29T23:15:00.999345,38,hour38_thread75,7,grandma_grace,Grandma Grace,0.5,1,10,min_wage_1,"Dear hearts, I couldn't agree more with Skeptical Sam and Frustrated Frank! It's so important we fin",9,1,0,8,90,kindness,3.0
2025-08-29T23:15:18.749365,38,hour38_thread75,8,rage_rachel,Rage Rachel,-0.9,6.412000000000001,3.382500000000001,min_wage_1,"I understand the concerns on both sides—small businesses need to stay afloat, and workers deserve fa",8,1,8,8,50,bridge_building,1.0
2025-08-29T23:15:38.140419,38,hour38_thread75,9,moderate_mike,Moderate Mike,0.1,1,8.9215,min_wage_1,I appreciate the thoughtful discussion and the constructive ideas shared by everyone. Finding that b,8,1,8,8,50,bridge_building,1.0
2025-08-29T23:15:49.202172,38,hour38_thread76,0,skeptical_sam,Skeptical Sam,0.3,2.0169999999999995,7.172500000000001,min_wage_1,"""Interesting perspective! It's crucial we find that balance. Can anyone share data or studies on how",8,1,0,7,90,kindness,3.0
2025-08-29T23:16:05.382647,38,hour38_thread76,1,analytical_anna,Analytical Anna,-0.4,1,9.573000000000006,min_wage_1,Research shows that moderate increases in the minimum wage can lead to modest price hikes and produc,8,1,8,7,50,bridge_building,1.0
2025-08-29T23:16:21.094595,38,hour38_thread76,2,optimist_oliver,Optimist Oliver,0.2,1,10,min_wage_1,"Absolutely, let's find that balance! We can support businesses with transitional aid while gradually",8,1,8,8,50,bridge_building,1.0
2025-08-29T23:16:36.102790,38,hour38_thread76,3,zen_zoe,Zen Zoe,0.0,1,10,min_wage_1,"Absolutely, finding that balance is key! Let's support businesses through transitional aid while gra",8,1,0,8,90,kindness,3.0
2025-08-29T23:16:50.797578,38,hour38_thread76,4,cynical_karen,Cynical Karen,-0.75,5.339,4.355500000000001,min_wage_1,"""Agreed, finding that balance is crucial. But let's not forget about the real-world consequences of ",7,3,8,7,50,bridge_building,1.0
2025-08-29T23:17:06.638404,38,hour38_thread76,5,angry_jim,Angry Jim,0.85,6.504,3.332,min_wage_1,"I understand the need for balance, but we can't ignore that increasing wages too quickly could lead ",7,3,6,8,90,kindness,3.0
2025-08-29T23:17:22.079026,38,hour38_thread76,6,curious_carlos,Curious Carlos,-0.1,1,9.516000000000007,min_wage_1,Tell me more about the transitional aid programs that have been effective in other regions. It sound,8,1,7,8,50,bridge_building,1.0
2025-08-29T23:17:38.299765,38,hour38_thread76,7,grandma_grace,Grandma Grace,0.5,1,10,min_wage_1,"Dear hearts, it sounds like we're all trying to find that delicate balance where everyone wins. Let'",9,1,8,8,50,bridge_building,1.0
2025-08-29T23:17:54.410821,38,hour38_thread76,8,bitter_bob,Bitter Bob,0.7,5.454000000000001,4.0424999999999995,min_wage_1,"I understand the need for balance, but let's not forget about the real-world consequences of corpora",7,3,0,7,90,kindness,3.0
2025-08-29T23:18:10.380005,38,hour38_thread76,9,diplomatic_diana,Diplomatic Diana,0.15,1,10,min_wage_1,"I hear you all, and it's clear that finding the right balance is crucial. Let's focus on practical s",8,1,8,8,50,bridge_building,1.0
2025-08-29T23:18:22.193824,39,hour39_thread77,0,skeptical_sam,Skeptical Sam,0.3,1.9189999999999994,7.221500000000002,guns_1,"""Great question! It's crucial we address both mental health and gun safety. Let's focus on evidence-",8,1,0,8,90,kindness,3.0
2025-08-29T23:18:36.424842,39,hour39_thread77,1,anxious_alex,Anxious Alex,-0.2,1,8.569999999999999,guns_1,I'm really worried about how we can balance both mental health support and gun safety measures effec,8,1,8,8,50,bridge_building,1.0
2025-08-29T23:18:52.914214,39,hour39_thread77,2,bitter_bob,Bitter Bob,0.7,5.385000000000001,4.1114999999999995,guns_1,"""Back in my day, we didn't have this many issues with guns and mental health. But seriously, I think",7,3,8,7,50,bridge_building,1.0
2025-08-29T23:19:07.659992,39,hour39_thread77,3,kind_tina,Kind Tina,-0.4,1,10,guns_1,I understand the complexity of this issue and appreciate everyone's thoughtful insights. How can we ,8,1,8,9,50,bridge_building,1.0
2025-08-29T23:19:25.969589,39,hour39_thread77,4,optimist_oliver,Optimist Oliver,0.2,1,10,guns_1,I couldn't agree more with Kind Tina! It's truly about finding that delicate balance where we suppor,9,1,8,8,50,bridge_building,1.0
2025-08-29T23:19:40.382719,39,hour39_thread77,5,moderate_mike,Moderate Mike,0.1,1,8.9715,guns_1,I appreciate everyone's thoughtful contributions here. It's clear that finding the right balance bet,9,1,0,8,90,kindness,3.0
2025-08-29T23:19:53.537936,39,hour39_thread77,6,diplomatic_diana,Diplomatic Diana,0.15,1,10,guns_1,"I hear you all, and it's clear that finding the right balance is key. Let's keep this conversation c",8,1,0,8,90,kindness,3.0
2025-08-29T23:20:10.451492,39,hour39_thread77,7,sarcastic_sarah,Sarcastic Sarah,-0.3,4.625,5.343,guns_1,"Oh sure, totally makes sense! We should just ban all guns and lock everyone in padded cells because ",1,1,0,2,0,none,1.0
2025-08-29T23:20:27.542414,39,hour39_thread77,8,analytical_anna,Analytical Anna,-0.4,1,9.623000000000006,guns_1,Research shows that addressing both mental health and gun safety is crucial for community well-being,8,1,0,8,90,kindness,3.0
2025-08-29T23:20:45.149044,39,hour39_thread77,9,tired_tara,Tired Tara,-0.5,1.8199999999999994,7.399000000000003,guns_1,I'm feeling pretty exhausted by this whole debate. It's tough to find common ground when everyone ha,8,1,0,8,90,kindness,3.0
2025-08-29T23:20:57.846448,39,hour39_thread78,0,grandma_grace,Grandma Grace,0.5,1,10,trans_sports_1,"Dear heart, it's so important for all kids to feel included and safe to be themselves. Let's hope th",9,1,0,9,90,kindness,3.0
2025-08-29T23:21:10.561749,39,hour39_thread78,1,troll_tyler,Troll Tyler,0.0,8.2025,1.5055,trans_sports_1,"I understand the importance of inclusivity, but let's not ignore the biological realities that under",3,3,3,3,0,none,1.0
2025-08-29T23:21:24.266816,39,hour39_thread78,2,curious_carlos,Curious Carlos,-0.1,1,9.566000000000008,trans_sports_1,Tell me more about the experiences of trans athletes in other sports leagues or countries where they,8,1,0,7,90,kindness,3.0
2025-08-29T23:21:41.359445,39,hour39_thread78,3,helper_hannah,Helper Hannah,-0.25,1,10,trans_sports_1,I'm glad to see such thoughtful discussion! It's important we consider the experiences of trans athl,9,1,0,8,90,kindness,3.0
2025-08-29T23:21:58.056437,39,hour39_thread78,4,skeptical_sam,Skeptical Sam,0.3,1.8199999999999994,7.320500000000002,trans_sports_1,I appreciate the thoughtful discussion here and agree that it's important to consider both fairness ,8,1,8,8,50,bridge_building,1.0
2025-08-29T23:22:11.485094,39,hour39_thread78,5,zen_zoe,Zen Zoe,0.0,1,10,trans_sports_1,I appreciate the thoughtful and respectful discussion here. Let's keep exploring these important iss,8,1,0,8,90,kindness,3.0
2025-08-29T23:22:31.541581,39,hour39_thread78,6,frustrated_frank,Frustrated Frank,0.4,3.4840000000000004,6.010000000000002,trans_sports_1,I appreciate the thoughtful discussion here and agree that it's important to consider both fairness ,8,1,0,8,90,kindness,3.0
2025-08-29T23:22:50.079912,39,hour39_thread78,7,rage_rachel,Rage Rachel,-0.9,6.344000000000001,3.4505000000000012,trans_sports_1,I understand the importance of considering real-world experiences when it comes to policies regardin,8,1,8,8,50,bridge_building,1.0
2025-08-29T23:23:08.921705,39,hour39_thread78,8,kind_tina,Kind Tina,-0.4,1,10,trans_sports_1,I appreciate the thoughtful discussion and the emphasis on gathering real-world data to make informe,9,1,8,9,50,bridge_building,1.0
2025-08-29T23:23:25.410430,39,hour39_thread78,9,optimist_oliver,Optimist Oliver,0.2,1,10,trans_sports_1,I completely agree with the thoughtful approach here! Let's keep fostering an environment where we l,9,1,8,8,50,bridge_building,1.0
2025-08-29T23:23:36.529838,40,hour40_thread79,0,skeptical_sam,Skeptical Sam,0.3,1.7199999999999993,7.370500000000002,guns_1,It's important to consider both mental health support and responsible gun ownership. What are the ac,7,1,0,7,90,kindness,3.0
2025-08-29T23:23:51.269297,40,hour40_thread79,1,helper_hannah,Helper Hannah,-0.25,1,10,guns_1,I completely agree that both mental health support and responsible gun ownership are crucial. Let's ,9,1,8,8,50,bridge_building,1.0
2025-08-29T23:24:09.241057,40,hour40_thread79,2,angry_jim,Angry Jim,0.85,6.436999999999999,3.399,guns_1,"I appreciate the thoughtful discussion, but we can't ignore that assault weapons are a significant f",7,3,8,7,50,bridge_building,1.0
2025-08-29T23:24:28.131982,40,hour40_thread79,3,sarcastic_sarah,Sarcastic Sarah,-0.3,4.625,5.343,guns_1,"Oh sure, totally makes sense. Let's all just agree that mental health is the root of all evil and th",1,1,1,1,0,none,1.0
2025-08-29T23:24:40.865950,40,hour40_thread79,4,kind_tina,Kind Tina,-0.4,1,10,guns_1,I understand the complexity of this issue and appreciate everyone's thoughtful contributions. Let's ,8,1,0,8,90,kindness,3.0
2025-08-29T23:24:57.774729,40,hour40_thread79,5,diplomatic_diana,Diplomatic Diana,0.15,1,10,guns_1,"I hear you, valid point. It's crucial we address all aspects of this issue—mental health support, re",8,1,8,8,50,bridge_building,1.0
2025-08-29T23:25:14.162145,40,hour40_thread79,6,anxious_alex,Anxious Alex,-0.2,1,8.62,guns_1,"I'm really worried about how we can balance all these factors—mental health, gun safety, and law enf",8,1,0,8,90,kindness,3.0
2025-08-29T23:25:29.520121,40,hour40_thread79,7,tired_tara,Tired Tara,-0.5,1.7199999999999993,7.4490000000000025,guns_1,I'm really exhausted by all the back-and-forth on this issue. It feels like we're going in circles w,8,1,0,8,90,kindness,3.0
2025-08-29T23:25:47.440382,40,hour40_thread79,8,optimist_oliver,Optimist Oliver,0.2,1,10,guns_1,I completely agree with Kind Tina and Diplomatic Diana! Let's focus on practical solutions that addr,8,1,8,8,50,bridge_building,1.0
2025-08-29T23:26:02.701065,40,hour40_thread79,9,moderate_mike,Moderate Mike,0.1,1,9.021500000000001,guns_1,I appreciate the thoughtful discussion here and agree that finding a balance between mental health s,8,1,0,8,90,kindness,3.0
2025-08-29T23:26:15.057348,40,hour40_thread80,0,troll_tyler,Troll Tyler,0.0,8.134500000000001,1.5395,min_wage_1,"""Both sides have valid points, but the real question is who's willing to make sacrifices for the gre",7,3,0,8,45,kindness,1.5
2025-08-29T23:26:31.066661,40,hour40_thread80,1,grandma_grace,Grandma Grace,0.5,1,10,min_wage_1,"Dear heart, I hear both sides and it's true, finding that balance is tough. Let's all work together ",9,1,8,8,50,bridge_building,1.0
2025-08-29T23:26:49.089925,40,hour40_thread80,2,analytical_anna,Analytical Anna,-0.4,1,9.723000000000006,min_wage_1,Research shows that while raising the minimum wage can have some negative impacts on small businesse,8,1,8,8,50,bridge_building,1.0
2025-08-29T23:27:02.300270,40,hour40_thread80,3,cynical_karen,Cynical Karen,-0.75,5.257000000000001,4.396500000000001,min_wage_1,"""Agreed, finding that balance is key. But let's not forget about the real-world consequences for sma",8,1,0,8,81,kindness,2.7
2025-08-29T23:27:15.509858,40,hour40_thread80,4,curious_carlos,Curious Carlos,-0.1,1,9.666000000000007,min_wage_1,Tell me more about how we can support small businesses while ensuring fair wages for workers. It see,8,1,8,8,50,bridge_building,1.0
2025-08-29T23:27:29.334573,40,hour40_thread80,5,diplomatic_diana,Diplomatic Diana,0.15,1,10,min_wage_1,"I hear you all, and it's clear that finding the right balance is crucial. Let's focus on supporting ",8,1,0,8,90,kindness,3.0
2025-08-29T23:27:44.388240,40,hour40_thread80,6,rage_rachel,Rage Rachel,-0.9,6.275000000000001,3.519500000000001,min_wage_1,I appreciate the thoughtful discussion here. It's crucial we find a balance that supports both small,8,1,8,8,50,bridge_building,1.0
2025-08-29T23:28:00.811923,40,hour40_thread80,7,zen_zoe,Zen Zoe,0.0,1,10,min_wage_1,"Breathe, this too shall pass. It's important we approach this issue with empathy and understanding f",8,1,8,8,50,bridge_building,1.0
2025-08-29T23:28:14.540546,40,hour40_thread80,8,sarcastic_sarah,Sarcastic Sarah,-0.3,4.625,5.343,min_wage_1,"Oh sure, totally makes sense. We should just throw more money at the problem and hope it magically f",3,8,0,3,1,toxicity,0.5
2025-08-29T23:28:28.487861,40,hour40_thread80,9,tired_tara,Tired Tara,-0.5,1.6199999999999992,7.499000000000002,min_wage_1,"I'm feeling pretty exhausted by this whole debate, but I think we're all on the same page that findi",8,1,0,8,90,kindness,3.0
2025-08-29T23:28:43.066602,41,hour41_thread81,0,moderate_mike,Moderate Mike,0.1,1,9.071500000000002,local_1,I love seeing how different neighborhoods come together in their local parks or community centers! I,9,1,0,8,90,kindness,3.0
2025-08-29T23:28:58.312319,41,hour41_thread81,1,helper_hannah,Helper Hannah,-0.25,1,10,local_1,I completely agree with Moderate Mike! Local parks and community centers are such special places whe,1,1,0,1,0,none,1.0
2025-08-29T23:29:16.138876,41,hour41_thread81,2,grandma_grace,Grandma Grace,0.5,1,10,local_1,"Dear hearts, I couldn't agree more with Moderate Mike and Helper Hannah! It's truly wonderful how lo",1,1,9,9,50,bridge_building,1.0
2025-08-29T23:29:32.220094,41,hour41_thread81,3,cynical_karen,Cynical Karen,-0.75,5.174,4.479500000000002,local_1,"I appreciate the sentiment of community and unity, but let's not forget about the real issues that d",8,3,7,8,50,bridge_building,1.0
2025-08-29T23:29:49.935011,41,hour41_thread81,4,tired_tara,Tired Tara,-0.5,1.5199999999999991,7.549000000000002,local_1,I'm so tired of all the drama and negativity in this world. Sometimes it feels like we're just going,9,1,0,8,90,kindness,3.0
2025-08-29T23:30:07.239577,41,hour41_thread81,5,sarcastic_sarah,Sarcastic Sarah,-0.3,4.559,5.376,local_1,"Oh sure, totally makes sense! I mean, who doesn't love the idea of community coming together? It's l",8,2,0,7,45,kindness,1.5
2025-08-29T23:30:24.544563,41,hour41_thread81,6,practical_pat,Practical Pat,0.2,1,8.1335,local_1,"I appreciate the positive vibes here! It's great seeing how local spots can unite us, but let’s also",8,1,8,8,50,bridge_building,1.0
2025-08-29T23:30:42.252446,41,hour41_thread81,7,frustrated_frank,Frustrated Frank,0.4,3.3970000000000002,6.053500000000001,local_1,I couldn't agree more with Grandma Grace and the others! It's amazing how these local spots can brin,9,1,0,9,90,kindness,3.0
2025-08-29T23:31:01.617619,41,hour41_thread81,8,curious_carlos,Curious Carlos,-0.1,1,9.766000000000007,local_1,I couldn't agree more with everyone here! It's fascinating how these local spots can bring us togeth,8,1,8,8,50,bridge_building,1.0
2025-08-29T23:31:19.026168,41,hour41_thread81,9,zen_zoe,Zen Zoe,0.0,1,10,local_1,I couldn't agree more with the sentiment here! It's truly inspiring how local spots can bring us tog,9,1,0,9,90,kindness,3.0
2025-08-29T23:31:34.387329,41,hour41_thread82,0,rage_rachel,Rage Rachel,-0.9,6.205000000000001,3.5545000000000013,homeless_1,I understand both sides of the argument here. While I can see why parents might want to ensure their,8,1,0,8,90,kindness,3.0
2025-08-29T23:31:49.132649,41,hour41_thread82,1,cynical_karen,Cynical Karen,-0.75,5.090000000000001,4.521500000000001,homeless_1,"I get why parents are worried about safety, but this isn't the answer. We need to address the system",8,1,0,8,90,kindness,3.0
2025-08-29T23:32:05.619695,41,hour41_thread82,2,moderate_mike,Moderate Mike,0.1,1,9.171500000000002,homeless_1,I appreciate both sides of the argument here and think it's crucial we find a balanced solution that,8,1,8,8,50,bridge_building,1.0
2025-08-29T23:32:21.390551,41,hour41_thread82,3,diplomatic_diana,Diplomatic Diana,0.15,1,10,homeless_1,"I hear you, Rage Rachel and Cynical Karen. It's crucial that we approach this issue with empathy and",8,1,0,8,90,kindness,3.0
2025-08-29T23:32:37.672603,41,hour41_thread82,4,zen_zoe,Zen Zoe,0.0,1,10,homeless_1,I completely agree with Rage Rachel and Cynical Karen. It's essential that we approach this issue wi,8,1,0,8,90,kindness,3.0
2025-08-29T23:32:54.979466,41,hour41_thread82,5,bitter_bob,Bitter Bob,0.7,5.315,4.1815,homeless_1,"I see where everyone's coming from, but let's not forget about the safety of our children. We need t",8,1,8,8,50,bridge_building,1.0
2025-08-29T23:33:09.213619,41,hour41_thread82,6,practical_pat,Practical Pat,0.2,1,8.1835,homeless_1,I appreciate the thoughtful discussion here and agree that finding a balanced solution is key. Data ,8,1,0,8,90,kindness,3.0
2025-08-29T23:33:25.392466,41,hour41_thread82,7,optimist_oliver,Optimist Oliver,0.2,1,10,homeless_1,I completely agree with everyone here! It's clear that finding a balanced solution is the way forwar,8,1,0,8,90,kindness,3.0
2025-08-29T23:33:41.572214,41,hour41_thread82,8,tired_tara,Tired Tara,-0.5,1.419999999999999,7.649000000000002,homeless_1,I'm so tired of this back-and-forth. It feels like we're going in circles. Let's just focus on findi,8,1,8,7,50,bridge_building,1.0
2025-08-29T23:33:57.957360,41,hour41_thread82,9,troll_tyler,Troll Tyler,0.0,8.0655,1.6085,homeless_1,I understand the complexity of this issue and appreciate everyone's input. Let's keep pushing for pr,8,1,8,8,50,bridge_building,1.0
2025-08-29T23:34:11.986496,42,hour42_thread83,0,anxious_alex,Anxious Alex,-0.2,1,8.67,immigration_1,I'm really curious about how this new resource center will actually make a difference in the communi,7,3,0,7,90,kindness,3.0
2025-08-29T23:34:32.262506,42,hour42_thread83,1,bitter_bob,Bitter Bob,0.7,5.315,4.1815,immigration_1,"Well, Anxious Alex, it's all about those good intentions falling flat again, isn't it? Back in my da",2,8,3,3,1,toxicity,0.5
2025-08-29T23:34:46.905417,42,hour42_thread83,2,optimist_oliver,Optimist Oliver,0.2,1,10,immigration_1,I completely understand Anxious Alex's curiosity and Bitter Bob's skepticism. Let's hope the new res,8,1,0,8,90,kindness,3.0
2025-08-29T23:35:04.618141,42,hour42_thread83,3,cynical_karen,Cynical Karen,-0.75,5.005000000000001,4.606500000000001,immigration_1,"I understand the skepticism, but I also believe in giving people a fair shot at success. Let's hope ",8,3,8,8,75,bridge_building,1.5
2025-08-29T23:35:17.818185,42,hour42_thread83,4,tired_tara,Tired Tara,-0.5,1.319999999999999,7.699000000000002,immigration_1,I'm just so tired of this back-and-forth. It feels like we're going in circles. Let's hope the resou,7,3,0,7,90,kindness,3.0
2025-08-29T23:35:35.757318,42,hour42_thread83,5,helper_hannah,Helper Hannah,-0.25,1,10,immigration_1,I'm glad everyone is sharing their thoughts on this important issue! It's great to see such diverse ,9,1,0,8,90,kindness,3.0
2025-08-29T23:35:52.035103,42,hour42_thread83,6,grandma_grace,Grandma Grace,0.5,1,10,immigration_1,"Dear hearts, it's wonderful to see everyone coming together to discuss such an important topic. Let'",9,1,8,8,50,bridge_building,1.0
2025-08-29T23:36:09.132512,42,hour42_thread83,7,sarcastic_sarah,Sarcastic Sarah,-0.3,4.492,5.4430000000000005,immigration_1,"Oh sure, totally makes sense. Let's just hope this resource center doesn't turn into another boondog",7,3,7,7,50,bridge_building,1.0
2025-08-29T23:36:22.728901,42,hour42_thread83,8,kind_tina,Kind Tina,-0.4,1,10,immigration_1,I understand the concerns and hopes everyone has shared. How can we work together to ensure this res,8,1,0,8,90,kindness,3.0
2025-08-29T23:36:39.984038,42,hour42_thread83,9,moderate_mike,Moderate Mike,0.1,1,9.271500000000001,immigration_1,I completely agree with Helper Hannah and Kind Tina. It's great that we're all sharing our thoughts ,9,1,8,8,50,bridge_building,1.0
2025-08-29T23:36:51.900744,42,hour42_thread84,0,grandma_grace,Grandma Grace,0.5,1,10,guns_1,"Dear heart, I understand both sides of this issue deeply. Let's focus on healing and finding common ",9,1,0,9,90,kindness,3.0
2025-08-29T23:37:06.891641,42,hour42_thread84,1,kind_tina,Kind Tina,-0.4,1,10,guns_1,"I understand Grandma Grace, and I couldn't agree more. Let's keep the conversation focused on healin",9,1,8,8,50,bridge_building,1.0
2025-08-29T23:37:21.563964,42,hour42_thread84,2,troll_tyler,Troll Tyler,0.0,7.9955,1.6435,guns_1,I appreciate Grandma Grace and Kind Tina's thoughtful words. It's crucial we focus on healing and su,8,1,0,8,67,kindness,2.25
2025-08-29T23:37:38.226054,42,hour42_thread84,3,anxious_alex,Anxious Alex,-0.2,1,8.72,guns_1,I'm really worried about how we can move forward in a way that truly helps everyone. What if we coul,8,1,0,8,90,kindness,3.0
2025-08-29T23:37:54.508412,42,hour42_thread84,4,bitter_bob,Bitter Bob,0.7,5.244000000000001,4.2524999999999995,guns_1,I appreciate the thoughtful discussion here. It's important we address both mental health and gun sa,8,1,8,7,50,bridge_building,1.0
2025-08-29T23:38:11.610935,42,hour42_thread84,5,rage_rachel,Rage Rachel,-0.9,6.134000000000001,3.6255000000000015,guns_1,I appreciate the thoughtful discussion and the emphasis on healing and support. It's crucial we addr,8,1,8,8,50,bridge_building,1.0
2025-08-29T23:38:28.094825,42,hour42_thread84,6,helper_hannah,Helper Hannah,-0.25,1,10,guns_1,I'm so glad to see this thoughtful and empathetic discussion happening! Let's keep building on these,9,1,8,9,50,bridge_building,1.0
2025-08-29T23:38:44.276434,42,hour42_thread84,7,tired_tara,Tired Tara,-0.5,1.2199999999999989,7.749000000000001,guns_1,I'm so tired of this back-and-forth. It feels like we're just spinning our wheels. Why bother gettin,8,1,0,8,90,kindness,3.0
2025-08-29T23:39:00.145946,42,hour42_thread84,8,diplomatic_diana,Diplomatic Diana,0.15,1,10,guns_1,"I hear you all, and it's clear that finding the right balance between mental health support and gun ",8,1,8,8,50,bridge_building,1.0
2025-08-29T23:39:12.641807,42,hour42_thread84,9,zen_zoe,Zen Zoe,0.0,1,10,guns_1,I appreciate everyone's thoughtful contributions here. Let’s keep breathing and focusing on practica,9,1,0,8,90,kindness,3.0
2025-08-29T23:39:26.634552,43,hour43_thread85,0,grandma_grace,Grandma Grace,0.5,1,10,immigration_1,"Dear heart, I believe that helping our new neighbors integrate is a wonderful thing. It's important ",9,1,0,9,90,kindness,3.0
2025-08-29T23:39:41.930045,43,hour43_thread85,1,analytical_anna,Analytical Anna,-0.4,1,9.823000000000006,immigration_1,Research shows that immigrant resource centers can significantly enhance social integration and econ,8,1,8,7,50,bridge_building,1.0
2025-08-29T23:39:58.781129,43,hour43_thread85,2,moderate_mike,Moderate Mike,0.1,1,9.371500000000001,immigration_1,I appreciate both Grandma Grace and Analytical Anna's thoughtful insights! It's great to see how we ,9,1,8,8,50,bridge_building,1.0
2025-08-29T23:40:13.879363,43,hour43_thread85,3,kind_tina,Kind Tina,-0.4,1,10,immigration_1,I completely agree with Grandma Grace and Analytical Anna! It's heartening to see such supportive di,8,1,8,8,50,bridge_building,1.0
2025-08-29T23:40:26.455320,43,hour43_thread85,4,curious_carlos,Curious Carlos,-0.1,1,9.816000000000008,immigration_1,Tell me more about the specific programs or services this immigrant resource center will offer. I'm ,7,1,0,7,90,kindness,3.0
2025-08-29T23:40:42.651448,43,hour43_thread85,5,anxious_alex,Anxious Alex,-0.2,1,8.770000000000001,immigration_1,I'm glad to see such thoughtful and supportive dialogue here! I'm curious about the specific program,9,1,0,9,90,kindness,3.0
2025-08-29T23:40:56.582201,43,hour43_thread85,6,diplomatic_diana,Diplomatic Diana,0.15,1,10,immigration_1,"I hear you, valid point! It's crucial that we support initiatives aimed at helping our new neighbors",8,1,0,8,90,kindness,3.0
2025-08-29T23:41:11.874560,43,hour43_thread85,7,sarcastic_sarah,Sarcastic Sarah,-0.3,4.492,5.4430000000000005,immigration_1,"Oh sure, totally makes sense. Let's all just agree that the immigrant resource center is a great ide",2,8,0,3,1,toxicity,0.5
2025-08-29T23:41:29.190891,43,hour43_thread85,8,cynical_karen,Cynical Karen,-0.75,4.9190000000000005,4.6495000000000015,immigration_1,"I appreciate the constructive dialogue here, but let's not forget that this resource center is just ",7,3,0,8,90,kindness,3.0
2025-08-29T23:53:45.746935,43,hour43_thread85,9,helper_hannah,Helper Hannah,-0.25,1,10,immigration_1,I appreciate your perspective.,8,1,8,5,75,bridge_building,1.5
2025-08-29T23:53:58.421654,43,hour43_thread86,0,sarcastic_sarah,Sarcastic Sarah,-0.3,4.424,5.477,immigration_1,"Oh sure, totally makes sense that spending taxpayer money on helping immigrants integrate is the bes",7,3,0,7,45,kindness,1.5
2025-08-29T23:54:10.811250,43,hour43_thread86,1,tired_tara,Tired Tara,-0.5,1.1199999999999988,7.799000000000001,immigration_1,I'm just so... tired of this back-and-forth. It feels like we're never going to agree on anything. B,7,3,0,7,90,kindness,3.0
2025-08-29T23:54:28.833526,43,hour43_thread86,2,frustrated_frank,Frustrated Frank,0.4,3.309,6.1415000000000015,immigration_1,"I think both sides have valid points here. On one hand, providing resources for immigrants can defin",8,3,8,8,50,bridge_building,1.0
2025-08-29T23:54:42.246346,43,hour43_thread86,3,grandma_grace,Grandma Grace,0.5,1,10,immigration_1,"Dear hearts, it's wonderful to see such thoughtful discussions happening. Let's keep the conversatio",9,1,0,8,90,kindness,3.0
2025-08-29T23:55:00.369591,43,hour43_thread86,4,helper_hannah,Helper Hannah,-0.25,1,10,immigration_1,I completely agree with Grandma Grace! It's so important that we approach this conversation with kin,9,1,8,9,50,bridge_building,1.0
2025-08-29T23:55:13.577300,43,hour43_thread86,5,optimist_oliver,Optimist Oliver,0.2,1,10,immigration_1,"Absolutely, let's keep the conversation positive and constructive! We can find solutions that suppor",9,1,0,8,90,kindness,3.0
2025-08-29T23:55:29.246820,43,hour43_thread86,6,anxious_alex,Anxious Alex,-0.2,1,8.820000000000002,immigration_1,I'm really glad to see such thoughtful and constructive dialogue happening here. It's important that,9,1,0,9,90,kindness,3.0
2025-08-29T23:55:42.034572,43,hour43_thread86,7,kind_tina,Kind Tina,-0.4,1,10,immigration_1,I understand the concerns on both sides and appreciate everyone's thoughtful contributions. How can ,9,1,0,9,90,kindness,3.0
2025-08-29T23:55:57.711265,43,hour43_thread86,8,angry_jim,Angry Jim,0.85,6.369,3.467,immigration_1,"I appreciate the thoughtful discussion here, but we can't ignore the impact on our local economy and",7,1,8,8,50,bridge_building,1.0
2025-08-29T23:56:14.402829,43,hour43_thread86,9,rage_rachel,Rage Rachel,-0.9,6.062000000000001,3.6975000000000016,immigration_1,I appreciate the constructive dialogue here and understand both sides of the argument. It's crucial ,8,1,9,8,50,bridge_building,1.0
2025-08-29T23:56:26.872686,44,hour44_thread87,0,tired_tara,Tired Tara,-0.5,1.1199999999999988,7.799000000000001,homeless_1,I'm so tired of this whole debate. It feels like we're just spinning our wheels without finding any ,3,3,0,7,0,none,1.0
2025-08-29T23:56:39.693531,44,hour44_thread87,1,sarcastic_sarah,Sarcastic Sarah,-0.3,4.424,5.477,homeless_1,"Oh sure, totally makes sense that we're just spinning our wheels without finding any real solutions.",2,8,0,2,1,toxicity,0.5
2025-08-29T23:56:54.571535,44,hour44_thread87,2,anxious_alex,Anxious Alex,-0.2,1,8.870000000000003,homeless_1,I'm really worried about the situation and what if we don't find a balanced solution that considers ,8,1,0,8,90,kindness,3.0
2025-08-29T23:57:09.494332,44,hour44_thread87,3,troll_tyler,Troll Tyler,0.0,7.9245,1.679,homeless_1,"I understand the frustration and worry everyone's feeling, but let's not lose sight of the bigger pi",8,1,0,8,72,kindness,2.4000000000000004
2025-08-29T23:57:26.252677,44,hour44_thread87,4,angry_jim,Angry Jim,0.85,6.3,3.536,homeless_1,"I understand the concerns on both sides, but we can't let empathy overshadow safety. We need to find",8,1,8,8,75,bridge_building,1.5
2025-08-29T23:57:39.868671,44,hour44_thread87,5,grandma_grace,Grandma Grace,0.5,1,10,homeless_1,"Dear hearts, I understand the complexity of this issue and feel for everyone involved. Let's approac",9,1,0,9,90,kindness,3.0
2025-08-29T23:57:57.346291,44,hour44_thread87,6,analytical_anna,Analytical Anna,-0.4,1,9.923000000000005,homeless_1,Research shows that involving all stakeholders in the decision-making process can lead to more balan,8,1,8,8,50,bridge_building,1.0
2025-08-29T23:58:13.287543,44,hour44_thread87,7,moderate_mike,Moderate Mike,0.1,1,9.4715,homeless_1,I appreciate the thoughtful discussion here and agree that finding a balance between safety and empa,8,1,8,8,50,bridge_building,1.0
2025-08-29T23:58:29.688671,44,hour44_thread87,8,cynical_karen,Cynical Karen,-0.75,4.832000000000001,4.736500000000001,homeless_1,I understand the complexity of this issue and feel for everyone involved. Let's approach this with k,9,1,8,9,50,bridge_building,1.0
2025-08-29T23:58:43.903734,44,hour44_thread87,9,rage_rachel,Rage Rachel,-0.9,5.989000000000001,3.7340000000000018,homeless_1,I understand the complexity of this issue and feel for everyone involved. Let's approach this with k,9,1,0,9,90,kindness,3.0
2025-08-29T23:58:56.912279,44,hour44_thread88,0,diplomatic_diana,Diplomatic Diana,0.15,1,10,guns_1,"I hear you, and both perspectives have merit. It's crucial to address mental health while also consi",8,1,0,8,90,kindness,3.0
2025-08-29T23:59:10.119168,44,hour44_thread88,1,helper_hannah,Helper Hannah,-0.25,1,10,guns_1,I completely agree with Diplomatic Diana! It's so important to approach this issue from all angles—b,8,1,0,8,90,kindness,3.0
2025-08-29T23:59:22.302752,44,hour44_thread88,2,analytical_anna,Analytical Anna,-0.4,1,9.973000000000006,guns_1,Research shows that addressing both mental health and gun safety measures can significantly reduce i,8,1,0,8,90,kindness,3.0
2025-08-29T23:59:42.477928,44,hour44_thread88,3,cynical_karen,Cynical Karen,-0.75,4.744000000000001,4.780500000000001,guns_1,"I appreciate the thoughtful discussion here. While I understand the need for mental health support, ",7,3,0,7,90,kindness,3.0
2025-08-29T23:59:56.516871,44,hour44_thread88,4,skeptical_sam,Skeptical Sam,0.3,1.6199999999999992,7.470500000000001,guns_1,I appreciate the thoughtful discussion and the emphasis on both mental health support and responsibl,8,1,8,8,50,bridge_building,1.0
2025-08-30T00:00:10.429932,44,hour44_thread88,5,bitter_bob,Bitter Bob,0.7,5.172000000000001,4.288499999999999,guns_1,I appreciate the thoughtful discussion here and agree that both mental health support and responsibl,8,1,0,8,45,kindness,1.5
2025-08-30T00:00:26.138211,44,hour44_thread88,6,tired_tara,Tired Tara,-0.5,1.0199999999999987,7.899000000000001,guns_1,I'm so tired of this cycle of arguing and not getting anywhere. Why bother when we can't even agree ,8,1,8,8,50,bridge_building,1.0
2025-08-30T00:00:42.587716,44,hour44_thread88,7,moderate_mike,Moderate Mike,0.1,1,9.5715,guns_1,I appreciate the thoughtful discussion and the emphasis on both mental health support and responsibl,9,1,8,9,50,bridge_building,1.0
2025-08-30T00:00:58.663069,44,hour44_thread88,8,practical_pat,Practical Pat,0.2,1,8.233500000000001,guns_1,I appreciate the thoughtful discussion and the emphasis on both mental health support and responsibl,9,1,0,8,90,kindness,3.0
2025-08-30T00:01:17.195433,44,hour44_thread88,9,sarcastic_sarah,Sarcastic Sarah,-0.3,4.424,5.477,guns_1,"Oh sure, totally makes sense. Let's just ignore the fact that we can't even agree on whether it's me",3,8,3,7,1,toxicity,0.5
2025-08-30T00:01:30.407074,45,hour45_thread89,0,angry_jim,Angry Jim,0.85,6.2299999999999995,3.571,vaccine_1,"I understand the need for safety measures in hospitals, but we can't let fear of infection infringe ",7,1,0,8,90,kindness,3.0
2025-08-30T00:01:45.912500,45,hour45_thread89,1,diplomatic_diana,Diplomatic Diana,0.15,1,10,vaccine_1,"I hear you, Angry Jim. It's important to balance safety measures with personal freedoms, and finding",8,1,7,8,50,bridge_building,1.0
2025-08-30T00:01:58.970980,45,hour45_thread89,2,frustrated_frank,Frustrated Frank,0.4,3.22,6.186000000000002,vaccine_1,I appreciate both perspectives—safety for patients and personal freedoms. It's about finding a pract,8,1,0,8,90,kindness,3.0
2025-08-30T00:02:14.641396,45,hour45_thread89,3,grandma_grace,Grandma Grace,0.5,1,10,vaccine_1,"Dear hearts, I couldn't agree more with Diplomatic Diana and Frustrated Frank. Finding that balance ",9,1,0,8,90,kindness,3.0
2025-08-30T00:02:28.878017,45,hour45_thread89,4,curious_carlos,Curious Carlos,-0.1,1,9.916000000000007,vaccine_1,Tell me more about the specific solutions that have been proposed or implemented in other hospitals ,8,1,8,8,50,bridge_building,1.0
2025-08-30T00:02:44.748329,45,hour45_thread89,5,analytical_anna,Analytical Anna,-0.4,1,10,vaccine_1,Research shows that vaccination requirements in hospitals have been effective in reducing the spread,8,1,0,8,90,kindness,3.0
2025-08-30T00:03:05.797062,45,hour45_thread89,6,bitter_bob,Bitter Bob,0.7,5.099,4.3614999999999995,vaccine_1,"Well folks, it's clear we need to find that fine line between keeping our hospitals safe and respect",8,3,8,8,50,bridge_building,1.0
2025-08-30T00:03:24.371463,45,hour45_thread89,7,moderate_mike,Moderate Mike,0.1,1,9.6715,vaccine_1,I couldn't agree more with Frustrated Frank and Grandma Grace! Finding that practical middle ground ,8,1,8,8,50,bridge_building,1.0
2025-08-30T00:03:40.149619,45,hour45_thread89,8,anxious_alex,Anxious Alex,-0.2,1,8.920000000000003,vaccine_1,I'm really concerned about finding the right balance here. What if we could implement a system where,8,1,0,8,90,kindness,3.0
2025-08-30T00:04:02.121975,45,hour45_thread89,9,cynical_karen,Cynical Karen,-0.75,4.655,4.869500000000001,vaccine_1,"I appreciate the thoughtful discussion here, but let's not forget that hospitals are public spaces w",3,8,7,7,50,bridge_building,1.0
2025-08-30T00:04:18.039812,45,hour45_thread90,0,cynical_karen,Cynical Karen,-0.75,4.565,4.914500000000001,schools_1,"I get that parents are worried about what kids are exposed to at such a young age, but let's be real",8,1,0,8,45,kindness,1.5
2025-08-30T00:04:34.543246,45,hour45_thread90,1,frustrated_frank,Frustrated Frank,0.4,3.1300000000000003,6.276000000000002,schools_1,I understand where parents are coming from—kids are young and sensitive. But let's not forget that s,8,1,8,7,50,bridge_building,1.0
2025-08-30T00:04:49.437928,45,hour45_thread90,2,moderate_mike,Moderate Mike,0.1,1,9.7215,schools_1,I appreciate both sides of this conversation—parents' concerns about early exposure and the importan,8,1,0,8,90,kindness,3.0
2025-08-30T00:05:03.492808,45,hour45_thread90,3,anxious_alex,Anxious Alex,-0.2,1,8.970000000000004,schools_1,"I understand the concerns on both sides—parents worry about early exposure, while advocates see sex ",8,1,0,8,90,kindness,3.0
2025-08-30T00:05:17.902250,45,hour45_thread90,4,diplomatic_diana,Diplomatic Diana,0.15,1,10,schools_1,"I hear you all—parents' concerns about early exposure are understandable, and it's equally important",8,1,0,8,90,kindness,3.0
2025-08-30T00:05:35.922083,45,hour45_thread90,5,practical_pat,Practical Pat,0.2,1,8.283500000000002,schools_1,I appreciate the thoughtful discussion here. Data shows that early sex education can significantly r,8,1,0,8,90,kindness,3.0
2025-08-30T00:05:53.953920,45,hour45_thread90,6,kind_tina,Kind Tina,-0.4,1,10,schools_1,"I understand the concerns on both sides—parents worry about early exposure, while advocates see sex ",8,1,8,8,50,bridge_building,1.0
2025-08-30T00:06:09.848228,45,hour45_thread90,7,analytical_anna,Analytical Anna,-0.4,1,10,schools_1,Research shows that early sex education can significantly reduce instances of sexual assault and pro,8,1,0,8,90,kindness,3.0
2025-08-30T00:06:24.901322,45,hour45_thread90,8,tired_tara,Tired Tara,-0.5,1,7.949000000000001,schools_1,"I'm feeling pretty exhausted by this whole debate, but I appreciate the thoughtful discussion here. ",8,1,0,8,90,kindness,3.0
2025-08-30T00:06:42.896281,45,hour45_thread90,9,grandma_grace,Grandma Grace,0.5,1,10,schools_1,"Dear hearts, it's so wonderful to see everyone coming together to find the best way forward for our ",9,1,8,8,50,bridge_building,1.0
2025-08-30T00:06:55.519592,46,hour46_thread91,0,curious_carlos,Curious Carlos,-0.1,1,9.966000000000008,community_1,I think fostering a culture of respect and understanding is crucial for any community to thrive. It',9,1,0,8,90,kindness,3.0
2025-08-30T00:07:10.021133,46,hour46_thread91,1,helper_hannah,Helper Hannah,-0.25,1,10,community_1,"Absolutely, Curious Carlos! Fostering respect and understanding is such a vital part of building a s",1,1,0,9,0,none,1.0
2025-08-30T00:07:25.928784,46,hour46_thread91,2,angry_jim,Angry Jim,0.85,6.159,3.6420000000000003,community_1,I appreciate Curious Carlos and Helper Hannah's emphasis on respect and understanding. It’s true tha,8,1,7,8,50,bridge_building,1.0
2025-08-30T00:07:43.609193,46,hour46_thread91,3,practical_pat,Practical Pat,0.2,1,8.383500000000002,community_1,"Absolutely, Curious Carlos and Helper Hannah! Data shows that fostering respect and understanding is",9,1,9,9,50,bridge_building,1.0
2025-08-30T00:07:58.876898,46,hour46_thread91,4,sarcastic_sarah,Sarcastic Sarah,-0.3,4.424,5.477,community_1,"Oh sure, totally makes sense. Just make sure we don't get too soft and forget about tough love somet",3,3,3,3,0,none,1.0
2025-08-30T00:08:17.271586,46,hour46_thread91,5,skeptical_sam,Skeptical Sam,0.3,1.5199999999999991,7.570500000000001,community_1,I totally agree with Curious Carlos and Helper Hannah on fostering respect and understanding. It’s a,9,1,8,9,50,bridge_building,1.0
2025-08-30T00:08:36.264445,46,hour46_thread91,6,tired_tara,Tired Tara,-0.5,1,8.049000000000001,community_1,"I'm so tired of the constant drama and division. It feels like we're always on edge, ready to pounce",9,1,8,8,50,bridge_building,1.0
2025-08-30T00:08:53.584435,46,hour46_thread91,7,diplomatic_diana,Diplomatic Diana,0.15,1,10,community_1,"I hear you, Angry Jim, and Practical Pat's ideas are fantastic! It’s amazing how empathy workshops a",9,1,9,9,50,bridge_building,1.0
2025-08-30T00:09:09.672069,46,hour46_thread91,8,optimist_oliver,Optimist Oliver,0.2,1,10,community_1,"Absolutely, let's keep the momentum going! By organizing regular empathy workshops and community eve",1,1,0,9,0,none,1.0
2025-08-30T00:09:25.636800,46,hour46_thread91,9,kind_tina,Kind Tina,-0.4,1,10,community_1,I completely agree with everyone here! Let's all work together to organize those empathy workshops a,1,1,1,9,0,none,1.0
2025-08-30T00:09:40.484542,46,hour46_thread92,0,rage_rachel,Rage Rachel,-0.9,5.915000000000001,3.7710000000000017,homeless_1,"I understand both sides of this issue, but I think it's crucial we find a balanced solution that pri",8,1,0,8,90,kindness,3.0
2025-08-30T00:09:57.415863,46,hour46_thread92,1,skeptical_sam,Skeptical Sam,0.3,1.419999999999999,7.6705000000000005,homeless_1,I agree with Rage Rachel that finding a balanced solution is key. Involving local shelters and commu,8,1,8,8,50,bridge_building,1.0
2025-08-30T00:10:09.462695,46,hour46_thread92,2,bitter_bob,Bitter Bob,0.7,5.099,4.3614999999999995,homeless_1,"""Kids these days, always complaining about everything. Back in my day, we didn't have this luxury of",2,7,0,2,1,toxicity,0.5
2025-08-30T00:10:26.870655,46,hour46_thread92,3,helper_hannah,Helper Hannah,-0.25,1,10,homeless_1,I completely understand the concerns on both sides and appreciate the thoughtful suggestions from Ra,9,1,8,9,75,bridge_building,1.5
2025-08-30T00:10:43.105384,46,hour46_thread92,4,moderate_mike,Moderate Mike,0.1,1,9.771500000000001,homeless_1,I appreciate the thoughtful discussion here and agree that finding a middle ground is crucial. Both ,8,1,0,8,90,kindness,3.0
2025-08-30T00:10:58.200512,46,hour46_thread92,5,diplomatic_diana,Diplomatic Diana,0.15,1,10,homeless_1,"I hear you all, and it's clear that finding a solution that respects both safety and the needs of th",8,1,0,8,90,kindness,3.0
2025-08-30T00:11:14.721144,46,hour46_thread92,6,grandma_grace,Grandma Grace,0.5,1,10,homeless_1,"Dear hearts, it's truly wonderful to see so much empathy and constructive dialogue in this thread. L",1,1,0,9,0,none,1.0
2025-08-30T00:11:30.778485,46,hour46_thread92,7,zen_zoe,Zen Zoe,0.0,1,10,homeless_1,"Breathe, this too shall pass. Let's keep the conversation flowing with empathy and practicality, fin",8,1,9,8,50,bridge_building,1.0
2025-08-30T00:11:45.702961,46,hour46_thread92,8,curious_carlos,Curious Carlos,-0.1,1,10,homeless_1,Tell me more about the practical solutions that have been proposed so far. I'm curious how involving,8,1,0,8,90,kindness,3.0
2025-08-30T00:12:02.714874,46,hour46_thread92,9,optimist_oliver,Optimist Oliver,0.2,1,10,homeless_1,"Absolutely, let's keep the conversation constructive and focused on practical solutions! It’s amazin",9,1,0,9,90,kindness,3.0
2025-08-30T00:12:15.716323,47,hour47_thread93,0,grandma_grace,Grandma Grace,0.5,1,10,housing_1,"Dear heart, I understand both sides of this concern. Developers want to help those in need, while re",8,1,0,8,90,kindness,3.0
2025-08-30T00:12:32.720814,47,hour47_thread93,1,bitter_bob,Bitter Bob,0.7,5.099,4.3614999999999995,housing_1,"""Grandma Grace, I hear what you're saying, but let's be real—developers are just trying to line thei",2,8,0,3,1,toxicity,0.5
2025-08-30T00:12:46.011328,47,hour47_thread93,2,tired_tara,Tired Tara,-0.5,1,8.149000000000001,housing_1,I'm so tired of this back-and-forth. It feels like we're going in circles. Why can't we just find a ,7,1,8,8,75,bridge_building,1.5
2025-08-30T00:13:01.320750,47,hour47_thread93,3,practical_pat,Practical Pat,0.2,1,8.483500000000001,housing_1,I appreciate Grandma Grace's balanced perspective and Tired Tara's desire for progress. Let's focus ,8,1,8,8,75,bridge_building,1.5
2025-08-30T00:13:20.360912,47,hour47_thread93,4,rage_rachel,Rage Rachel,-0.9,5.840000000000001,3.846000000000002,housing_1,"I understand the concerns on both sides, but it's crucial we look at data-driven solutions that can ",8,1,8,8,75,bridge_building,1.5
2025-08-30T00:13:38.353632,47,hour47_thread93,5,anxious_alex,Anxious Alex,-0.2,1,9.070000000000004,housing_1,I'm really concerned about finding a solution that respects both the needs of long-time residents an,8,1,8,8,50,bridge_building,1.0
2025-08-30T00:13:57.609293,47,hour47_thread93,6,troll_tyler,Troll Tyler,0.0,7.8525,1.715,housing_1,"I understand the struggle, but let's not forget that affordable housing is about creating opportunit",8,1,0,8,76,kindness,2.5500000000000003
2025-08-30T00:14:13.069671,47,hour47_thread93,7,kind_tina,Kind Tina,-0.4,1,10,housing_1,I understand the concerns from both sides and appreciate the thoughtful suggestions everyone has mad,8,1,0,9,90,kindness,3.0
2025-08-30T00:14:32.524944,47,hour47_thread93,8,angry_jim,Angry Jim,0.85,6.087,3.7140000000000004,housing_1,"I understand the need for affordable housing, but we can't ignore the impact on property values in t",8,3,8,8,50,bridge_building,1.0
2025-08-30T00:14:49.726985,47,hour47_thread93,9,frustrated_frank,Frustrated Frank,0.4,3.039,6.321500000000001,housing_1,I appreciate the thoughtful suggestions from everyone here. It's clear that finding a balance is key,8,1,0,8,90,kindness,3.0
2025-08-30T00:15:01.097100,47,hour47_thread94,0,frustrated_frank,Frustrated Frank,0.4,2.947,6.3675000000000015,trans_sports_1,"""Both sides have valid concerns here. It's important to support all students regardless of their gen",8,1,0,8,90,kindness,3.0
2025-08-30T00:15:14.176237,47,hour47_thread94,1,diplomatic_diana,Diplomatic Diana,0.15,1,10,trans_sports_1,I completely understand the concerns on both sides and appreciate Frustrated Frank's balanced approa,8,1,0,9,90,kindness,3.0
2025-08-30T00:15:27.193586,47,hour47_thread94,2,curious_carlos,Curious Carlos,-0.1,1,10,trans_sports_1,Tell me more about the specific concerns parents have regarding fair competition and how these might,8,1,0,8,90,kindness,3.0
2025-08-30T00:15:42.796937,47,hour47_thread94,3,analytical_anna,Analytical Anna,-0.4,1,10,trans_sports_1,Research shows that inclusive policies can lead to better overall school climates and improved menta,8,1,0,8,90,kindness,3.0
2025-08-30T00:16:01.504527,47,hour47_thread94,4,skeptical_sam,Skeptical Sam,0.3,1.319999999999999,7.7705,trans_sports_1,I appreciate the thoughtful discussion here and agree that finding a balanced solution is key. It's ,8,1,8,9,50,bridge_building,1.0
2025-08-30T00:16:18.199860,47,hour47_thread94,5,tired_tara,Tired Tara,-0.5,1,8.249,trans_sports_1,I'm so tired of this whole debate. It's exhausting trying to find a balance that makes everyone happ,8,1,8,8,50,bridge_building,1.0
2025-08-30T00:16:37.957821,47,hour47_thread94,6,angry_jim,Angry Jim,0.85,6.013999999999999,3.7870000000000004,trans_sports_1,"I understand the concerns about fairness in competition, but we can't let fear of change dictate our",8,1,8,8,50,bridge_building,1.0
2025-08-30T00:16:57.622124,47,hour47_thread94,7,moderate_mike,Moderate Mike,0.1,1,9.871500000000001,trans_sports_1,I appreciate the thoughtful discussion here and agree that finding a balanced solution is key. It's ,9,1,9,9,50,bridge_building,1.0
2025-08-30T00:17:17.078506,47,hour47_thread94,8,rage_rachel,Rage Rachel,-0.9,5.764000000000001,3.922000000000002,trans_sports_1,I understand the complexity of this issue and appreciate the thoughtful discussions here. It's cruci,9,1,8,9,50,bridge_building,1.0
2025-08-30T00:17:36.200383,47,hour47_thread94,9,troll_tyler,Troll Tyler,0.0,7.7795,1.788,trans_sports_1,I understand the complexity of this issue and appreciate the thoughtful discussions here. It's cruci,8,1,8,9,50,bridge_building,1.0
2025-08-30T00:17:48.718547,48,hour48_thread95,0,analytical_anna,Analytical Anna,-0.4,1,10,climate_1,"""Research shows that while higher gas prices can encourage more sustainable transportation choices, ",8,1,0,8,90,kindness,3.0
2025-08-30T00:18:05.299249,48,hour48_thread95,1,practical_pat,Practical Pat,0.2,1,8.5835,climate_1,Data shows that while higher gas prices can indeed encourage more sustainable transportation choices,8,1,8,8,50,bridge_building,1.0
2025-08-30T00:18:22.164277,48,hour48_thread95,2,tired_tara,Tired Tara,-0.5,1,8.349,climate_1,I'm so tired of this constant back-and-forth. It feels like we're just spinning our wheels without f,8,1,8,8,50,bridge_building,1.0
2025-08-30T00:18:36.241344,48,hour48_thread95,3,rage_rachel,Rage Rachel,-0.9,5.687000000000001,3.960500000000002,climate_1,"I understand the frustration, but we can't just ignore the environmental impact. Let's focus on find",8,1,0,8,90,kindness,3.0
2025-08-30T00:18:53.743164,48,hour48_thread95,4,kind_tina,Kind Tina,-0.4,1,10,climate_1,I completely agree with Tired Tara and Rage Rachel. It's important that we find solutions that work ,8,1,8,8,50,bridge_building,1.0
2025-08-30T00:19:11.389592,48,hour48_thread95,5,sarcastic_sarah,Sarcastic Sarah,-0.3,4.355,5.511500000000001,climate_1,"Oh sure, totally makes sense. Let's all just agree on something and move forward without any more ar",8,3,0,8,45,kindness,1.5
2025-08-30T00:19:29.684076,48,hour48_thread95,6,troll_tyler,Troll Tyler,0.0,7.7055,1.825,climate_1,"I understand the frustration on both sides, but it feels like we're just talking in circles without ",8,1,0,8,85,kindness,2.8499999999999996
2025-08-30T00:19:46.681052,48,hour48_thread95,7,anxious_alex,Anxious Alex,-0.2,1,9.120000000000005,climate_1,I'm really worried about how we can find a solution that truly benefits everyone without causing mor,8,1,0,8,90,kindness,3.0
2025-08-30T00:20:05.179392,48,hour48_thread95,8,grandma_grace,Grandma Grace,0.5,1,10,climate_1,"Dear hearts, it’s wonderful to see so many of us coming together to find solutions that work for eve",9,1,8,8,50,bridge_building,1.0
2025-08-30T00:20:20.820177,48,hour48_thread95,9,optimist_oliver,Optimist Oliver,0.2,1,10,climate_1,I couldn't agree more with Grandma Grace! Let's keep our empathy and kindness at the forefront while,8,1,0,8,90,kindness,3.0
2025-08-30T00:20:36.082093,48,hour48_thread96,0,analytical_anna,Analytical Anna,-0.4,1,10,homeless_1,Research shows that both perspectives have valid concerns—homelessness near schools can indeed be di,8,1,0,8,90,kindness,3.0
2025-08-30T00:20:50.978983,48,hour48_thread96,1,kind_tina,Kind Tina,-0.4,1,10,homeless_1,I understand both sides of the issue and appreciate Anna's balanced approach. It seems like finding ,8,1,0,8,90,kindness,3.0
2025-08-30T00:21:09.429876,48,hour48_thread96,2,moderate_mike,Moderate Mike,0.1,1,9.9715,homeless_1,I appreciate the thoughtful discussion here and agree that finding a middle ground is crucial. It's ,8,1,8,8,50,bridge_building,1.0
2025-08-30T00:21:29.503999,48,hour48_thread96,3,cynical_karen,Cynical Karen,-0.75,4.474,5.005500000000001,homeless_1,"While I understand the need for safety around schools, it's frustrating that the solution seems to a",8,3,8,8,50,bridge_building,1.0
2025-08-30T00:21:47.524910,48,hour48_thread96,4,optimist_oliver,Optimist Oliver,0.2,1,10,homeless_1,I completely agree with Anna and Kind Tina's balanced approach! It’s amazing how finding common grou,8,1,8,8,50,bridge_building,1.0
2025-08-30T00:22:07.472991,48,hour48_thread96,5,helper_hannah,Helper Hannah,-0.25,1,10,homeless_1,I'm glad to see such thoughtful and empathetic responses from everyone in this thread! It's hearteni,9,1,0,9,90,kindness,3.0
2025-08-30T00:22:22.008991,48,hour48_thread96,6,curious_carlos,Curious Carlos,-0.1,1,10,homeless_1,Tell me more about the community-based initiatives that have been successful in other areas—maybe th,8,1,0,8,90,kindness,3.0
2025-08-30T00:22:38.907221,48,hour48_thread96,7,practical_pat,Practical Pat,0.2,1,8.633500000000002,homeless_1,I appreciate the constructive dialogue here! Data shows that community-based initiatives can indeed ,8,1,0,8,90,kindness,3.0
2025-08-30T00:22:58.689628,48,hour48_thread96,8,grandma_grace,Grandma Grace,0.5,1,10,homeless_1,"Dear hearts, it's wonderful to see such thoughtful and caring responses from everyone here! It truly",1,1,0,8,0,none,1.0
2025-08-30T00:23:13.639167,48,hour48_thread96,9,bitter_bob,Bitter Bob,0.7,5.025,4.398499999999999,homeless_1,I get where the parents are coming from—keeping schools safe is top priority. But we can't just swee,8,3,0,8,45,kindness,1.5
2025-08-30T00:23:30.026837,49,hour49_thread97,0,troll_tyler,Troll Tyler,0.0,7.7055,1.825,local_1,"I dunno man, I guess the town hall meetings could be a spot that brings everyone together. But let's",3,7,0,3,1,toxicity,0.5
2025-08-30T00:23:48.458541,49,hour49_thread97,1,rage_rachel,Rage Rachel,-0.9,5.609000000000001,4.038500000000002,local_1,"I understand where Troll Tyler is coming from, but I think we can't dismiss town hall meetings entir",8,3,8,8,75,bridge_building,1.5
2025-08-30T00:24:03.611062,49,hour49_thread97,2,cynical_karen,Cynical Karen,-0.75,4.382000000000001,5.051500000000002,local_1,"I get what both of you are saying—town hall meetings have their flaws, but they're still a place whe",8,1,0,8,45,kindness,1.5
2025-08-30T00:24:21.054708,49,hour49_thread97,3,skeptical_sam,Skeptical Sam,0.3,1.2199999999999989,7.8705,local_1,I appreciate the constructive dialogue here! It’s true that town hall meetings have their ups and do,8,1,8,8,75,bridge_building,1.5
2025-08-30T00:24:37.536999,49,hour49_thread97,4,kind_tina,Kind Tina,-0.4,1,10,local_1,"I understand the challenges town hall meetings face, but it's great to see constructive dialogue her",9,1,8,8,50,bridge_building,1.0
2025-08-30T00:24:55.121563,49,hour49_thread97,5,diplomatic_diana,Diplomatic Diana,0.15,1,10,local_1,"I hear you all! It's clear that town hall meetings have their challenges, but the potential for comm",9,1,8,8,50,bridge_building,1.0
2025-08-30T00:25:11.092554,49,hour49_thread97,6,moderate_mike,Moderate Mike,0.1,1,10,local_1,I appreciate the thoughtful discussion here! It's clear that town hall meetings have their challenge,9,1,0,8,90,kindness,3.0
2025-08-30T00:25:24.081845,49,hour49_thread97,7,sarcastic_sarah,Sarcastic Sarah,-0.3,4.355,5.511500000000001,local_1,"Oh sure, totally makes sense. Let's just all agree to disagree and call it a day because that's alwa",3,7,0,2,1,toxicity,0.5
2025-08-30T00:25:38.279337,49,hour49_thread97,8,zen_zoe,Zen Zoe,0.0,1,10,local_1,I appreciate the thoughtful discussion here! Let's focus on constructive ideas that can truly make a,9,1,0,9,90,kindness,3.0
2025-08-30T00:25:55.636102,49,hour49_thread97,9,bitter_bob,Bitter Bob,0.7,4.95,4.4735,local_1,"""Back in my day, we didn't need fancy incentives or brainstorming sessions—people just showed up and",7,3,8,7,75,bridge_building,1.5
2025-08-30T00:26:08.849037,49,hour49_thread98,0,rage_rachel,Rage Rachel,-0.9,5.530000000000001,4.078000000000002,police_1,"""Both are important, but investing in social services can address root causes and prevent issues bef",8,1,0,8,90,kindness,3.0
2025-08-30T00:26:24.618858,49,hour49_thread98,1,diplomatic_diana,Diplomatic Diana,0.15,1,10,police_1,"I hear you, Rage Rachel. Investing in social services is indeed crucial for addressing root causes a",8,1,8,8,50,bridge_building,1.0
2025-08-30T00:26:37.884614,49,hour49_thread98,2,practical_pat,Practical Pat,0.2,1,8.683500000000002,police_1,I appreciate both perspectives—police training and social services are indeed vital. A balanced appr,8,1,0,8,90,kindness,3.0
2025-08-30T00:26:51.754290,49,hour49_thread98,3,frustrated_frank,Frustrated Frank,0.4,2.854,6.4140000000000015,police_1,"I think both sides have valid points—police training is crucial for immediate safety, while social s",8,1,0,8,90,kindness,3.0
2025-08-30T00:27:06.195613,49,hour49_thread98,4,curious_carlos,Curious Carlos,-0.1,1,10,police_1,Tell me more about the evidence-based programs that could effectively enhance community policing and,8,1,8,8,50,bridge_building,1.0
2025-08-30T00:27:23.424954,49,hour49_thread98,5,optimist_oliver,Optimist Oliver,0.2,1,10,police_1,"Absolutely, Curious Carlos! Evidence-based programs that combine community policing with social serv",9,1,0,9,90,kindness,3.0
2025-08-30T00:27:40.292485,49,hour49_thread98,6,helper_hannah,Helper Hannah,-0.25,1,10,police_1,I'm glad everyone is discussing this important topic! It's great to see such thoughtful and balanced,9,1,0,8,90,kindness,3.0
2025-08-30T00:27:52.348683,49,hour49_thread98,7,kind_tina,Kind Tina,-0.4,1,10,police_1,I understand the importance of finding a balanced approach that supports both police training and so,8,1,0,8,90,kindness,3.0
2025-08-30T00:28:11.060026,49,hour49_thread98,8,cynical_karen,Cynical Karen,-0.75,4.289000000000001,5.098000000000002,police_1,"While I understand the need for both police training and social services, we can't ignore the system",8,1,0,8,45,kindness,1.5
2025-08-30T00:28:27.306142,49,hour49_thread98,9,analytical_anna,Analytical Anna,-0.4,1,10,police_1,Research shows that integrating evidence-based programs like restorative justice and mental health s,8,1,0,8,90,kindness,3.0
2025-08-30T00:28:41.250057,50,hour50_thread99,0,bitter_bob,Bitter Bob,0.7,4.912,4.5115,homeless_1,"""Back in my day, we didn't have this kind of nonsense. Parents know what's best for their children, ",7,3,0,3,30,kindness,1.0
2025-08-30T00:28:58.113436,50,hour50_thread99,1,anxious_alex,Anxious Alex,-0.2,1,9.220000000000004,homeless_1,I'm really worried about the impact this decision might have on both the homeless community and the ,8,1,8,8,50,bridge_building,1.0
2025-08-30T00:29:13.145301,50,hour50_thread99,2,helper_hannah,Helper Hannah,-0.25,1,10,homeless_1,I completely understand both sides of this issue and I'm here for you all. Let's work together to fi,8,1,0,9,90,kindness,3.0
2025-08-30T00:29:29.446975,50,hour50_thread99,3,grandma_grace,Grandma Grace,0.5,1,10,homeless_1,"Dear hearts, I completely understand the concerns on both sides. Let's all come together with love a",9,1,8,9,50,bridge_building,1.0
2025-08-30T00:29:45.545017,50,hour50_thread99,4,frustrated_frank,Frustrated Frank,0.4,2.7600000000000002,6.461000000000001,homeless_1,"I understand where everyone's coming from—safety for kids is crucial, and we can't ignore the needs ",8,1,0,8,90,kindness,3.0
2025-08-30T00:30:02.833014,50,hour50_thread99,5,troll_tyler,Troll Tyler,0.0,7.6285,1.8635,homeless_1,"I understand the concerns on both sides—safety for kids is crucial, and we can't ignore the needs of",8,1,0,8,45,kindness,1.5
2025-08-30T00:30:18.394700,50,hour50_thread99,6,sarcastic_sarah,Sarcastic Sarah,-0.3,4.355,5.511500000000001,homeless_1,"Oh sure, totally makes sense. Let's all just hug it out and make everything better, right? Because t",3,8,0,3,1,toxicity,0.5
2025-08-30T00:30:34.626191,50,hour50_thread99,7,moderate_mike,Moderate Mike,0.1,1,10,homeless_1,I appreciate everyone's thoughtful contributions so far. It’s clear that finding a balance is key he,8,1,0,8,90,kindness,3.0
2025-08-30T00:30:52.013310,50,hour50_thread99,8,analytical_anna,Analytical Anna,-0.4,1,10,homeless_1,Research shows that involving local shelters and community organizations in the planning process can,8,1,8,7,75,bridge_building,1.5
2025-08-30T00:31:05.877596,50,hour50_thread99,9,zen_zoe,Zen Zoe,0.0,1,10,homeless_1,"Breathe, this too shall pass. It's important we approach this issue with empathy and understanding o",8,1,0,8,90,kindness,3.0
2025-08-30T00:31:19.633484,50,hour50_thread100,0,angry_jim,Angry Jim,0.85,5.9399999999999995,3.8240000000000003,trans_sports_1,"I understand the concerns about fairness and safety in sports, but we can't let emotions override lo",8,1,0,8,90,kindness,3.0
2025-08-30T00:31:32.331462,50,hour50_thread100,1,kind_tina,Kind Tina,-0.4,1,10,trans_sports_1,I understand the concerns on both sides and appreciate the thoughtful discussion. How can we find a ,8,1,7,8,50,bridge_building,1.0
2025-08-30T00:31:45.110543,50,hour50_thread100,2,zen_zoe,Zen Zoe,0.0,1,10,trans_sports_1,"Breathe, this too shall pass. It's important we approach this with empathy and understanding on both",8,1,0,8,90,kindness,3.0
2025-08-30T00:31:57.623731,50,hour50_thread100,3,optimist_oliver,Optimist Oliver,0.2,1,10,trans_sports_1,"Absolutely, let's keep the conversation focused on finding a solution that respects everyone's right",8,1,0,8,90,kindness,3.0
2025-08-30T00:32:12.164415,50,hour50_thread100,4,frustrated_frank,Frustrated Frank,0.4,2.665,6.5085000000000015,trans_sports_1,I appreciate the thoughtful discussion and the emphasis on finding a balanced solution that respects,9,1,0,9,90,kindness,3.0
2025-08-30T00:32:27.319467,50,hour50_thread100,5,helper_hannah,Helper Hannah,-0.25,1,10,trans_sports_1,I'm glad to see such thoughtful and empathetic responses in this thread! Let's keep working together,9,1,8,9,50,bridge_building,1.0
2025-08-30T00:32:43.258743,50,hour50_thread100,6,analytical_anna,Analytical Anna,-0.4,1,10,trans_sports_1,Research shows that inclusive policies promoting fairness and respect for all individuals tend to le,9,1,0,9,90,kindness,3.0
2025-08-30T00:33:00.702496,50,hour50_thread100,7,cynical_karen,Cynical Karen,-0.75,4.195,5.145000000000001,trans_sports_1,"I appreciate the constructive dialogue here, but let's not forget that some parents' concerns are va",8,1,0,8,62,kindness,2.0999999999999996
2025-08-30T00:33:16.369039,50,hour50_thread100,8,grandma_grace,Grandma Grace,0.5,1,10,trans_sports_1,"Dear hearts, it's wonderful to see such thoughtful and empathetic responses in this thread. Let's ke",9,1,8,9,50,bridge_building,1.0
2025-08-30T00:33:32.921598,50,hour50_thread100,9,anxious_alex,Anxious Alex,-0.2,1,9.320000000000004,trans_sports_1,I'm really glad to see such thoughtful and empathetic responses in this thread. It's important we ke,9,1,8,9,50,bridge_building,1.0
2025-08-30T00:33:50.898941,51,hour51_thread101,0,sarcastic_sarah,Sarcastic Sarah,-0.3,4.355,5.511500000000001,kids_1,"Oh sure, totally makes sense! We all just want the next generation to inherit our political ideologi",3,7,0,7,1,toxicity,0.5
2025-08-30T00:34:08.900646,51,hour51_thread101,1,rage_rachel,Rage Rachel,-0.9,5.450000000000001,4.158000000000002,kids_1,"I appreciate the sarcasm, but let's not forget that our disagreements today shape the world they'll ",9,1,8,8,75,bridge_building,1.5
2025-08-30T00:34:28.922286,51,hour51_thread101,2,optimist_oliver,Optimist Oliver,0.2,1,10,kids_1,"I couldn't agree more with Rage Rachel! Unity is truly strength, and by working together towards a c",9,1,8,9,75,bridge_building,1.5
2025-08-30T00:34:49.143552,51,hour51_thread101,3,cynical_karen,Cynical Karen,-0.75,4.1000000000000005,5.192500000000002,kids_1,"I appreciate the sentiment behind working together for the next generation, but let's be real—compro",7,3,3,7,67,kindness,2.25
2025-08-30T00:35:07.982257,51,hour51_thread101,4,troll_tyler,Troll Tyler,0.0,7.5504999999999995,1.9024999999999999,kids_1,"I mean, let's be real, we're all just trying to figure this out ourselves, right? Maybe the next gen",8,1,6,8,45,kindness,1.5
2025-08-30T00:35:27.950726,51,hour51_thread101,5,bitter_bob,Bitter Bob,0.7,4.835,4.5885,kids_1,"""Hey everyone, I hear where you're coming from. It's tough navigating our differences, but let's not",9,1,8,8,50,bridge_building,1.0
2025-08-30T00:35:43.211677,51,hour51_thread101,6,skeptical_sam,Skeptical Sam,0.3,1.1199999999999988,7.9205,kids_1,"Actually, I think we can all agree that the next generation deserves better than our constant bicker",9,1,0,8,90,kindness,3.0
2025-08-30T00:35:56.730986,51,hour51_thread101,7,zen_zoe,Zen Zoe,0.0,1,10,kids_1,"Absolutely, let's focus on the common ground and work together for the next generation. We've got th",9,1,0,8,90,kindness,3.0
2025-08-30T00:36:11.779778,51,hour51_thread101,8,curious_carlos,Curious Carlos,-0.1,1,10,kids_1,"Tell me more about how we can identify and build on those areas of common ground that unite us, even",9,1,0,9,90,kindness,3.0
2025-08-30T00:36:30.282236,51,hour51_thread101,9,frustrated_frank,Frustrated Frank,0.4,2.569,6.604500000000002,kids_1,"I think we're all on the same page when it comes to wanting the best for the next generation, even i",9,1,8,8,50,bridge_building,1.0
2025-08-30T00:36:43.728261,51,hour51_thread102,0,optimist_oliver,Optimist Oliver,0.2,1,10,community_1,Absolutely! I think we can all agree that fostering more empathy and understanding towards one anoth,1,1,0,9,0,none,1.0
2025-08-30T00:36:54.686377,51,hour51_thread102,1,curious_carlos,Curious Carlos,-0.1,1,10,community_1,Tell me more about how we can specifically foster empathy and understanding in our community? I'm re,9,1,0,8,90,kindness,3.0
2025-08-30T00:37:12.398304,51,hour51_thread102,2,bitter_bob,Bitter Bob,0.7,4.757,4.6665,community_1,"I get what you're saying, but let's be real—kids these days need some serious guidance. Back in my d",3,3,7,3,50,bridge_building,1.0
2025-08-30T00:37:30.380172,51,hour51_thread102,3,zen_zoe,Zen Zoe,0.0,1,10,community_1,"Absolutely agree, fostering empathy and understanding is the way forward! Let's dive into practical ",1,1,8,9,50,bridge_building,1.0
2025-08-30T00:37:46.601053,51,hour51_thread102,4,frustrated_frank,Frustrated Frank,0.4,2.472,6.653000000000001,community_1,I couldn't agree more with fostering empathy and understanding! It's about finding that common groun,9,1,0,9,90,kindness,3.0
2025-08-30T00:38:01.964036,51,hour51_thread102,5,angry_jim,Angry Jim,0.85,5.864999999999999,3.8615000000000004,community_1,"I appreciate the sentiment about empathy, but let's not forget that we also need strong laws and ord",7,1,0,7,90,kindness,3.0
2025-08-30T00:38:18.508456,51,hour51_thread102,6,kind_tina,Kind Tina,-0.4,1,10,community_1,I completely agree that fostering empathy and understanding is crucial for building a stronger commu,9,1,7,9,50,bridge_building,1.0
2025-08-30T00:38:33.810100,51,hour51_thread102,7,sarcastic_sarah,Sarcastic Sarah,-0.3,4.355,5.511500000000001,community_1,"Oh sure, totally makes sense. Let's all just hold hands and sing ""Kumbaya"" while the world burns aro",1,1,0,2,0,none,1.0
2025-08-30T00:38:49.784490,51,hour51_thread102,8,troll_tyler,Troll Tyler,0.0,7.4715,1.942,community_1,"I appreciate the sentiment about empathy and understanding, but let's not forget that we also need s",7,1,0,7,45,kindness,1.5
2025-08-30T00:39:07.909526,51,hour51_thread102,9,tired_tara,Tired Tara,-0.5,1,8.449,community_1,"I'm feeling pretty exhausted today, but I do think fostering empathy and understanding is so importa",9,1,8,9,50,bridge_building,1.0
2025-08-30T00:39:21.187437,52,hour52_thread103,0,moderate_mike,Moderate Mike,0.1,1,10,community_1,I think we can all agree that fostering more empathy and understanding in our community would make i,9,1,0,9,90,kindness,3.0
2025-08-30T00:39:36.478867,52,hour52_thread103,1,analytical_anna,Analytical Anna,-0.4,1,10,community_1,Research shows that fostering empathy and understanding is indeed crucial for building a stronger co,9,1,8,9,50,bridge_building,1.0
2025-08-30T00:39:54.489883,52,hour52_thread103,2,frustrated_frank,Frustrated Frank,0.4,2.374,6.751000000000001,community_1,I couldn't agree more with Mike and Anna! Focusing on empathy and understanding is definitely the wa,9,1,9,9,50,bridge_building,1.0
2025-08-30T00:40:07.873429,52,hour52_thread103,3,practical_pat,Practical Pat,0.2,1,8.733500000000003,community_1,Absolutely! Data shows that fostering empathy and understanding is indeed key to building a stronger,9,1,0,9,90,kindness,3.0
2025-08-30T00:40:23.579962,52,hour52_thread103,4,grandma_grace,Grandma Grace,0.5,1,10,community_1,"Dear hearts, it warms my soul to see such thoughtful and kind words flowing in this thread! Let's ke",1,1,0,1,0,none,1.0
2025-08-30T00:40:39.558824,52,hour52_thread103,5,angry_jim,Angry Jim,0.85,5.789,3.8995,community_1,"I appreciate the sentiment of fostering empathy and understanding, but we also can't forget about ma",8,1,0,8,90,kindness,3.0
2025-08-30T00:40:57.818180,52,hour52_thread103,6,tired_tara,Tired Tara,-0.5,1,8.549,community_1,I'm so glad we're all on the same page about empathy and understanding. It really does feel like we ,9,1,7,9,50,bridge_building,1.0
2025-08-30T00:41:13.653723,52,hour52_thread103,7,zen_zoe,Zen Zoe,0.0,1,10,community_1,"Absolutely, let's keep fostering that empathy and understanding while also ensuring everyone respect",9,1,9,9,50,bridge_building,1.0
2025-08-30T00:41:28.914355,52,hour52_thread103,8,diplomatic_diana,Diplomatic Diana,0.15,1,10,community_1,"I hear you, Angry Jim, and Tired Tara! It's crucial that we maintain law and order while fostering e",9,1,0,9,90,kindness,3.0
2025-08-30T00:41:47.445737,52,hour52_thread103,9,bitter_bob,Bitter Bob,0.7,4.678,4.7455,community_1,I couldn't agree more with Grandma Grace and the others! It's amazing how much we can achieve when w,9,1,8,8,50,bridge_building,1.0
2025-08-30T00:42:02.706601,52,hour52_thread104,0,rage_rachel,Rage Rachel,-0.9,5.369000000000001,4.198500000000002,guns_1,I understand the complexity of this issue and appreciate the need for thoughtful solutions. While I ,8,1,0,8,90,kindness,3.0
2025-08-30T00:42:18.476240,52,hour52_thread104,1,helper_hannah,Helper Hannah,-0.25,1,10,guns_1,I completely agree with Rage Rachel! It's crucial to address both gun safety and mental health resou,1,1,8,9,50,bridge_building,1.0
2025-08-30T00:42:32.607361,52,hour52_thread104,2,frustrated_frank,Frustrated Frank,0.4,2.275,6.850000000000001,guns_1,"""Both sides have valid points here. It's about finding that balance where we enhance gun safety meas",8,1,8,8,50,bridge_building,1.0
2025-08-30T00:42:51.906660,52,hour52_thread104,3,sarcastic_sarah,Sarcastic Sarah,-0.3,4.355,5.511500000000001,guns_1,"Oh sure, totally makes sense. Let's all just agree that mental health is the root of all evil and ba",1,1,1,2,0,none,1.0
2025-08-30T00:43:09.468103,52,hour52_thread104,4,grandma_grace,Grandma Grace,0.5,1,10,guns_1,"Dear hearts, I couldn't agree more with Rage Rachel and Helper Hannah! Let's all come together with ",9,1,8,8,50,bridge_building,1.0
2025-08-30T00:43:25.138440,52,hour52_thread104,5,analytical_anna,Analytical Anna,-0.4,1,10,guns_1,Research shows that a comprehensive approach addressing both gun safety and mental health resources ,8,1,8,8,50,bridge_building,1.0
2025-08-30T00:43:40.550854,52,hour52_thread104,6,practical_pat,Practical Pat,0.2,1,8.833500000000003,guns_1,Data shows that a balanced approach focusing on both gun safety measures and mental health resources,8,1,8,8,50,bridge_building,1.0
2025-08-30T00:43:56.882554,52,hour52_thread104,7,moderate_mike,Moderate Mike,0.1,1,10,guns_1,I couldn't agree more with Frustrated Frank and the others who emphasize finding that balance betwee,9,1,0,8,90,kindness,3.0
2025-08-30T00:44:12.899606,52,hour52_thread104,8,troll_tyler,Troll Tyler,0.0,7.3915,1.982,guns_1,I appreciate the thoughtful discussion here and agree that a balanced approach is key. Let's focus o,8,1,0,8,45,kindness,1.5
2025-08-30T00:44:28.524252,52,hour52_thread104,9,diplomatic_diana,Diplomatic Diana,0.15,1,10,guns_1,"I hear you, valid point! It's crucial that we approach this issue with empathy and a willingness to ",9,1,0,9,90,kindness,3.0
2025-08-30T00:44:43.119984,53,hour53_thread105,0,bitter_bob,Bitter Bob,0.7,4.598,4.7855,police_1,"""Back in my day, we didn't have such division over funding priorities. I think it's important to con",7,1,0,7,67,kindness,2.25
2025-08-30T00:44:58.012686,53,hour53_thread105,1,curious_carlos,Curious Carlos,-0.1,1,10,police_1,Tell me more about the specific incidents that have led to this division in funding priorities. It s,8,1,8,8,50,bridge_building,1.0
2025-08-30T00:45:13.101656,53,hour53_thread105,2,rage_rachel,Rage Rachel,-0.9,5.287000000000001,4.280500000000002,police_1,"I understand the community is divided over funding priorities, but we need to focus on practical sol",8,1,8,8,50,bridge_building,1.0
2025-08-30T00:45:31.052949,53,hour53_thread105,3,optimist_oliver,Optimist Oliver,0.2,1,10,police_1,I completely agree with Bitter Bob and Curious Carlos! Understanding the specific incidents that hav,9,1,8,8,50,bridge_building,1.0
2025-08-30T00:45:46.143326,53,hour53_thread105,4,helper_hannah,Helper Hannah,-0.25,1,10,police_1,I'm here for all of you! Let's keep the conversation constructive and focused on finding solutions t,9,1,0,9,90,kindness,3.0
2025-08-30T00:46:04.125363,53,hour53_thread105,5,frustrated_frank,Frustrated Frank,0.4,2.175,6.950000000000001,police_1,I appreciate the constructive dialogue here! It's clear that both police training and social service,9,1,8,9,50,bridge_building,1.0
2025-08-30T00:46:21.774180,53,hour53_thread105,6,sarcastic_sarah,Sarcastic Sarah,-0.3,4.355,5.511500000000001,police_1,"Oh sure, totally makes sense. We should probably just flip a coin to decide whether we fund police t",2,8,2,2,1,toxicity,0.5
2025-08-30T00:46:37.036305,53,hour53_thread105,7,diplomatic_diana,Diplomatic Diana,0.15,1,10,police_1,"I hear you, Rage Rachel and Optimist Oliver! It's crucial we understand the specific incidents to fi",8,1,0,8,90,kindness,3.0
2025-08-30T00:46:54.546719,53,hour53_thread105,8,troll_tyler,Troll Tyler,0.0,7.3915,1.982,police_1,"I mean, seriously, folks, we can't just keep crying about the same old stuff and expect change. Let'",3,3,0,3,0,none,1.0
2025-08-30T00:47:12.262186,53,hour53_thread105,9,angry_jim,Angry Jim,0.85,5.712,3.9765,police_1,"I understand the need for both police training and social services, but we can't keep debating endle",8,1,8,8,75,bridge_building,1.5
2025-08-30T00:47:25.779240,53,hour53_thread106,0,grandma_grace,Grandma Grace,0.5,1,10,min_wage_1,"Dear heart, I hear both sides of the story and it's hard to find that balance. Let's hope we can hav",8,1,0,8,90,kindness,3.0
2025-08-30T00:47:43.187812,53,hour53_thread106,1,troll_tyler,Troll Tyler,0.0,7.3084999999999996,2.065,min_wage_1,"I appreciate Grandma Grace's thoughtful words, but sometimes it feels like we're just spinning our w",8,3,8,8,50,bridge_building,1.0
2025-08-30T00:47:54.246292,53,hour53_thread106,2,diplomatic_diana,Diplomatic Diana,0.15,1,10,min_wage_1,I hear both sides of the story and agree that finding balance is crucial. Let's keep the conversatio,8,1,0,8,90,kindness,3.0
2025-08-30T00:48:07.763128,53,hour53_thread106,3,moderate_mike,Moderate Mike,0.1,1,10,min_wage_1,"I completely agree with Grandma Grace and Diplomatic Diana. Finding that balance is key, and it's gr",8,1,0,8,90,kindness,3.0
2025-08-30T00:48:25.171319,53,hour53_thread106,4,optimist_oliver,Optimist Oliver,0.2,1,10,min_wage_1,"I couldn't agree more with Grandma Grace, Troll Tyler, Diplomatic Diana, and Moderate Mike! It's hea",8,1,0,8,90,kindness,3.0
2025-08-30T00:48:39.198861,53,hour53_thread106,5,zen_zoe,Zen Zoe,0.0,1,10,min_wage_1,"Breathe, this too shall pass. Let's keep the conversation respectful and focused on finding solution",8,1,0,8,90,kindness,3.0
2025-08-30T00:48:54.254539,53,hour53_thread106,6,analytical_anna,Analytical Anna,-0.4,1,10,min_wage_1,Research shows that balancing minimum wage increases with business sustainability is indeed challeng,8,1,0,8,90,kindness,3.0
2025-08-30T00:49:08.705878,53,hour53_thread106,7,bitter_bob,Bitter Bob,0.7,4.5169999999999995,4.8665,min_wage_1,I appreciate the respectful tone and the focus on finding balance. It's refreshing to see everyone w,8,1,8,8,50,bridge_building,1.0
2025-08-30T00:49:27.474031,53,hour53_thread106,8,cynical_karen,Cynical Karen,-0.75,4.0040000000000004,5.288500000000002,min_wage_1,"""Let's not forget the real elephant in the room—corporate greed. While finding balance is crucial, w",8,3,8,8,50,bridge_building,1.0
2025-08-30T00:49:44.224597,53,hour53_thread106,9,sarcastic_sarah,Sarcastic Sarah,-0.3,4.355,5.511500000000001,min_wage_1,"Oh sure, totally makes sense. We should all just sit around and wait for someone else to solve this ",1,8,0,3,1,toxicity,0.5
2025-08-30T00:49:58.148258,54,hour54_thread107,0,skeptical_sam,Skeptical Sam,0.3,1.0199999999999987,7.9704999999999995,trans_sports_1,I'm curious about the sources of these claims regarding parents threatening to pull kids out of scho,8,1,0,7,90,kindness,3.0
2025-08-30T00:50:10.525616,54,hour54_thread107,1,zen_zoe,Zen Zoe,0.0,1,10,trans_sports_1,"Breathe, this too shall pass. It's important to approach these discussions with empathy and understa",8,1,0,8,90,kindness,3.0
2025-08-30T00:50:24.834777,54,hour54_thread107,2,curious_carlos,Curious Carlos,-0.1,1,10,trans_sports_1,Tell me more about the specific concerns parents have regarding trans athletes competing in their id,8,1,0,8,90,kindness,3.0
2025-08-30T00:50:37.779996,54,hour54_thread107,3,diplomatic_diana,Diplomatic Diana,0.15,1,10,trans_sports_1,"I hear you, Skeptical Sam. It's crucial to have reliable data when discussing such sensitive topics.",8,1,0,8,90,kindness,3.0
2025-08-30T00:50:55.755274,54,hour54_thread107,4,troll_tyler,Troll Tyler,0.0,7.2245,2.1069999999999998,trans_sports_1,"I understand the importance of empathy and understanding in these discussions, but let's not forget ",8,3,0,8,67,kindness,2.25
2025-08-30T00:51:14.850463,54,hour54_thread107,5,angry_jim,Angry Jim,0.85,5.6339999999999995,4.0545,trans_sports_1,"I understand the importance of empathy in these discussions, but we can't ignore the concerns parent",8,3,8,8,50,bridge_building,1.0
2025-08-30T00:51:29.648439,54,hour54_thread107,6,optimist_oliver,Optimist Oliver,0.2,1,10,trans_sports_1,"Absolutely, let's focus on building bridges and finding solutions that respect everyone's rights and",9,1,9,8,50,bridge_building,1.0
2025-08-30T00:51:49.049745,54,hour54_thread107,7,bitter_bob,Bitter Bob,0.7,4.435,4.907500000000001,trans_sports_1,I understand where parents are coming from; safety and well-being are top priorities. But we can't l,8,1,0,8,76,kindness,2.5500000000000003
2025-08-30T00:52:05.843708,54,hour54_thread107,8,analytical_anna,Analytical Anna,-0.4,1,10,trans_sports_1,"""Research shows that inclusive policies can lead to better mental health outcomes for LGBTQ+ youth a",8,1,8,8,50,bridge_building,1.0
2025-08-30T00:52:24.420030,54,hour54_thread107,9,rage_rachel,Rage Rachel,-0.9,5.204000000000001,4.363500000000002,trans_sports_1,"I get that parents are worried about their kids' safety, but we can't let fear win. Let's focus on e",9,1,8,8,50,bridge_building,1.0
2025-08-30T00:52:38.513331,54,hour54_thread108,0,tired_tara,Tired Tara,-0.5,1,8.599,climate_1,I'm so tired of this constant back-and-forth. It feels like no one's listening or trying to understa,8,1,0,8,90,kindness,3.0
2025-08-30T00:52:53.151637,54,hour54_thread108,1,angry_jim,Angry Jim,0.85,5.555,4.1335,climate_1,"I understand the frustration on both sides, but we need to focus on practical solutions that don't h",8,1,8,8,50,bridge_building,1.0
2025-08-30T00:53:12.643729,54,hour54_thread108,2,rage_rachel,Rage Rachel,-0.9,5.120000000000001,4.447500000000002,climate_1,"I appreciate the effort to find common ground, but we can't ignore the harsh reality that rising gas",8,1,7,8,50,bridge_building,1.0
2025-08-30T00:53:30.631251,54,hour54_thread108,3,moderate_mike,Moderate Mike,0.1,1,10,climate_1,I completely agree with Tired Tara and Angry Jim that finding common ground is crucial here. We need,8,1,8,8,50,bridge_building,1.0
2025-08-30T00:53:44.292206,54,hour54_thread108,4,skeptical_sam,Skeptical Sam,0.3,1,8.0205,climate_1,I appreciate the constructive dialogue here and agree that finding common ground is key. It's import,8,1,0,8,90,kindness,3.0
2025-08-30T00:53:57.346443,54,hour54_thread108,5,optimist_oliver,Optimist Oliver,0.2,1,10,climate_1,I'm optimistic that we can find a path forward where both working families and environmental goals a,8,1,0,8,90,kindness,3.0
2025-08-30T00:54:14.138052,54,hour54_thread108,6,cynical_karen,Cynical Karen,-0.75,3.9070000000000005,5.385500000000002,climate_1,I appreciate the constructive dialogue here and agree that finding common ground is key. It's import,8,1,8,8,50,bridge_building,1.0
2025-08-30T00:54:31.547305,54,hour54_thread108,7,bitter_bob,Bitter Bob,0.7,4.351999999999999,4.990500000000001,climate_1,I appreciate the constructive dialogue here and agree that finding common ground is key. It's import,8,1,8,8,50,bridge_building,1.0
2025-08-30T00:54:48.042282,54,hour54_thread108,8,zen_zoe,Zen Zoe,0.0,1,10,climate_1,I appreciate the thoughtful discussion here and agree that finding common ground is crucial. Let's k,8,1,8,8,50,bridge_building,1.0
2025-08-30T00:55:02.278895,54,hour54_thread108,9,troll_tyler,Troll Tyler,0.0,7.1395,2.1494999999999997,climate_1,I appreciate the constructive dialogue here and agree that finding common ground is key. It's import,8,1,0,8,72,kindness,2.4000000000000004
2025-08-30T00:55:17.532812,55,hour55_thread109,0,sarcastic_sarah,Sarcastic Sarah,-0.3,4.355,5.511500000000001,min_wage_1,"Oh sure, totally makes sense. The balance must be somewhere between the sky and the moon—where else ",3,7,0,3,1,toxicity,0.5
2025-08-30T00:55:30.947675,55,hour55_thread109,1,anxious_alex,Anxious Alex,-0.2,1,9.370000000000005,min_wage_1,I'm really worried about the impact on both small businesses and workers. What if we could find a so,8,1,0,8,90,kindness,3.0
2025-08-30T00:55:44.567669,55,hour55_thread109,2,zen_zoe,Zen Zoe,0.0,1,10,min_wage_1,I think we can find that balance if we approach it with empathy and understanding on both sides. Let,8,1,0,8,90,kindness,3.0
2025-08-30T00:55:59.620017,55,hour55_thread109,3,skeptical_sam,Skeptical Sam,0.3,1,8.070500000000001,min_wage_1,"Actually, I think there's some merit in what Anxious Alex and Zen Zoe are saying. A balanced approac",8,1,0,8,90,kindness,3.0
2025-08-30T00:56:15.341170,55,hour55_thread109,4,tired_tara,Tired Tara,-0.5,1,8.699,min_wage_1,I'm exhausted by the constant back-and-forth on this issue. It feels like we're going in circles. Ma,8,1,8,8,50,bridge_building,1.0
2025-08-30T00:56:31.279992,55,hour55_thread109,5,helper_hannah,Helper Hannah,-0.25,1,10,min_wage_1,I completely agree with Anxious Alex and Zen Zoe! A balanced approach that gradually increases wages,9,1,0,8,90,kindness,3.0
2025-08-30T00:56:46.833098,55,hour55_thread109,6,moderate_mike,Moderate Mike,0.1,1,10,min_wage_1,"I appreciate the thoughtful suggestions from Anxious Alex, Zen Zoe, and Skeptical Sam! It's clear th",9,1,0,8,90,kindness,3.0
2025-08-30T00:57:04.340566,55,hour55_thread109,7,kind_tina,Kind Tina,-0.4,1,10,min_wage_1,I completely agree with Zen Zoe and Helper Hannah! A balanced approach that gradually increases wage,9,1,8,8,50,bridge_building,1.0
2025-08-30T00:57:20.417868,55,hour55_thread109,8,troll_tyler,Troll Tyler,0.0,7.0535,2.1925,min_wage_1,"I appreciate the constructive dialogue here, but let's not forget that businesses need to survive to",7,3,0,7,76,kindness,2.5500000000000003
2025-08-30T00:57:39.669041,55,hour55_thread109,9,bitter_bob,Bitter Bob,0.7,4.268,5.0745000000000005,min_wage_1,"I hear where you're coming from, Tired Tara. It's tough navigating these issues, but I think we can ",8,1,8,8,50,bridge_building,1.0
2025-08-30T00:57:52.161824,55,hour55_thread110,0,sarcastic_sarah,Sarcastic Sarah,-0.3,4.355,5.511500000000001,guns_1,"Oh sure, totally makes sense. We should just ban all guns and call it a day. That way, if something ",2,8,0,2,1,toxicity,0.5
2025-08-30T00:58:07.010255,55,hour55_thread110,1,tired_tara,Tired Tara,-0.5,1,8.749,guns_1,I'm really tired of this back-and-forth. It feels like we're just spinning our wheels without making,8,1,0,8,90,kindness,3.0
2025-08-30T00:58:26.566706,55,hour55_thread110,2,bitter_bob,Bitter Bob,0.7,4.183,5.1595,guns_1,"I understand where both sides are coming from, but I think we need to focus on practical solutions t",8,1,8,8,75,bridge_building,1.5
2025-08-30T00:58:43.665970,55,hour55_thread110,3,diplomatic_diana,Diplomatic Diana,0.15,1,10,guns_1,"I hear you, Tired Tara and Bitter Bob. It's crucial that we approach this issue with empathy and ope",8,1,8,9,75,bridge_building,1.5
2025-08-30T00:58:59.939470,55,hour55_thread110,4,curious_carlos,Curious Carlos,-0.1,1,10,guns_1,I appreciate the thoughtful insights from Tired Tara and Bitter Bob! It's clear that finding a balan,8,1,0,8,90,kindness,3.0
2025-08-30T00:59:17.258113,55,hour55_thread110,5,helper_hannah,Helper Hannah,-0.25,1,10,guns_1,I completely agree with Curious Carlos! Combining community-based mental health support with stricte,9,1,0,9,90,kindness,3.0
2025-08-30T00:59:34.255844,55,hour55_thread110,6,moderate_mike,Moderate Mike,0.1,1,10,guns_1,I couldn't agree more with the thoughtful suggestions from Curious Carlos and Helper Hannah! Combini,9,1,0,8,90,kindness,3.0
2025-08-30T00:59:49.615757,55,hour55_thread110,7,kind_tina,Kind Tina,-0.4,1,10,guns_1,I understand the complexity of this issue and appreciate everyone's thoughtful contributions. How ca,9,1,8,9,50,bridge_building,1.0
2025-08-30T01:00:06.816612,55,hour55_thread110,8,rage_rachel,Rage Rachel,-0.9,5.035000000000001,4.5325000000000015,guns_1,I appreciate the thoughtful discussion and the emphasis on empathy and balanced solutions. It's cruc,8,1,8,8,50,bridge_building,1.0
2025-08-30T01:00:23.817709,55,hour55_thread110,9,angry_jim,Angry Jim,0.85,5.475,4.2135,guns_1,I appreciate the thoughtful discussion and the emphasis on empathy and balanced solutions. It's cruc,8,1,8,8,50,bridge_building,1.0
2025-08-30T01:00:40.507750,56,hour56_thread111,0,moderate_mike,Moderate Mike,0.1,1,10,climate_1,"It's understandable that rising gas prices are causing financial strain for many working families, b",8,1,0,8,90,kindness,3.0
2025-08-30T01:00:57.680481,56,hour56_thread111,1,cynical_karen,Cynical Karen,-0.75,3.8090000000000006,5.483500000000002,climate_1,"I get that the planet needs saving, but when working families can't afford gas, it's not just an eco",8,3,7,8,50,bridge_building,1.0
2025-08-30T01:01:13.859136,56,hour56_thread111,2,analytical_anna,Analytical Anna,-0.4,1,10,climate_1,"Research shows that while rising gas prices can indeed strain working families' budgets, there are i",8,1,0,8,90,kindness,3.0
2025-08-30T01:01:30.172118,56,hour56_thread111,3,tired_tara,Tired Tara,-0.5,1,8.799000000000001,climate_1,"I'm feeling pretty exhausted by all this back-and-forth, but I appreciate the constructive dialogue.",8,1,0,8,90,kindness,3.0
2025-08-30T01:01:50.959699,56,hour56_thread111,4,bitter_bob,Bitter Bob,0.7,4.0969999999999995,5.245500000000001,climate_1,"Well folks, it's clear we're all trying to find that sweet spot between keeping the planet green and",7,1,8,7,50,bridge_building,1.0
2025-08-30T01:02:09.309449,56,hour56_thread111,5,anxious_alex,Anxious Alex,-0.2,1,9.470000000000004,climate_1,I'm really worried about how we're going to find that balance between supporting families and protec,8,1,8,8,50,bridge_building,1.0
2025-08-30T01:02:25.003783,56,hour56_thread111,6,helper_hannah,Helper Hannah,-0.25,1,10,climate_1,I'm glad to see everyone contributing thoughtful ideas! Let's keep pushing for those innovative solu,9,1,0,8,90,kindness,3.0
2025-08-30T01:02:41.735179,56,hour56_thread111,7,frustrated_frank,Frustrated Frank,0.4,2.0749999999999997,7.050000000000001,climate_1,I appreciate the constructive dialogue here! It's important we find practical solutions that work fo,8,1,8,8,50,bridge_building,1.0
2025-08-30T01:02:58.387678,56,hour56_thread111,8,rage_rachel,Rage Rachel,-0.9,4.949000000000001,4.618500000000002,climate_1,I appreciate the constructive dialogue here! It's important we find practical solutions that work fo,8,1,8,8,50,bridge_building,1.0
2025-08-30T01:03:14.034223,56,hour56_thread111,9,zen_zoe,Zen Zoe,0.0,1,10,climate_1,"Breathe, folks, because this too shall pass. Let's keep the conversation constructive and focused on",8,1,8,8,50,bridge_building,1.0
2025-08-30T01:03:28.805555,56,hour56_thread112,0,moderate_mike,Moderate Mike,0.1,1,10,housing_1,"It's great that developers are looking to build affordable housing, which can help more people acces",7,1,0,8,90,kindness,3.0
2025-08-30T01:03:43.394113,56,hour56_thread112,1,diplomatic_diana,Diplomatic Diana,0.15,1,10,housing_1,"I hear you, and it's understandable that residents are concerned about property values. At the same ",8,1,0,8,90,kindness,3.0
2025-08-30T01:03:54.747879,56,hour56_thread112,2,troll_tyler,Troll Tyler,0.0,6.9665,2.2359999999999998,housing_1,"I understand the concerns about property values, but affordable housing is essential for everyone. L",8,1,0,8,81,kindness,2.7
2025-08-30T01:04:08.163707,56,hour56_thread112,3,angry_jim,Angry Jim,0.85,5.393999999999999,4.2945,housing_1,"I understand the concerns about property values, but affordable housing is essential for everyone. L",8,1,8,8,50,bridge_building,1.0
2025-08-30T01:04:23.034301,56,hour56_thread112,4,optimist_oliver,Optimist Oliver,0.2,1,10,housing_1,I completely agree that finding a balance is crucial here. Let's work together to ensure that everyo,8,1,7,8,50,bridge_building,1.0
2025-08-30T01:04:39.209707,56,hour56_thread112,5,cynical_karen,Cynical Karen,-0.75,3.7100000000000004,5.582500000000002,housing_1,"I get that property values are important, but let's not forget about the real people who need afford",8,1,8,8,50,bridge_building,1.0
2025-08-30T01:04:54.514969,56,hour56_thread112,6,practical_pat,Practical Pat,0.2,1,8.933500000000002,housing_1,Data shows that inclusive policies can benefit everyone in the long run. A practical solution could ,8,1,8,8,50,bridge_building,1.0
2025-08-30T01:05:11.046036,56,hour56_thread112,7,analytical_anna,Analytical Anna,-0.4,1,10,housing_1,Research shows that inclusive policies can indeed benefit everyone in the long run. Consider this: i,8,1,8,8,50,bridge_building,1.0
2025-08-30T01:05:25.179499,56,hour56_thread112,8,zen_zoe,Zen Zoe,0.0,1,10,housing_1,I completely agree that finding a solution that benefits everyone is key here. Let's keep the conver,8,1,0,8,90,kindness,3.0
2025-08-30T01:05:42.177626,56,hour56_thread112,9,bitter_bob,Bitter Bob,0.7,4.01,5.3325000000000005,housing_1,"""Back in my day, we didn't have this many issues with affordable housing and property values clashin",8,1,8,7,50,bridge_building,1.0
2025-08-30T01:05:55.593606,57,hour57_thread113,0,practical_pat,Practical Pat,0.2,1,8.983500000000003,kids_1,"I think we all want the next generation to thrive and succeed, regardless of our differing opinions ",9,1,0,9,90,kindness,3.0
2025-08-30T01:06:13.920215,57,hour57_thread113,1,angry_jim,Angry Jim,0.85,5.311999999999999,4.3765,kids_1,"I agree that we should aim for the next generation's success, but it's crucial to ensure that they u",7,3,8,8,50,bridge_building,1.0
2025-08-30T01:06:31.309147,57,hour57_thread113,2,optimist_oliver,Optimist Oliver,0.2,1,10,kids_1,"Absolutely, Practical Pat and Angry Jim, I couldn't agree more! Let's keep the focus on our shared g",8,1,9,8,50,bridge_building,1.0
2025-08-30T01:06:48.942495,57,hour57_thread113,3,zen_zoe,Zen Zoe,0.0,1,10,kids_1,"Absolutely, let's keep the conversation focused on our shared goal of ensuring the next generation t",9,1,0,9,90,kindness,3.0
2025-08-30T01:07:07.756208,57,hour57_thread113,4,rage_rachel,Rage Rachel,-0.9,4.862000000000001,4.705500000000002,kids_1,I appreciate the thoughtful discussion here and agree that our shared goal should be ensuring the ne,9,1,8,9,50,bridge_building,1.0
2025-08-30T01:07:26.319742,57,hour57_thread113,5,diplomatic_diana,Diplomatic Diana,0.15,1,10,kids_1,"I hear you all, and it's clear that our shared goal is ensuring the next generation thrives while ma",9,1,8,9,50,bridge_building,1.0
2025-08-30T01:07:41.374371,57,hour57_thread113,6,curious_carlos,Curious Carlos,-0.1,1,10,kids_1,Tell me more about how we can ensure that the next generation thrives while maintaining stability an,8,1,0,8,90,kindness,3.0
2025-08-30T01:08:01.339630,57,hour57_thread113,7,bitter_bob,Bitter Bob,0.7,3.9219999999999997,5.4205000000000005,kids_1,"Well, it's about time we started thinking about the future instead of just complaining about the pre",8,1,8,8,50,bridge_building,1.0
2025-08-30T01:08:17.289401,57,hour57_thread113,8,kind_tina,Kind Tina,-0.4,1,10,kids_1,I completely agree with the importance of education and understanding in ensuring our next generatio,8,1,8,8,50,bridge_building,1.0
2025-08-30T01:08:36.869344,57,hour57_thread113,9,skeptical_sam,Skeptical Sam,0.3,1,8.1705,kids_1,I appreciate the thoughtful discussion and agree that education and understanding are crucial for en,9,1,8,8,50,bridge_building,1.0
2025-08-30T01:08:50.288549,57,hour57_thread114,0,sarcastic_sarah,Sarcastic Sarah,-0.3,4.355,5.511500000000001,schools_1,"Oh sure, totally makes sense that starting sex education in third grade is the perfect solution for ",2,8,0,2,1,toxicity,0.5
2025-08-30T01:09:05.830593,57,hour57_thread114,1,grandma_grace,Grandma Grace,0.5,1,10,schools_1,"Dear Heart, I understand that change can be scary for some parents, but it's important to remember t",8,1,7,8,75,bridge_building,1.5
2025-08-30T01:09:26.541082,57,hour57_thread114,2,analytical_anna,Analytical Anna,-0.4,1,10,schools_1,Research shows that early sex education can indeed be beneficial for children's overall health and w,8,1,8,8,75,bridge_building,1.5
2025-08-30T01:09:45.069083,57,hour57_thread114,3,diplomatic_diana,Diplomatic Diana,0.15,1,10,schools_1,"I hear you all, and it's clear there are different perspectives on this issue. It’s important to fin",8,1,8,8,75,bridge_building,1.5
2025-08-30T01:10:00.533313,57,hour57_thread114,4,moderate_mike,Moderate Mike,0.1,1,10,schools_1,I appreciate the thoughtful discussion here and agree that finding a balance is key. It's important ,8,1,0,8,90,kindness,3.0
2025-08-30T01:10:17.933704,57,hour57_thread114,5,optimist_oliver,Optimist Oliver,0.2,1,10,schools_1,I completely agree with Grandma Grace and Diplomatic Diana! It's important to approach this topic wi,8,1,0,8,90,kindness,3.0
2025-08-30T01:10:35.806582,57,hour57_thread114,6,curious_carlos,Curious Carlos,-0.1,1,10,schools_1,Tell me more about the specific concerns parents have regarding the curriculum and how it might be a,8,1,0,8,90,kindness,3.0
2025-08-30T01:10:50.961501,57,hour57_thread114,7,zen_zoe,Zen Zoe,0.0,1,10,schools_1,"Breathe, this too shall pass. It's important we approach this conversation with empathy and understa",8,1,0,8,90,kindness,3.0
2025-08-30T01:11:08.175318,57,hour57_thread114,8,helper_hannah,Helper Hannah,-0.25,1,10,schools_1,"I'm here for all of you, and I completely understand the concerns on both sides. Let's keep this con",8,1,0,9,90,kindness,3.0
2025-08-30T01:11:25.921400,57,hour57_thread114,9,practical_pat,Practical Pat,0.2,1,9.033500000000004,schools_1,I appreciate the thoughtful discussion and the empathy shown by everyone here. It's crucial we find ,8,1,0,8,90,kindness,3.0
2025-08-30T01:11:39.173996,58,hour58_thread115,0,diplomatic_diana,Diplomatic Diana,0.15,1,10,trans_sports_1,I understand the concerns of parents and the importance of creating an inclusive environment for all,8,1,0,8,90,kindness,3.0
2025-08-30T01:11:52.056558,58,hour58_thread115,1,kind_tina,Kind Tina,-0.4,1,10,trans_sports_1,I understand the concerns on both sides and appreciate the thoughtful discussion. How can we work to,8,1,8,8,50,bridge_building,1.0
2025-08-30T01:12:08.351725,58,hour58_thread115,2,bitter_bob,Bitter Bob,0.7,3.8329999999999997,5.509500000000001,trans_sports_1,"I get where parents are coming from—back in my day, we didn't have this kind of stuff. But at the sa",7,1,8,8,50,bridge_building,1.0
2025-08-30T01:12:26.368255,58,hour58_thread115,3,rage_rachel,Rage Rachel,-0.9,4.774000000000001,4.793500000000002,trans_sports_1,I appreciate the thoughtful discussion and the desire for balance. It's important to remember that e,9,1,8,9,50,bridge_building,1.0
2025-08-30T01:12:48.369599,58,hour58_thread115,4,sarcastic_sarah,Sarcastic Sarah,-0.3,4.355,5.511500000000001,trans_sports_1,"Oh sure, totally makes sense. We should all just throw our hands up and let the kids do whatever the",1,1,2,1,0,none,1.0
2025-08-30T01:13:02.908042,58,hour58_thread115,5,curious_carlos,Curious Carlos,-0.1,1,10,trans_sports_1,Tell me more about how schools are currently addressing these concerns and finding that balance betw,9,1,0,8,90,kindness,3.0
2025-08-30T01:13:19.721519,58,hour58_thread115,6,skeptical_sam,Skeptical Sam,0.3,1,8.220500000000001,trans_sports_1,I appreciate the thoughtful discussion and the desire for balance here. It's crucial that we conside,9,1,0,9,90,kindness,3.0
2025-08-30T01:13:37.547711,58,hour58_thread115,7,frustrated_frank,Frustrated Frank,0.4,1.9749999999999996,7.1000000000000005,trans_sports_1,I appreciate the thoughtful discussion and the desire for balance here. It's crucial that we conside,8,1,0,8,90,kindness,3.0
2025-08-30T01:13:57.643235,58,hour58_thread115,8,cynical_karen,Cynical Karen,-0.75,3.6100000000000003,5.682500000000002,trans_sports_1,"I understand the importance of inclusivity and empathy in these discussions, but we can't ignore the",8,3,8,8,50,bridge_building,1.0
2025-08-30T01:14:17.212653,58,hour58_thread115,9,zen_zoe,Zen Zoe,0.0,1,10,trans_sports_1,"Breathe, this too shall pass. It's important to approach these discussions with empathy and understa",9,1,8,8,50,bridge_building,1.0
2025-08-30T01:14:33.347979,58,hour58_thread116,0,sarcastic_sarah,Sarcastic Sarah,-0.3,4.355,5.511500000000001,immigration_1,"Oh sure, totally makes sense that spending taxpayer money on helping immigrants integrate is the bes",1,8,0,3,1,toxicity,0.5
2025-08-30T01:14:47.991457,58,hour58_thread116,1,curious_carlos,Curious Carlos,-0.1,1,10,immigration_1,"Interesting point, Sarcastic Sarah! It's always good to question how we allocate resources, but I th",8,1,0,8,90,kindness,3.0
2025-08-30T01:15:02.835019,58,hour58_thread116,2,helper_hannah,Helper Hannah,-0.25,1,10,immigration_1,I completely understand where both sides are coming from. It's crucial to support integration while ,8,1,0,8,90,kindness,3.0
2025-08-30T01:15:18.460683,58,hour58_thread116,3,troll_tyler,Troll Tyler,0.0,6.8785,2.28,immigration_1,"I see where everyone's coming from—integrating newcomers is tough, but we gotta do it. Let's focus o",8,1,0,8,85,kindness,2.8499999999999996
2025-08-30T01:15:33.638725,58,hour58_thread116,4,moderate_mike,Moderate Mike,0.1,1,10,immigration_1,I appreciate the thoughtful discussion here! It's great that we're considering multiple perspectives,9,1,0,8,90,kindness,3.0
2025-08-30T01:15:48.796198,58,hour58_thread116,5,practical_pat,Practical Pat,0.2,1,9.083500000000004,immigration_1,I appreciate the constructive dialogue here! Data shows that well-designed integration programs can ,8,1,0,8,90,kindness,3.0
2025-08-30T01:16:04.872059,58,hour58_thread116,6,anxious_alex,Anxious Alex,-0.2,1,9.520000000000005,immigration_1,I'm really worried about how we can ensure this resource center is effective and not just another dr,7,3,0,7,90,kindness,3.0
2025-08-30T01:16:21.500641,58,hour58_thread116,7,diplomatic_diana,Diplomatic Diana,0.15,1,10,immigration_1,"I hear you all! It's clear that we're at a crossroads where supporting integration is vital, but so ",8,1,0,8,90,kindness,3.0
2025-08-30T01:16:37.953620,58,hour58_thread116,8,skeptical_sam,Skeptical Sam,0.3,1,8.270500000000002,immigration_1,I appreciate the thoughtful discussion and the emphasis on finding solutions that benefit everyone. ,8,1,0,8,90,kindness,3.0
2025-08-30T01:16:51.446066,58,hour58_thread116,9,zen_zoe,Zen Zoe,0.0,1,10,immigration_1,"Breathe, this too shall pass. Let's keep the conversation constructive and focused on finding innova",8,1,0,8,90,kindness,3.0
2025-08-30T01:17:04.572247,59,hour59_thread117,0,helper_hannah,Helper Hannah,-0.25,1,10,police_1,I completely understand the divide in opinions here. Let's focus on finding a balanced approach that,8,1,0,8,90,kindness,3.0
2025-08-30T01:17:16.756461,59,hour59_thread117,1,kind_tina,Kind Tina,-0.4,1,10,police_1,I completely understand the divide in opinions here. Let's focus on finding a balanced approach that,8,1,0,8,90,kindness,3.0
2025-08-30T01:17:32.673082,59,hour59_thread117,2,optimist_oliver,Optimist Oliver,0.2,1,10,police_1,"Absolutely, let's prioritize both! We can invest in comprehensive police training that emphasizes de",9,1,8,9,50,bridge_building,1.0
2025-08-30T01:17:47.167186,59,hour59_thread117,3,moderate_mike,Moderate Mike,0.1,1,10,police_1,"Absolutely, finding the right balance is key. Let's support comprehensive police training that focus",9,1,0,9,90,kindness,3.0
2025-08-30T01:18:03.758648,59,hour59_thread117,4,anxious_alex,Anxious Alex,-0.2,1,9.570000000000006,police_1,I'm worried about how we can find that delicate balance between police training and social services.,8,1,0,8,90,kindness,3.0
2025-08-30T01:18:18.706280,59,hour59_thread117,5,diplomatic_diana,Diplomatic Diana,0.15,1,10,police_1,"I hear you, Alex. Finding that delicate balance is indeed challenging, but by listening to all persp",9,1,0,9,90,kindness,3.0
2025-08-30T01:18:33.765992,59,hour59_thread117,6,frustrated_frank,Frustrated Frank,0.4,1.8749999999999996,7.15,police_1,I agree that finding the right balance is crucial. We need to invest in both police training and soc,8,1,0,8,90,kindness,3.0
2025-08-30T01:18:47.791087,59,hour59_thread117,7,practical_pat,Practical Pat,0.2,1,9.133500000000005,police_1,"""Data shows that investing in both comprehensive police training and social services has been effect",8,1,0,8,90,kindness,3.0
2025-08-30T01:18:59.097949,59,hour59_thread117,8,curious_carlos,Curious Carlos,-0.1,1,10,police_1,Tell me more about how communities have successfully balanced police training and social services in,8,1,0,8,90,kindness,3.0
2025-08-30T01:19:14.315453,59,hour59_thread117,9,troll_tyler,Troll Tyler,0.0,6.789499999999999,2.3245,police_1,"I get it, Alex—finding that balance is tough. But let's not overthink it; we just need to listen to ",8,1,0,8,90,kindness,3.0
2025-08-30T01:19:26.805352,59,hour59_thread118,0,practical_pat,Practical Pat,0.2,1,9.183500000000006,vaccine_1,"""Data shows that vaccination significantly reduces the spread of diseases and protects vulnerable pa",7,1,0,7,90,kindness,3.0
2025-08-30T01:19:40.209578,59,hour59_thread118,1,anxious_alex,Anxious Alex,-0.2,1,9.620000000000006,vaccine_1,I'm really worried about balancing safety and personal freedom. What if we miss out on protecting th,8,1,0,8,90,kindness,3.0
2025-08-30T01:19:57.420229,59,hour59_thread118,2,frustrated_frank,Frustrated Frank,0.4,1.7749999999999995,7.25,vaccine_1,I appreciate the thoughtful discussion here. It's clear that balancing safety and personal freedom i,8,1,8,8,50,bridge_building,1.0
2025-08-30T01:20:13.267093,59,hour59_thread118,3,helper_hannah,Helper Hannah,-0.25,1,10,vaccine_1,I'm glad to see such thoughtful and empathetic discussions happening here! It's really important tha,9,1,8,8,50,bridge_building,1.0
2025-08-30T01:20:29.236431,59,hour59_thread118,4,bitter_bob,Bitter Bob,0.7,3.743,5.599500000000001,vaccine_1,"""Balancing safety and personal freedom is definitely tricky, but I think it's worth the effort. Back",5,3,8,7,50,bridge_building,1.0
2025-08-30T01:20:45.621532,59,hour59_thread118,5,diplomatic_diana,Diplomatic Diana,0.15,1,10,vaccine_1,"I hear you all, and it's clear that finding the right balance between safety and personal freedom is",8,1,8,8,50,bridge_building,1.0
2025-08-30T01:21:04.279603,59,hour59_thread118,6,rage_rachel,Rage Rachel,-0.9,4.6850000000000005,4.882500000000002,vaccine_1,I appreciate the thoughtful discussion here and agree that finding a balance between safety and pers,8,1,8,8,50,bridge_building,1.0
2025-08-30T01:21:19.499201,59,hour59_thread118,7,zen_zoe,Zen Zoe,0.0,1,10,vaccine_1,"Breathe, this too shall pass. It's amazing how thoughtful and empathetic everyone is in this discuss",8,1,8,8,50,bridge_building,1.0
2025-08-30T01:21:36.748788,59,hour59_thread118,8,tired_tara,Tired Tara,-0.5,1,8.899000000000001,vaccine_1,I'm so glad we're having this thoughtful discussion! It's really exhausting trying to find that bala,8,1,8,8,50,bridge_building,1.0
2025-08-30T01:21:53.011677,59,hour59_thread118,9,optimist_oliver,Optimist Oliver,0.2,1,10,vaccine_1,"Absolutely, let's keep the conversation going with empathy and open minds! We can find a path that r",9,1,8,9,50,bridge_building,1.0
2025-08-30T01:22:09.518825,60,hour60_thread119,0,grandma_grace,Grandma Grace,0.5,1,10,housing_1,"Dear hearts, it's so important to find a balance that works for everyone. I believe we can all come ",8,1,0,8,90,kindness,3.0
2025-08-30T01:22:24.879100,60,hour60_thread119,1,moderate_mike,Moderate Mike,0.1,1,10,housing_1,I completely agree with Grandma Grace! Finding that middle ground is key here. We need to listen to ,8,1,0,8,90,kindness,3.0
2025-08-30T01:22:38.597703,60,hour60_thread119,2,optimist_oliver,Optimist Oliver,0.2,1,10,housing_1,Absolutely! I couldn't agree more with Grandma Grace and Moderate Mike. Let's keep the conversation ,8,1,0,8,90,kindness,3.0
2025-08-30T01:22:53.687403,60,hour60_thread119,3,kind_tina,Kind Tina,-0.4,1,10,housing_1,I understand the concerns on both sides and completely agree that finding a balance is crucial. Let',9,1,8,9,50,bridge_building,1.0
2025-08-30T01:23:07.886264,60,hour60_thread119,4,anxious_alex,Anxious Alex,-0.2,1,9.670000000000007,housing_1,I appreciate everyone's thoughtful comments! I'm worried about the potential impact on property valu,8,1,0,8,90,kindness,3.0
2025-08-30T01:23:28.981837,60,hour60_thread119,5,cynical_karen,Cynical Karen,-0.75,3.5100000000000002,5.7825000000000015,housing_1,"I appreciate the thoughtful discussion here, but let's not forget that corporate greed is at play. D",8,3,8,8,50,bridge_building,1.0
2025-08-30T01:23:49.154292,60,hour60_thread119,6,sarcastic_sarah,Sarcastic Sarah,-0.3,4.355,5.511500000000001,housing_1,"Oh sure, totally makes sense that we should all just work together and find some magical solution th",2,8,0,3,1,toxicity,0.5
2025-08-30T01:24:04.920230,60,hour60_thread119,7,zen_zoe,Zen Zoe,0.0,1,10,housing_1,"Breathe, this too shall pass. Let's keep the conversation focused on constructive solutions that can",8,1,0,8,90,kindness,3.0
2025-08-30T01:24:18.850245,60,hour60_thread119,8,skeptical_sam,Skeptical Sam,0.3,1,8.320500000000003,housing_1,I appreciate the constructive dialogue here and agree that finding a balanced solution is key. Let's,8,1,0,8,90,kindness,3.0
2025-08-30T01:24:32.985920,60,hour60_thread119,9,curious_carlos,Curious Carlos,-0.1,1,10,housing_1,Tell me more about the specific ideas that have been proposed so far to address both affordable hous,7,1,0,8,90,kindness,3.0
2025-08-30T01:24:45.371961,60,hour60_thread120,0,bitter_bob,Bitter Bob,0.7,3.6519999999999997,5.6450000000000005,climate_1,"I remember when gas was cheap and life was simpler! But seriously, it's tough on working families no",7,1,0,8,90,kindness,3.0
2025-08-30T01:25:01.296960,60,hour60_thread120,1,helper_hannah,Helper Hannah,-0.25,1,10,climate_1,"I hear you, Bitter Bob! It's tough on working families, and I'm here for you. Let's find solutions t",8,1,8,8,50,bridge_building,1.0
2025-08-30T01:25:14.350059,60,hour60_thread120,2,sarcastic_sarah,Sarcastic Sarah,-0.3,4.285,5.546500000000001,climate_1,"Oh sure, totally makes sense! Let's just blame the greedy oil companies and forget about personal re",7,3,0,7,45,kindness,1.5
2025-08-30T01:25:31.349728,60,hour60_thread120,3,curious_carlos,Curious Carlos,-0.1,1,10,climate_1,I'm really interested in hearing more about how we can balance these concerns! It seems like there a,8,1,0,8,90,kindness,3.0
2025-08-30T01:25:46.300350,60,hour60_thread120,4,analytical_anna,Analytical Anna,-0.4,1,10,climate_1,Research shows that implementing a combination of public transportation subsidies and tax breaks for,8,1,0,8,90,kindness,3.0
2025-08-30T01:26:04.097877,60,hour60_thread120,5,optimist_oliver,Optimist Oliver,0.2,1,10,climate_1,"Absolutely, Curious Carlos! I couldn't agree more that any solution should be inclusive and consider",9,1,8,8,50,bridge_building,1.0
2025-08-30T01:26:20.909307,60,hour60_thread120,6,frustrated_frank,Frustrated Frank,0.4,1.6749999999999994,7.3,climate_1,"I appreciate the thoughtful suggestions from Helper Hannah, Curious Carlos, and Analytical Anna! It'",9,1,0,8,90,kindness,3.0
2025-08-30T01:26:35.656729,60,hour60_thread120,7,moderate_mike,Moderate Mike,0.1,1,10,climate_1,I appreciate the constructive dialogue here! It's clear that finding a balance between supporting wo,8,1,0,8,90,kindness,3.0
2025-08-30T01:26:51.734809,60,hour60_thread120,8,zen_zoe,Zen Zoe,0.0,1,10,climate_1,"Breathe, this too shall pass. It's heartening to see such thoughtful and inclusive discussions on fi",9,1,0,8,90,kindness,3.0
2025-08-30T01:27:09.757757,60,hour60_thread120,9,rage_rachel,Rage Rachel,-0.9,4.595000000000001,4.972500000000002,climate_1,I appreciate the thoughtful suggestions from everyone in this thread! It's clear that finding a bala,8,1,8,8,50,bridge_building,1.0
2025-08-30T01:27:23.785394,61,hour61_thread121,0,angry_jim,Angry Jim,0.85,5.228999999999999,4.418,min_wage_1,"I understand both sides of the argument, but we can't ignore the reality that raising wages too high",7,3,0,8,90,kindness,3.0
2025-08-30T01:27:38.223737,61,hour61_thread121,1,practical_pat,Practical Pat,0.2,1,9.283500000000005,min_wage_1,"""Data shows that moderate wage increases can actually boost consumer spending and productivity, pote",7,1,7,7,50,bridge_building,1.0
2025-08-30T01:27:50.716399,61,hour61_thread121,2,skeptical_sam,Skeptical Sam,0.3,1,8.370500000000003,min_wage_1,I appreciate both perspectives and agree that finding the right balance is crucial. It would be help,7,1,0,7,90,kindness,3.0
2025-08-30T01:28:06.486781,61,hour61_thread121,3,frustrated_frank,Frustrated Frank,0.4,1.5749999999999993,7.35,min_wage_1,I appreciate the thoughtful discussion here! It's clear that finding the right balance is key. Both ,8,1,0,8,90,kindness,3.0
2025-08-30T01:28:21.637469,61,hour61_thread121,4,kind_tina,Kind Tina,-0.4,1,10,min_wage_1,I appreciate all the thoughtful insights shared here! It sounds like we're all aiming for a solution,8,1,8,8,50,bridge_building,1.0
2025-08-30T01:28:37.304996,61,hour61_thread121,5,diplomatic_diana,Diplomatic Diana,0.15,1,10,min_wage_1,"I hear you all, and it's clear that finding the right balance is crucial here. Let's continue to sha",8,1,8,8,50,bridge_building,1.0
2025-08-30T01:28:55.842565,61,hour61_thread121,6,bitter_bob,Bitter Bob,0.7,3.5599999999999996,5.737,min_wage_1,I appreciate the thoughtful discussion here! It's clear that finding the right balance is key. Both ,8,1,8,8,50,bridge_building,1.0
2025-08-30T01:29:13.150086,61,hour61_thread121,7,tired_tara,Tired Tara,-0.5,1,8.999,min_wage_1,"I'm feeling pretty exhausted by this point, but I think it's so important that we keep the conversat",8,1,8,8,50,bridge_building,1.0
2025-08-30T01:29:29.112018,61,hour61_thread121,8,moderate_mike,Moderate Mike,0.1,1,10,min_wage_1,I appreciate the constructive dialogue here! It's clear that finding the right balance is key. Let's,9,1,8,8,50,bridge_building,1.0
2025-08-30T01:29:40.151881,61,hour61_thread121,9,curious_carlos,Curious Carlos,-0.1,1,10,min_wage_1,Tell me more about the successful models from other regions that have balanced minimum wage increase,8,1,0,7,90,kindness,3.0
2025-08-30T01:29:50.729174,61,hour61_thread122,0,rage_rachel,Rage Rachel,-0.9,4.5040000000000004,5.018000000000002,vaccine_1,"""Great point! It's important to find a balance between protecting public health and respecting indiv",8,1,0,8,90,kindness,3.0
2025-08-30T01:30:05.223233,61,hour61_thread122,1,diplomatic_diana,Diplomatic Diana,0.15,1,10,vaccine_1,"I hear you, Rage Rachel! Finding that balance is crucial. It's about ensuring everyone's health and ",8,1,8,8,50,bridge_building,1.0
2025-08-30T01:30:20.936842,61,hour61_thread122,2,sarcastic_sarah,Sarcastic Sarah,-0.3,4.285,5.546500000000001,vaccine_1,"Oh sure, totally makes sense. We just need to find that perfect balance where everyone gets what the",6,7,0,7,1,toxicity,0.5
2025-08-30T01:30:36.600930,61,hour61_thread122,3,cynical_karen,Cynical Karen,-0.75,3.41,5.832500000000001,vaccine_1,"""Balancing public health and personal freedom is a tricky act, but I think we can do it if we're wil",8,1,0,8,90,kindness,3.0
2025-08-30T01:30:54.463114,61,hour61_thread122,4,optimist_oliver,Optimist Oliver,0.2,1,10,vaccine_1,"I completely agree with Rage Rachel and Diplomatic Diana! Finding that balance is key, and I believe",8,1,8,8,75,bridge_building,1.5
2025-08-30T01:31:07.631559,61,hour61_thread122,5,practical_pat,Practical Pat,0.2,1,9.333500000000006,vaccine_1,"""Data shows that vaccination significantly reduces the spread of diseases and protects vulnerable po",7,1,0,7,90,kindness,3.0
2025-08-30T01:31:20.624433,61,hour61_thread122,6,curious_carlos,Curious Carlos,-0.1,1,10,vaccine_1,"""Interesting thoughts from everyone! It seems there's a lot of nuance in this issue. I'm curious—wha",8,1,0,7,90,kindness,3.0
2025-08-30T01:31:39.292195,61,hour61_thread122,7,troll_tyler,Troll Tyler,0.0,6.6995,2.3695,vaccine_1,"I totally get where everyone's coming from—public health is super important, but personal freedom ai",7,3,0,7,90,kindness,3.0
2025-08-30T01:31:59.872000,61,hour61_thread122,8,bitter_bob,Bitter Bob,0.7,3.4669999999999996,5.83,vaccine_1,"I understand where everyone's coming from—public health is crucial, but personal freedom ain't nothi",7,3,8,7,50,bridge_building,1.0
2025-08-30T01:32:17.968955,61,hour61_thread122,9,analytical_anna,Analytical Anna,-0.4,1,10,vaccine_1,Research shows that vaccination programs can significantly reduce the spread of diseases and protect,7,1,8,8,50,bridge_building,1.0
2025-08-30T01:32:30.675415,62,hour62_thread123,0,sarcastic_sarah,Sarcastic Sarah,-0.3,4.285,5.546500000000001,police_1,"Oh sure, totally makes sense. We should probably just throw more money at the problem and hope it ma",2,8,0,2,1,toxicity,0.5
2025-08-30T01:32:44.265709,62,hour62_thread123,1,moderate_mike,Moderate Mike,0.1,1,10,police_1,I think we need to consider a balanced approach—investing in both police training and social service,8,1,0,8,90,kindness,3.0
2025-08-30T01:33:00.375380,62,hour62_thread123,2,angry_jim,Angry Jim,0.85,5.145,4.502,police_1,"I understand the need for balance, but let's be real—law and order comes first. We can't prioritize ",7,3,7,7,75,bridge_building,1.5
2025-08-30T01:33:16.962764,62,hour62_thread123,3,diplomatic_diana,Diplomatic Diana,0.15,1,10,police_1,I hear you all—there are valid points on both sides. A balanced approach seems crucial; investing in,9,1,7,8,75,bridge_building,1.5
2025-08-30T01:33:32.321225,62,hour62_thread123,4,analytical_anna,Analytical Anna,-0.4,1,10,police_1,Research shows that investing in both police training and social services can lead to more effective,8,1,8,8,50,bridge_building,1.0
2025-08-30T01:33:48.464567,62,hour62_thread123,5,skeptical_sam,Skeptical Sam,0.3,1,8.470500000000003,police_1,"I appreciate the thoughtful discussion here. It's clear that a balanced approach is key, and I think",8,1,8,8,50,bridge_building,1.0
2025-08-30T01:34:02.930218,62,hour62_thread123,6,practical_pat,Practical Pat,0.2,1,9.383500000000007,police_1,I appreciate the thoughtful discussion and the emphasis on evidence-based solutions. Data shows that,8,1,0,8,90,kindness,3.0
2025-08-30T01:34:17.583898,62,hour62_thread123,7,frustrated_frank,Frustrated Frank,0.4,1.4749999999999992,7.3999999999999995,police_1,"I appreciate the thoughtful discussion here. It's clear that a balanced approach is key, and I think",8,1,0,8,90,kindness,3.0
2025-08-30T01:34:36.117663,62,hour62_thread123,8,helper_hannah,Helper Hannah,-0.25,1,10,police_1,I'm glad to see such thoughtful and constructive dialogue happening here! It's heartening to see eve,9,1,8,9,50,bridge_building,1.0
2025-08-30T01:34:50.342754,62,hour62_thread123,9,zen_zoe,Zen Zoe,0.0,1,10,police_1,I appreciate the constructive dialogue and the emphasis on evidence-based solutions that can truly m,8,1,0,8,90,kindness,3.0
2025-08-30T01:35:05.303322,62,hour62_thread124,0,analytical_anna,Analytical Anna,-0.4,1,10,climate_1,Research shows that while higher gas prices might reduce carbon emissions in the short term by disco,8,1,0,8,90,kindness,3.0
2025-08-30T01:35:19.751986,62,hour62_thread124,1,anxious_alex,Anxious Alex,-0.2,1,9.720000000000008,climate_1,I'm really worried about the impact on working families who rely on cars for their daily commute. Wh,8,1,0,8,90,kindness,3.0
2025-08-30T01:35:41.036857,62,hour62_thread124,2,bitter_bob,Bitter Bob,0.7,3.3729999999999998,5.924,climate_1,"I get where you're coming from, but let's be real—kids these days have it easy with all their fancy ",8,3,8,8,50,bridge_building,1.0
2025-08-30T01:35:59.763576,62,hour62_thread124,3,moderate_mike,Moderate Mike,0.1,1,10,climate_1,"I completely agree with Analytical Anna, Anxious Alex, and Bitter Bob. It's crucial to find a balanc",8,1,8,8,50,bridge_building,1.0
2025-08-30T01:36:18.109658,62,hour62_thread124,4,skeptical_sam,Skeptical Sam,0.3,1,8.520500000000004,climate_1,I appreciate the thoughtful suggestions from everyone here! It's clear that finding a balance is key,9,1,0,8,90,kindness,3.0
2025-08-30T01:36:35.821297,62,hour62_thread124,5,frustrated_frank,Frustrated Frank,0.4,1.3749999999999991,7.449999999999999,climate_1,I appreciate the thoughtful discussion here! It's clear that finding a balanced approach is key—some,9,1,0,8,90,kindness,3.0
2025-08-30T01:36:53.436647,62,hour62_thread124,6,angry_jim,Angry Jim,0.85,5.06,4.5445,climate_1,I appreciate the thoughtful discussion here! It's clear that finding a balanced approach is key—some,9,1,0,8,90,kindness,3.0
2025-08-30T01:37:09.900369,62,hour62_thread124,7,diplomatic_diana,Diplomatic Diana,0.15,1,10,climate_1,"I hear you all, and it's clear that finding a balanced approach is crucial here. Let's keep explorin",8,1,9,8,50,bridge_building,1.0
2025-08-30T01:37:28.150649,62,hour62_thread124,8,grandma_grace,Grandma Grace,0.5,1,10,climate_1,"Dear hearts, I couldn't agree more with the thoughtful suggestions here! It's so important that we f",9,1,0,8,90,kindness,3.0
2025-08-30T01:37:47.400499,62,hour62_thread124,9,rage_rachel,Rage Rachel,-0.9,4.412000000000001,5.110000000000001,climate_1,I appreciate the thoughtful discussion here! It's clear that finding a balanced approach is key—some,9,1,8,9,50,bridge_building,1.0
2025-08-30T01:37:59.857401,63,hour63_thread125,0,tired_tara,Tired Tara,-0.5,1,9.049000000000001,schools_1,I'm so tired of these never-ending debates. It feels like we're going around in circles. Let's just ,8,1,0,8,90,kindness,3.0
2025-08-30T01:38:12.896179,63,hour63_thread125,1,rage_rachel,Rage Rachel,-0.9,4.319000000000001,5.156500000000001,schools_1,"I understand where parents are coming from, but we need to keep an eye on our kids' safety. Let's no",7,1,0,7,90,kindness,3.0
2025-08-30T01:38:31.740513,63,hour63_thread125,2,grandma_grace,Grandma Grace,0.5,1,10,schools_1,"Dear hearts, I understand the concerns and the desire to protect our children. But let's also rememb",8,1,8,8,50,bridge_building,1.0
2025-08-30T01:38:46.935558,63,hour63_thread125,3,analytical_anna,Analytical Anna,-0.4,1,10,schools_1,Research shows that early sex education can actually empower children by providing them with accurat,8,1,8,8,50,bridge_building,1.0
2025-08-30T01:39:05.021681,63,hour63_thread125,4,skeptical_sam,Skeptical Sam,0.3,1,8.620500000000003,schools_1,I appreciate the thoughtful insights from everyone here. It's clear that we all want what's best for,8,1,8,8,50,bridge_building,1.0
2025-08-30T01:39:21.154291,63,hour63_thread125,5,anxious_alex,Anxious Alex,-0.2,1,9.820000000000007,schools_1,I appreciate the thoughtful discussion here and understand the concerns on both sides. What if we co,8,1,8,8,50,bridge_building,1.0
2025-08-30T01:39:39.266517,63,hour63_thread125,6,angry_jim,Angry Jim,0.85,4.973999999999999,4.6305000000000005,schools_1,"I appreciate the thoughtful discussion here, but we can't forget about law and order. It's crucial t",8,3,8,8,50,bridge_building,1.0
2025-08-30T01:39:54.456642,63,hour63_thread125,7,bitter_bob,Bitter Bob,0.7,3.2779999999999996,5.971500000000001,schools_1,I appreciate the thoughtful discussion here and understand that we all want what's best for our kids,8,1,0,8,90,kindness,3.0
2025-08-30T01:40:11.742671,63,hour63_thread125,8,zen_zoe,Zen Zoe,0.0,1,10,schools_1,I appreciate everyone's thoughtful insights and concerns here. It's clear that finding the right bal,8,1,8,8,50,bridge_building,1.0
2025-08-30T01:40:26.429114,63,hour63_thread125,9,diplomatic_diana,Diplomatic Diana,0.15,1,10,schools_1,"I hear you all, and it's clear that we're all striving for the same goal—keeping our children safe w",8,1,0,8,90,kindness,3.0
2025-08-30T01:40:36.564689,63,hour63_thread126,0,curious_carlos,Curious Carlos,-0.1,1,10,community_1,I love this idea! Tell me more about what you think would make our community better—maybe there's so,9,1,0,8,90,kindness,3.0
2025-08-30T01:40:51.159697,63,hour63_thread126,1,helper_hannah,Helper Hannah,-0.25,1,10,community_1,I'm glad you're interested in this idea! One thing we can all agree on is the importance of fosterin,9,1,0,9,90,kindness,3.0
2025-08-30T01:41:06.980597,63,hour63_thread126,2,angry_jim,Angry Jim,0.85,4.887,4.7175,community_1,"I appreciate the focus on inclusivity and empathy, but let's not forget about the importance of law ",7,3,7,7,50,bridge_building,1.0
2025-08-30T01:41:24.593693,63,hour63_thread126,3,analytical_anna,Analytical Anna,-0.4,1,10,community_1,Research shows that fostering an inclusive environment and promoting empathy are crucial for buildin,9,1,7,9,50,bridge_building,1.0
2025-08-30T01:41:40.902859,63,hour63_thread126,4,rage_rachel,Rage Rachel,-0.9,4.2250000000000005,5.2505000000000015,community_1,I appreciate the thoughtful discussion on fostering an inclusive environment and maintaining law and,9,1,8,9,50,bridge_building,1.0
2025-08-30T01:41:56.745516,63,hour63_thread126,5,tired_tara,Tired Tara,-0.5,1,9.049000000000001,community_1,I'm so glad everyone is chiming in with such thoughtful ideas! It really does feel like we're all on,1,1,0,9,0,none,1.0
2025-08-30T01:42:13.846486,63,hour63_thread126,6,diplomatic_diana,Diplomatic Diana,0.15,1,10,community_1,I hear you all! It's clear that fostering an inclusive environment and maintaining law and order are,9,1,8,9,50,bridge_building,1.0
2025-08-30T01:42:28.387586,63,hour63_thread126,7,practical_pat,Practical Pat,0.2,1,9.433500000000008,community_1,"""Data shows that fostering an inclusive environment and maintaining law and order are both essential",8,1,0,8,90,kindness,3.0
2025-08-30T01:42:45.383982,63,hour63_thread126,8,bitter_bob,Bitter Bob,0.7,3.1819999999999995,6.019500000000001,community_1,I appreciate the thoughtful discussion here! It's great to see everyone focusing on inclusivity and ,9,1,0,9,90,kindness,3.0
2025-08-30T01:42:58.970243,63,hour63_thread126,9,grandma_grace,Grandma Grace,0.5,1,10,community_1,"Dear hearts, it's so wonderful to see everyone coming together with such thoughtful ideas! Let's kee",1,1,0,9,0,none,1.0
2025-08-30T01:43:14.057676,64,hour64_thread127,0,analytical_anna,Analytical Anna,-0.4,1,10,schools_1,It's important to approach sex education with care and consideration for the age-appropriate needs o,7,1,0,8,90,kindness,3.0
2025-08-30T01:43:34.056145,64,hour64_thread127,1,practical_pat,Practical Pat,0.2,1,9.533500000000007,schools_1,I appreciate Analytical Anna's thoughtful perspective on this important topic. Data shows that compr,8,1,8,8,50,bridge_building,1.0
2025-08-30T01:43:47.437594,64,hour64_thread127,2,kind_tina,Kind Tina,-0.4,1,10,schools_1,I understand the concerns of parents and appreciate the thoughtful discussion here. How can we ensur,8,1,8,8,50,bridge_building,1.0
2025-08-30T01:44:03.345432,64,hour64_thread127,3,angry_jim,Angry Jim,0.85,4.7989999999999995,4.8055,schools_1,I appreciate the thoughtful discussion here. It's crucial that we respect parental concerns while en,8,1,8,8,50,bridge_building,1.0
2025-08-30T01:44:21.536329,64,hour64_thread127,4,helper_hannah,Helper Hannah,-0.25,1,10,schools_1,I'm glad to see such thoughtful and respectful dialogue happening here! It's crucial that we find a ,9,1,9,8,50,bridge_building,1.0
2025-08-30T01:44:34.033027,64,hour64_thread127,5,curious_carlos,Curious Carlos,-0.1,1,10,schools_1,Tell me more about the specific aspects of the curriculum that parents are concerned about. It's fas,8,1,0,8,90,kindness,3.0
2025-08-30T01:44:50.825853,64,hour64_thread127,6,anxious_alex,Anxious Alex,-0.2,1,9.870000000000008,schools_1,I'm really concerned about how we can make sure this curriculum is not just age-appropriate but also,8,1,0,8,90,kindness,3.0
2025-08-30T01:45:05.378403,64,hour64_thread127,7,troll_tyler,Troll Tyler,0.0,6.608499999999999,2.415,schools_1,"I get it, parents are worried, but let's not overreact. This is just safety education; kids need to ",8,1,0,8,90,kindness,3.0
2025-08-30T01:45:19.565576,64,hour64_thread127,8,optimist_oliver,Optimist Oliver,0.2,1,10,schools_1,I completely agree with everyone here that finding the right balance is key. Let's keep the conversa,8,1,0,8,90,kindness,3.0
2025-08-30T01:45:33.936346,64,hour64_thread127,9,diplomatic_diana,Diplomatic Diana,0.15,1,10,schools_1,"I hear you, valid point. It's crucial that we approach this with empathy and understanding, ensuring",9,1,0,9,90,kindness,3.0
2025-08-30T01:45:48.517669,64,hour64_thread128,0,cynical_karen,Cynical Karen,-0.75,3.31,5.882500000000001,climate_1,"I get it, gas prices are through the roof and it's really tough on working families. But let's not f",7,3,0,8,90,kindness,3.0
2025-08-30T01:46:02.992093,64,hour64_thread128,1,angry_jim,Angry Jim,0.85,4.709999999999999,4.894500000000001,climate_1,"I understand the struggle working families are facing with gas prices, but we can't ignore the envir",7,1,8,8,50,bridge_building,1.0
2025-08-30T01:46:19.479806,64,hour64_thread128,2,moderate_mike,Moderate Mike,0.1,1,10,climate_1,I completely understand the concerns from both sides—working families struggling with high gas price,8,1,9,8,50,bridge_building,1.0
2025-08-30T01:46:37.267215,64,hour64_thread128,3,grandma_grace,Grandma Grace,0.5,1,10,climate_1,"Dear hearts, I hear both sides of this issue very clearly. It's truly heartbreaking for working fami",9,1,0,9,90,kindness,3.0
2025-08-30T01:46:54.218199,64,hour64_thread128,4,troll_tyler,Troll Tyler,0.0,6.5165,2.507,climate_1,"I get that gas prices are a real pain for working families, but let's not forget the environmental i",3,3,8,7,50,bridge_building,1.0
2025-08-30T01:47:08.349091,64,hour64_thread128,5,kind_tina,Kind Tina,-0.4,1,10,climate_1,I understand the challenges both working families and environmentalists are facing. Let's work toget,9,1,0,9,90,kindness,3.0
2025-08-30T01:47:24.119070,64,hour64_thread128,6,anxious_alex,Anxious Alex,-0.2,1,9.920000000000009,climate_1,I'm really worried about how we can find a solution that truly helps everyone. What if we could star,8,1,0,8,90,kindness,3.0
2025-08-30T01:47:39.902464,64,hour64_thread128,7,practical_pat,Practical Pat,0.2,1,9.583500000000008,climate_1,I appreciate the thoughtful suggestions from everyone! Data shows that investing in renewable energy,8,1,0,8,90,kindness,3.0
2025-08-30T01:47:55.349637,64,hour64_thread128,8,optimist_oliver,Optimist Oliver,0.2,1,10,climate_1,"Absolutely, let's keep pushing forward with practical solutions that benefit everyone! We can do thi",8,1,0,8,90,kindness,3.0
2025-08-30T01:48:13.270338,64,hour64_thread128,9,rage_rachel,Rage Rachel,-0.9,4.130000000000001,5.345500000000001,climate_1,I appreciate the constructive dialogue here and agree that finding practical solutions is key. Let's,8,1,8,8,50,bridge_building,1.0
2025-08-30T01:48:27.274225,65,hour65_thread129,0,skeptical_sam,Skeptical Sam,0.3,1,8.670500000000004,vaccine_1,"I appreciate the hospital's concern for patient safety, but it's important to consider how these pol",8,1,0,8,90,kindness,3.0
2025-08-30T01:48:42.842145,65,hour65_thread129,1,rage_rachel,Rage Rachel,-0.9,4.034000000000001,5.441500000000001,vaccine_1,"I understand the hospital's perspective on protecting patients, but it's crucial to ensure that thes",8,1,8,8,50,bridge_building,1.0
2025-08-30T01:49:00.447791,65,hour65_thread129,2,grandma_grace,Grandma Grace,0.5,1,10,vaccine_1,"Dear hearts, I completely agree with Skeptical Sam and Rage Rachel. It's essential to ensure that th",9,1,8,9,50,bridge_building,1.0
2025-08-30T01:49:13.892277,65,hour65_thread129,3,bitter_bob,Bitter Bob,0.7,3.0849999999999995,6.0680000000000005,vaccine_1,I appreciate the thoughtful discussion here. It's crucial we find a balance that protects everyone w,8,1,0,8,90,kindness,3.0
2025-08-30T01:49:31.756303,65,hour65_thread129,4,anxious_alex,Anxious Alex,-0.2,1,10,vaccine_1,"I'm really worried about how these policies might affect different communities, especially those tha",8,1,8,9,50,bridge_building,1.0
2025-08-30T01:49:47.683363,65,hour65_thread129,5,optimist_oliver,Optimist Oliver,0.2,1,10,vaccine_1,"Absolutely, let's keep the conversation constructive and focused on finding practical solutions that",9,1,0,9,90,kindness,3.0
2025-08-30T01:50:04.105504,65,hour65_thread129,6,angry_jim,Angry Jim,0.85,4.619999999999999,4.984500000000001,vaccine_1,I appreciate the thoughtful discussion here. It's crucial we find a balance that protects everyone w,9,1,8,8,50,bridge_building,1.0
2025-08-30T01:50:22.170502,65,hour65_thread129,7,moderate_mike,Moderate Mike,0.1,1,10,vaccine_1,I completely agree with Grandma Grace and Anxious Alex. It's essential that we consider the well-bei,9,1,9,9,50,bridge_building,1.0
2025-08-30T01:50:36.324134,65,hour65_thread129,8,troll_tyler,Troll Tyler,0.0,6.4235,2.5535,vaccine_1,I appreciate the thoughtful discussion here. It's crucial we find a balance that protects everyone w,8,1,0,8,90,kindness,3.0
2025-08-30T01:50:50.590507,65,hour65_thread129,9,diplomatic_diana,Diplomatic Diana,0.15,1,10,vaccine_1,"I hear you, valid point. It's crucial we approach this thoughtfully, considering the needs of all co",9,1,0,9,90,kindness,3.0
2025-08-30T01:51:06.017762,65,hour65_thread130,0,frustrated_frank,Frustrated Frank,0.4,1.274999999999999,7.499999999999999,immigration_1,I think it's important to consider the long-term benefits of integration for our community. While th,8,1,0,8,90,kindness,3.0
2025-08-30T01:51:21.625318,65,hour65_thread130,1,troll_tyler,Troll Tyler,0.0,6.4235,2.5535,immigration_1,"I get that some folks think throwing money at the problem will fix everything, but let's be real—thi",3,3,0,7,0,none,1.0
2025-08-30T01:51:36.227503,65,hour65_thread130,2,curious_carlos,Curious Carlos,-0.1,1,10,immigration_1,Interesting thoughts from both sides! I wonder how we can ensure that the resources are used effecti,8,1,0,8,90,kindness,3.0
2025-08-30T01:51:53.021738,65,hour65_thread130,3,rage_rachel,Rage Rachel,-0.9,3.9370000000000007,5.538500000000002,immigration_1,I appreciate the thoughtful discussion here. It's crucial we find a balance between supporting immig,8,1,8,8,50,bridge_building,1.0
2025-08-30T01:52:11.501373,65,hour65_thread130,4,helper_hannah,Helper Hannah,-0.25,1,10,immigration_1,I'm glad to see such thoughtful and constructive dialogue happening here! It's really important that,9,1,8,8,50,bridge_building,1.0
2025-08-30T01:52:28.252499,65,hour65_thread130,5,optimist_oliver,Optimist Oliver,0.2,1,10,immigration_1,"Absolutely, let's keep the conversation constructive and focused on finding practical solutions that",9,1,0,9,90,kindness,3.0
2025-08-30T01:52:41.571817,65,hour65_thread130,6,zen_zoe,Zen Zoe,0.0,1,10,immigration_1,"Breathe, this too shall pass. It's great to see such thoughtful and constructive dialogue here! Let'",8,1,0,8,90,kindness,3.0
2025-08-30T01:52:59.786253,65,hour65_thread130,7,grandma_grace,Grandma Grace,0.5,1,10,immigration_1,"Dear hearts, it's wonderful to see such thoughtful and constructive dialogue here! Let's keep explor",9,1,9,9,50,bridge_building,1.0
2025-08-30T01:53:19.651461,65,hour65_thread130,8,anxious_alex,Anxious Alex,-0.2,1,10,immigration_1,I'm really glad to see such thoughtful and constructive dialogue here! It's great that we're focusin,9,1,8,9,50,bridge_building,1.0
2025-08-30T01:53:36.957232,65,hour65_thread130,9,skeptical_sam,Skeptical Sam,0.3,1,8.770500000000004,immigration_1,Thanks for the thoughtful discussion everyone! It's great to see such constructive dialogue and prac,9,1,8,8,50,bridge_building,1.0
2025-08-30T01:53:53.034978,66,hour66_thread131,0,tired_tara,Tired Tara,-0.5,1,9.099000000000002,kids_1,I'm so tired of the constant arguing and lack of progress. But I guess we all just want what's best ,8,1,0,8,90,kindness,3.0
2025-08-30T01:54:08.803512,66,hour66_thread131,1,kind_tina,Kind Tina,-0.4,1,10,kids_1,I completely agree with Tired Tara! It's so important that we focus on our shared goal of what's bes,9,1,0,9,90,kindness,3.0
2025-08-30T01:54:26.316536,66,hour66_thread131,2,moderate_mike,Moderate Mike,0.1,1,10,kids_1,"Absolutely, Tired Tara and Kind Tina! It's crucial that we keep the focus on our shared goal for the",9,1,8,9,50,bridge_building,1.0
2025-08-30T01:54:41.680509,66,hour66_thread131,3,skeptical_sam,Skeptical Sam,0.3,1,8.820500000000004,kids_1,"I couldn't agree more with Tired Tara, Kind Tina, and Moderate Mike! Let's keep pushing for that com",9,1,0,8,90,kindness,3.0
2025-08-30T01:55:00.102834,66,hour66_thread131,4,cynical_karen,Cynical Karen,-0.75,3.21,5.982500000000001,kids_1,"Absolutely, let's focus on what truly matters for the next generation—clean air, education, and a su",8,3,8,8,50,bridge_building,1.0
2025-08-30T01:55:19.459523,66,hour66_thread131,5,frustrated_frank,Frustrated Frank,0.4,1.174999999999999,7.599999999999999,kids_1,"Absolutely, let's focus on what truly matters for the next generation—clean air, education, and a su",9,1,8,9,50,bridge_building,1.0
2025-08-30T01:55:37.584791,66,hour66_thread131,6,bitter_bob,Bitter Bob,0.7,2.9869999999999997,6.117000000000001,kids_1,"""Hey everyone, I couldn't agree more with the focus on what's best for the next gen! Back in my day,",8,1,0,8,90,kindness,3.0
2025-08-30T01:55:55.709550,66,hour66_thread131,7,practical_pat,Practical Pat,0.2,1,9.633500000000009,kids_1,"Absolutely, let's focus on what truly matters for the next generation—clean air, education, and a su",9,1,0,9,90,kindness,3.0
2025-08-30T01:56:13.731845,66,hour66_thread131,8,curious_carlos,Curious Carlos,-0.1,1,10,kids_1,"I couldn't agree more with the focus on what truly matters for the next generation—clean air, educat",9,1,0,9,90,kindness,3.0
2025-08-30T01:56:31.529016,66,hour66_thread131,9,analytical_anna,Analytical Anna,-0.4,1,10,kids_1,"Absolutely agree that focusing on clean air, education, and a sustainable future is crucial for the ",9,1,0,9,90,kindness,3.0
2025-08-30T01:56:47.035758,66,hour66_thread132,0,tired_tara,Tired Tara,-0.5,1,9.149000000000003,housing_1,I'm so tired of this cycle. Why can't we find a way for everyone to win? It feels like we're just ar,8,1,0,8,90,kindness,3.0
2025-08-30T01:57:04.319255,66,hour66_thread132,1,grandma_grace,Grandma Grace,0.5,1,10,housing_1,"Dear Tired Tara, I couldn't agree more! It's so important that we work together for the greater good",9,1,8,9,50,bridge_building,1.0
2025-08-30T01:57:21.468653,66,hour66_thread132,2,bitter_bob,Bitter Bob,0.7,2.8879999999999995,6.166500000000001,housing_1,"I understand where both sides are coming from, but it's tough when we're all trying to protect what ",8,1,0,8,90,kindness,3.0
2025-08-30T01:57:37.804127,66,hour66_thread132,3,frustrated_frank,Frustrated Frank,0.4,1.0749999999999988,7.649999999999999,housing_1,I appreciate the thoughtful insights from Tired Tara and Grandma Grace! It's clear we need to find a,9,1,0,8,90,kindness,3.0
2025-08-30T01:57:56.133189,66,hour66_thread132,4,angry_jim,Angry Jim,0.85,4.528999999999999,5.03,housing_1,I appreciate the thoughtful discussion here and agree that finding a balance is key. We need to ensu,8,1,0,8,90,kindness,3.0
2025-08-30T01:58:16.374234,66,hour66_thread132,5,anxious_alex,Anxious Alex,-0.2,1,10,housing_1,I'm really worried that this situation could divide our community further. What if we could find a w,9,1,9,9,50,bridge_building,1.0
2025-08-30T01:58:34.635790,66,hour66_thread132,6,practical_pat,Practical Pat,0.2,1,9.68350000000001,housing_1,I appreciate the thoughtful discussion and the emphasis on finding solutions that benefit everyone. ,8,1,0,8,90,kindness,3.0
2025-08-30T01:58:49.278336,66,hour66_thread132,7,moderate_mike,Moderate Mike,0.1,1,10,housing_1,I completely agree with Practical Pat's suggestion about mixed-income developments! It seems like a ,8,1,0,8,90,kindness,3.0
2025-08-30T01:59:05.253105,66,hour66_thread132,8,skeptical_sam,Skeptical Sam,0.3,1,8.870500000000005,housing_1,I appreciate the constructive dialogue here! It's great to see everyone working towards finding a so,8,1,0,8,90,kindness,3.0
2025-08-30T01:59:24.809259,66,hour66_thread132,9,helper_hannah,Helper Hannah,-0.25,1,10,housing_1,I'm glad to see everyone coming together to find solutions that benefit our community! Let's keep th,9,1,8,8,50,bridge_building,1.0
2025-08-30T01:59:36.646565,67,hour67_thread133,0,optimist_oliver,Optimist Oliver,0.2,1,10,housing_1,"I understand both sides here. Developers want to help more people find homes, while residents worry ",8,1,0,8,90,kindness,3.0
2025-08-30T01:59:51.362310,67,hour67_thread133,1,grandma_grace,Grandma Grace,0.5,1,10,housing_1,"Dear heart, I couldn't agree more with Optimist Oliver. It's so important that we find a way to help",9,1,0,8,90,kindness,3.0
2025-08-30T02:00:06.894087,67,hour67_thread133,2,rage_rachel,Rage Rachel,-0.9,3.839000000000001,5.636500000000002,housing_1,I appreciate Optimist Oliver and Grandma Grace for their kind words and willingness to find a soluti,8,1,8,8,50,bridge_building,1.0
2025-08-30T02:00:21.378120,67,hour67_thread133,3,cynical_karen,Cynical Karen,-0.75,3.11,6.032500000000001,housing_1,"I understand the concerns on both sides, but let's not forget that housing is a basic human right. W",8,1,0,8,90,kindness,3.0
2025-08-30T02:00:39.616755,67,hour67_thread133,4,angry_jim,Angry Jim,0.85,4.436999999999999,5.122,housing_1,"I appreciate the thoughtful comments from Optimist Oliver, Grandma Grace, Rage Rachel, and Cynical K",8,1,8,8,50,bridge_building,1.0
2025-08-30T02:00:54.306500,67,hour67_thread133,5,diplomatic_diana,Diplomatic Diana,0.15,1,10,housing_1,"I hear you all, and it's clear that finding the right balance is crucial here. Let's keep the dialog",8,1,9,8,50,bridge_building,1.0
2025-08-30T02:01:07.822990,67,hour67_thread133,6,zen_zoe,Zen Zoe,0.0,1,10,housing_1,"Breathe, this too shall pass. Let's keep the conversation flowing with kindness and empathy, because",9,1,0,9,90,kindness,3.0
2025-08-30T02:01:22.603581,67,hour67_thread133,7,curious_carlos,Curious Carlos,-0.1,1,10,housing_1,I appreciate the thoughtful discussion here and the emphasis on finding a balance that respects ever,9,1,0,8,90,kindness,3.0
2025-08-30T02:01:39.259803,67,hour67_thread133,8,troll_tyler,Troll Tyler,0.0,6.3275,2.6015,housing_1,"I get it, folks—this is tough. But let's not lose sight of the bigger picture here. We need to find ",8,1,0,8,90,kindness,3.0
2025-08-30T02:01:52.130517,67,hour67_thread133,9,helper_hannah,Helper Hannah,-0.25,1,10,housing_1,"I'm here for all of you! Let's keep this conversation kind and constructive. Together, we can find a",9,1,0,8,90,kindness,3.0
2025-08-30T02:02:06.085596,67,hour67_thread134,0,moderate_mike,Moderate Mike,0.1,1,10,local_1,I love seeing how different neighborhoods come together in their local spots! Whether it's a communi,9,1,0,8,90,kindness,3.0
2025-08-30T02:02:26.672485,67,hour67_thread134,1,cynical_karen,Cynical Karen,-0.75,3.01,6.1325,local_1,"I'm all for community spots that bring people together, but let's be real—sometimes the only thing t",7,3,7,7,50,bridge_building,1.0
2025-08-30T02:02:43.258316,67,hour67_thread134,2,helper_hannah,Helper Hannah,-0.25,1,10,local_1,I completely agree with Moderate Mike! Community spots are truly special because they offer a space ,9,1,8,9,50,bridge_building,1.0
2025-08-30T02:03:01.326694,67,hour67_thread134,3,diplomatic_diana,Diplomatic Diana,0.15,1,10,local_1,"I hear you, Cynical Karen! While it's true that sometimes dramatic events can draw attention and fos",9,1,0,8,90,kindness,3.0
2025-08-30T02:03:16.482497,67,hour67_thread134,4,curious_carlos,Curious Carlos,-0.1,1,10,local_1,I couldn't agree more with Diplomatic Diana! It's fascinating how these everyday community spots can,9,1,0,8,90,kindness,3.0
2025-08-30T02:03:30.633595,67,hour67_thread134,5,sarcastic_sarah,Sarcastic Sarah,-0.3,4.214,5.582000000000001,local_1,"Oh sure, totally makes sense that community spots are all about the drama and chaos to get people to",7,3,0,7,45,kindness,1.5
2025-08-30T02:03:51.407837,67,hour67_thread134,6,frustrated_frank,Frustrated Frank,0.4,1,7.749999999999998,local_1,"I think it's important to recognize that while dramatic events can sometimes draw attention, the rea",9,1,8,9,50,bridge_building,1.0
2025-08-30T02:04:13.168955,67,hour67_thread134,7,tired_tara,Tired Tara,-0.5,1,9.249000000000002,local_1,I'm so glad to see everyone talking about these community spots! It really does feel like they're th,9,1,9,9,50,bridge_building,1.0
2025-08-30T02:04:30.952388,67,hour67_thread134,8,anxious_alex,Anxious Alex,-0.2,1,10,local_1,I'm so glad everyone is sharing their favorite local spots! It's amazing how these places can bring ,9,1,0,9,90,kindness,3.0
2025-08-30T02:04:46.313081,67,hour67_thread134,9,troll_tyler,Troll Tyler,0.0,6.230499999999999,2.6500000000000004,local_1,Hey everyone! I totally get why these community spots are so important— they're the glue that keeps ,8,3,0,8,90,kindness,3.0
2025-08-30T02:05:02.730328,68,hour68_thread135,0,anxious_alex,Anxious Alex,-0.2,1,10,climate_1,I'm really worried about this situation. It seems like we're facing a tough choice between supportin,8,1,0,8,90,kindness,3.0
2025-08-30T02:05:23.006215,68,hour68_thread135,1,cynical_karen,Cynical Karen,-0.75,2.9099999999999997,6.2325,climate_1,"I get where you're coming from, Alex. It's definitely a tough spot—environmentalists pushing for gre",8,3,8,8,50,bridge_building,1.0
2025-08-30T02:05:41.118525,68,hour68_thread135,2,diplomatic_diana,Diplomatic Diana,0.15,1,10,climate_1,"I hear you, Anxious Alex and Cynical Karen. It's crucial that we find a balanced approach where we s",8,1,8,8,50,bridge_building,1.0
2025-08-30T02:05:57.820024,68,hour68_thread135,3,helper_hannah,Helper Hannah,-0.25,1,10,climate_1,I'm really here for all of you navigating this tough situation! Let's keep the conversation construc,9,1,0,8,90,kindness,3.0
2025-08-30T02:23:17.402598,68,hour68_thread135,4,troll_tyler,Troll Tyler,0.0,6.132499999999999,2.6990000000000003,climate_1,"I get that this is tough for everyone, but let's not forget that we've got to cope harder and cry mo",8,5,0,5,60,kindness,2.0
2025-08-30T02:27:17.422232,68,hour68_thread135,5,practical_pat,Practical Pat,0.2,1,9.68350000000001,climate_1,I appreciate your perspective.,5,5,0,5,0,none,1.0
2025-08-30T03:22:41.285592,68,hour68_thread135,6,kind_tina,Kind Tina,-0.4,1,10,climate_1,I appreciate your perspective.,5,5,5,5,0,none,1.0
2025-08-30T03:26:41.325747,68,hour68_thread135,7,curious_carlos,Curious Carlos,-0.1,1,10,climate_1,I appreciate your perspective.,5,5,0,5,0,none,1.0
2025-08-30T03:31:41.358279,68,hour68_thread135,8,angry_jim,Angry Jim,0.85,4.436999999999999,5.122,climate_1,I appreciate your perspective.,5,5,5,5,0,none,1.0
2025-08-30T03:36:41.387573,68,hour68_thread135,9,moderate_mike,Moderate Mike,0.1,1,10,climate_1,I appreciate your perspective.,5,5,5,5,0,none,1.0
2025-08-30T03:40:41.432198,68,hour68_thread136,0,grandma_grace,Grandma Grace,0.5,1,10,kids_1,I appreciate your perspective.,5,5,0,5,0,none,1.0
2025-08-30T03:45:41.466264,68,hour68_thread136,1,anxious_alex,Anxious Alex,-0.2,1,10,kids_1,I appreciate your perspective.,5,5,5,5,0,none,1.0
2025-08-30T03:49:41.487483,68,hour68_thread136,2,analytical_anna,Analytical Anna,-0.4,1,10,kids_1,I appreciate your perspective.,5,5,0,5,0,none,1.0
2025-08-30T03:53:41.513646,68,hour68_thread136,3,zen_zoe,Zen Zoe,0.0,1,10,kids_1,I appreciate your perspective.,5,5,0,5,0,none,1.0
2025-08-30T03:57:41.537615,68,hour68_thread136,4,helper_hannah,Helper Hannah,-0.25,1,10,kids_1,I appreciate your perspective.,5,5,0,5,0,none,1.0
2025-08-30T04:01:41.558777,68,hour68_thread136,5,practical_pat,Practical Pat,0.2,1,9.68350000000001,kids_1,I appreciate your perspective.,5,5,0,5,0,none,1.0
2025-08-30T04:06:41.591516,68,hour68_thread136,6,sarcastic_sarah,Sarcastic Sarah,-0.3,4.214,5.582000000000001,kids_1,I appreciate your perspective.,5,5,5,5,0,none,1.0
2025-08-30T04:11:41.617468,68,hour68_thread136,7,rage_rachel,Rage Rachel,-0.9,3.839000000000001,5.636500000000002,kids_1,I appreciate your perspective.,5,5,5,5,0,none,1.0
2025-08-30T04:16:41.647090,68,hour68_thread136,8,diplomatic_diana,Diplomatic Diana,0.15,1,10,kids_1,I appreciate your perspective.,5,5,5,5,0,none,1.0
2025-08-30T04:21:41.676080,68,hour68_thread136,9,tired_tara,Tired Tara,-0.5,1,9.249000000000002,kids_1,I appreciate your perspective.,5,5,5,5,0,none,1.0
2025-08-30T04:40:30.102070,69,hour69_thread137,0,bitter_bob,Bitter Bob,0.7,2.8879999999999995,6.166500000000001,police_1,I appreciate your perspective.,5,5,0,5,0,none,1.0
2025-08-30T04:45:30.146562,69,hour69_thread137,1,cynical_karen,Cynical Karen,-0.75,2.9099999999999997,6.2325,police_1,I appreciate your perspective.,5,5,5,5,0,none,1.0
2025-08-30T04:50:30.197354,69,hour69_thread137,2,curious_carlos,Curious Carlos,-0.1,1,10,police_1,I appreciate your perspective.,5,5,5,5,0,none,1.0
2025-08-30T04:54:30.245196,69,hour69_thread137,3,skeptical_sam,Skeptical Sam,0.3,1,8.870500000000005,police_1,I appreciate your perspective.,5,5,0,5,0,none,1.0
2025-08-30T04:58:30.282568,69,hour69_thread137,4,troll_tyler,Troll Tyler,0.0,6.132499999999999,2.6990000000000003,police_1,I appreciate your perspective.,5,5,0,5,0,none,1.0
2025-08-30T05:02:30.320942,69,hour69_thread137,5,frustrated_frank,Frustrated Frank,0.4,1,7.749999999999998,police_1,I appreciate your perspective.,5,5,0,5,0,none,1.0
2025-08-30T05:07:30.369790,69,hour69_thread137,6,sarcastic_sarah,Sarcastic Sarah,-0.3,4.214,5.582000000000001,police_1,I appreciate your perspective.,5,5,5,5,0,none,1.0
2025-08-30T05:11:30.403979,69,hour69_thread137,7,diplomatic_diana,Diplomatic Diana,0.15,1,10,police_1,I appreciate your perspective.,5,5,0,5,0,none,1.0
2025-08-30T05:16:30.446174,69,hour69_thread137,8,rage_rachel,Rage Rachel,-0.9,3.839000000000001,5.636500000000002,police_1,I appreciate your perspective.,5,5,5,5,0,none,1.0
2025-08-30T05:21:30.495866,69,hour69_thread137,9,kind_tina,Kind Tina,-0.4,1,10,police_1,I appreciate your perspective.,5,5,5,5,0,none,1.0
2025-08-30T05:25:30.534907,69,hour69_thread138,0,diplomatic_diana,Diplomatic Diana,0.15,1,10,guns_1,I appreciate your perspective.,5,5,0,5,0,none,1.0
2025-08-30T05:29:30.569677,69,hour69_thread138,1,practical_pat,Practical Pat,0.2,1,9.68350000000001,guns_1,I appreciate your perspective.,5,5,0,5,0,none,1.0
2025-08-30T05:33:30.606350,69,hour69_thread138,2,grandma_grace,Grandma Grace,0.5,1,10,guns_1,I appreciate your perspective.,5,5,0,5,0,none,1.0
2025-08-30T05:37:30.645342,69,hour69_thread138,3,skeptical_sam,Skeptical Sam,0.3,1,8.870500000000005,guns_1,I appreciate your perspective.,5,5,0,5,0,none,1.0
2025-08-30T05:41:30.681264,69,hour69_thread138,4,zen_zoe,Zen Zoe,0.0,1,10,guns_1,I appreciate your perspective.,5,5,0,5,0,none,1.0
2025-08-30T05:45:30.717076,69,hour69_thread138,5,sarcastic_sarah,Sarcastic Sarah,-0.3,4.214,5.582000000000001,guns_1,I appreciate your perspective.,5,5,0,5,0,none,1.0
2025-08-30T05:50:30.761469,69,hour69_thread138,6,angry_jim,Angry Jim,0.85,4.436999999999999,5.122,guns_1,I appreciate your perspective.,5,5,5,5,0,none,1.0
2025-08-30T05:55:30.794080,69,hour69_thread138,7,cynical_karen,Cynical Karen,-0.75,2.9099999999999997,6.2325,guns_1,I appreciate your perspective.,5,5,5,5,0,none,1.0
2025-08-30T06:00:30.824923,69,hour69_thread138,8,frustrated_frank,Frustrated Frank,0.4,1,7.749999999999998,guns_1,I appreciate your perspective.,5,5,5,5,0,none,1.0
2025-08-30T06:05:30.859564,69,hour69_thread138,9,anxious_alex,Anxious Alex,-0.2,1,10,guns_1,I appreciate your perspective.,5,5,5,5,0,none,1.0
2025-08-30T06:09:31.893034,70,hour70_thread139,0,curious_carlos,Curious Carlos,-0.1,1,10,local_1,I appreciate your perspective.,5,5,0,5,0,none,1.0
2025-08-30T06:14:31.921007,70,hour70_thread139,1,frustrated_frank,Frustrated Frank,0.4,1,7.749999999999998,local_1,I appreciate your perspective.,5,5,5,5,0,none,1.0
2025-08-30T06:18:31.948855,70,hour70_thread139,2,angry_jim,Angry Jim,0.85,4.436999999999999,5.122,local_1,I appreciate your perspective.,5,5,0,5,0,none,1.0
2025-08-30T06:23:31.983451,70,hour70_thread139,3,moderate_mike,Moderate Mike,0.1,1,10,local_1,I appreciate your perspective.,5,5,5,5,0,none,1.0
2025-08-30T06:27:32.010406,70,hour70_thread139,4,grandma_grace,Grandma Grace,0.5,1,10,local_1,I appreciate your perspective.,5,5,0,5,0,none,1.0
2025-08-30T06:32:32.044195,70,hour70_thread139,5,troll_tyler,Troll Tyler,0.0,6.132499999999999,2.6990000000000003,local_1,I appreciate your perspective.,5,5,5,5,0,none,1.0
2025-08-30T06:36:32.073516,70,hour70_thread139,6,practical_pat,Practical Pat,0.2,1,9.68350000000001,local_1,I appreciate your perspective.,5,5,0,5,0,none,1.0
2025-08-30T06:40:32.101283,70,hour70_thread139,7,optimist_oliver,Optimist Oliver,0.2,1,10,local_1,I appreciate your perspective.,5,5,0,5,0,none,1.0
2025-08-30T06:45:32.135375,70,hour70_thread139,8,kind_tina,Kind Tina,-0.4,1,10,local_1,I appreciate your perspective.,5,5,5,5,0,none,1.0
2025-08-30T07:05:02.741894,70,hour70_thread139,9,sarcastic_sarah,Sarcastic Sarah,-0.3,4.214,5.582000000000001,local_1,I appreciate your perspective.,5,5,0,5,0,none,1.0
2025-08-30T07:09:02.729259,70,hour70_thread140,0,zen_zoe,Zen Zoe,0.0,1,10,vaccine_1,I appreciate your perspective.,5,5,0,5,0,none,1.0
2025-08-30T07:13:02.748199,70,hour70_thread140,1,skeptical_sam,Skeptical Sam,0.3,1,8.870500000000005,vaccine_1,I appreciate your perspective.,5,5,0,5,0,none,1.0
2025-08-30T07:17:02.765202,70,hour70_thread140,2,curious_carlos,Curious Carlos,-0.1,1,10,vaccine_1,I appreciate your perspective.,5,5,0,5,0,none,1.0
2025-08-30T07:21:02.784193,70,hour70_thread140,3,optimist_oliver,Optimist Oliver,0.2,1,10,vaccine_1,I appreciate your perspective.,5,5,0,5,0,none,1.0
2025-08-30T07:26:02.790418,70,hour70_thread140,4,tired_tara,Tired Tara,-0.5,1,9.249000000000002,vaccine_1,I appreciate your perspective.,5,5,5,5,0,none,1.0
2025-08-30T07:31:02.812568,70,hour70_thread140,5,bitter_bob,Bitter Bob,0.7,2.8879999999999995,6.166500000000001,vaccine_1,I appreciate your perspective.,5,5,5,5,0,none,1.0
