timestamp,operation,model_id,prompt_length,response_length,response_time_ms,tokens_used,success,error_message
2025-08-29T17:34:14.673509,evaluate_toxicity,qwen2.5-coder-14b-instruct,179,1,1494,44,True,
2025-08-29T17:34:24.074561,generate,qwen2.5-coder-14b-instruct,823,228,9396,205,True,
2025-08-29T17:34:25.831493,evaluate_kindness,qwen2.5-coder-14b-instruct,540,1,1756,135,True,
2025-08-29T17:34:27.312460,evaluate_toxicity,qwen2.5-coder-14b-instruct,392,1,1480,98,True,
2025-08-29T17:34:28.744543,evaluate_empathy,qwen2.5-coder-14b-instruct,532,1,1431,133,True,
2025-08-29T17:34:39.650837,generate,qwen2.5-coder-14b-instruct,1036,268,10905,259,True,
2025-08-29T17:34:41.466501,evaluate_kindness,qwen2.5-coder-14b-instruct,580,1,1815,145,True,
2025-08-29T17:34:42.952269,evaluate_toxicity,qwen2.5-coder-14b-instruct,432,1,1485,108,True,
2025-08-29T17:34:44.739755,evaluate_empathy,qwen2.5-coder-14b-instruct,572,1,1786,143,True,
2025-08-29T17:34:56.419266,generate,qwen2.5-coder-14b-instruct,1320,289,11678,330,True,
2025-08-29T17:34:58.237688,evaluate_kindness,qwen2.5-coder-14b-instruct,601,1,1818,150,True,
2025-08-29T17:34:59.726495,evaluate_toxicity,qwen2.5-coder-14b-instruct,453,1,1488,113,True,
2025-08-29T17:35:01.508804,evaluate_empathy,qwen2.5-coder-14b-instruct,593,1,1781,148,True,
2025-08-29T17:35:03.354075,evaluate_bridge,qwen2.5-coder-14b-instruct,814,1,1844,203,True,
2025-08-29T17:35:13.264160,generate,qwen2.5-coder-14b-instruct,1633,295,9909,408,True,
2025-08-29T17:35:15.066789,evaluate_kindness,qwen2.5-coder-14b-instruct,607,1,1802,151,True,
2025-08-29T17:35:16.499544,evaluate_toxicity,qwen2.5-coder-14b-instruct,459,1,1432,114,True,
2025-08-29T17:35:18.019305,evaluate_empathy,qwen2.5-coder-14b-instruct,599,1,1519,149,True,
2025-08-29T17:35:33.980618,generate,qwen2.5-coder-14b-instruct,1945,363,15960,486,True,
2025-08-29T17:35:35.794698,evaluate_kindness,qwen2.5-coder-14b-instruct,675,1,1813,168,True,
2025-08-29T17:35:37.566226,evaluate_toxicity,qwen2.5-coder-14b-instruct,527,1,1771,131,True,
2025-08-29T17:35:39.344354,evaluate_empathy,qwen2.5-coder-14b-instruct,667,1,1777,166,True,
2025-08-29T17:35:51.382292,generate,qwen2.5-coder-14b-instruct,2310,212,12037,577,True,
2025-08-29T17:35:53.190864,evaluate_kindness,qwen2.5-coder-14b-instruct,524,1,1808,131,True,
2025-08-29T17:35:54.666084,evaluate_toxicity,qwen2.5-coder-14b-instruct,376,1,1474,94,True,
2025-08-29T17:35:56.464796,evaluate_empathy,qwen2.5-coder-14b-instruct,516,1,1798,129,True,
2025-08-29T17:36:09.009640,generate,qwen2.5-coder-14b-instruct,2308,303,12544,577,True,
2025-08-29T17:36:10.835698,evaluate_kindness,qwen2.5-coder-14b-instruct,615,1,1825,153,True,
2025-08-29T17:36:12.293470,evaluate_toxicity,qwen2.5-coder-14b-instruct,467,1,1457,116,True,
2025-08-29T17:36:14.077876,evaluate_empathy,qwen2.5-coder-14b-instruct,607,1,1783,151,True,
2025-08-29T17:36:27.603161,generate,qwen2.5-coder-14b-instruct,2350,287,13524,587,True,
2025-08-29T17:36:29.403695,evaluate_kindness,qwen2.5-coder-14b-instruct,599,1,1800,149,True,
2025-08-29T17:36:30.898801,evaluate_toxicity,qwen2.5-coder-14b-instruct,451,1,1494,112,True,
2025-08-29T17:36:32.683521,evaluate_empathy,qwen2.5-coder-14b-instruct,591,1,1784,147,True,
2025-08-29T17:36:44.346476,generate,qwen2.5-coder-14b-instruct,2350,336,11662,587,True,
2025-08-29T17:36:46.133736,evaluate_kindness,qwen2.5-coder-14b-instruct,648,1,1786,162,True,
2025-08-29T17:36:47.608744,evaluate_toxicity,qwen2.5-coder-14b-instruct,500,1,1474,125,True,
2025-08-29T17:36:49.120499,evaluate_empathy,qwen2.5-coder-14b-instruct,640,1,1511,160,True,
2025-08-29T17:37:02.212487,generate,qwen2.5-coder-14b-instruct,2377,297,13091,594,True,
2025-08-29T17:37:04.015576,evaluate_kindness,qwen2.5-coder-14b-instruct,609,1,1802,152,True,
2025-08-29T17:37:05.487296,evaluate_toxicity,qwen2.5-coder-14b-instruct,461,1,1471,115,True,
2025-08-29T17:37:07.265058,evaluate_empathy,qwen2.5-coder-14b-instruct,601,1,1777,150,True,
2025-08-29T17:37:15.625624,generate,qwen2.5-coder-14b-instruct,808,156,8359,202,True,
2025-08-29T17:37:17.434421,evaluate_kindness,qwen2.5-coder-14b-instruct,460,1,1808,115,True,
2025-08-29T17:37:18.878201,evaluate_toxicity,qwen2.5-coder-14b-instruct,320,1,1443,80,True,
2025-08-29T17:37:20.392047,evaluate_empathy,qwen2.5-coder-14b-instruct,452,1,1513,113,True,
2025-08-29T17:37:32.090933,generate,qwen2.5-coder-14b-instruct,977,383,11697,244,True,
2025-08-29T17:37:33.857856,evaluate_kindness,qwen2.5-coder-14b-instruct,687,1,1766,171,True,
2025-08-29T17:37:35.368205,evaluate_toxicity,qwen2.5-coder-14b-instruct,547,1,1509,136,True,
2025-08-29T17:37:37.183183,evaluate_empathy,qwen2.5-coder-14b-instruct,679,1,1814,169,True,
2025-08-29T17:37:47.748460,generate,qwen2.5-coder-14b-instruct,1364,294,10564,341,True,
2025-08-29T17:37:49.541847,evaluate_kindness,qwen2.5-coder-14b-instruct,598,1,1792,149,True,
2025-08-29T17:37:51.013461,evaluate_toxicity,qwen2.5-coder-14b-instruct,458,1,1471,114,True,
2025-08-29T17:37:52.828201,evaluate_empathy,qwen2.5-coder-14b-instruct,590,1,1814,147,True,
2025-08-29T17:38:02.463990,generate,qwen2.5-coder-14b-instruct,1663,205,9634,415,True,
2025-08-29T17:38:04.256610,evaluate_kindness,qwen2.5-coder-14b-instruct,509,1,1792,127,True,
2025-08-29T17:38:05.715010,evaluate_toxicity,qwen2.5-coder-14b-instruct,369,1,1458,92,True,
2025-08-29T17:38:07.225402,evaluate_empathy,qwen2.5-coder-14b-instruct,501,1,1509,125,True,
2025-08-29T17:38:17.017452,generate,qwen2.5-coder-14b-instruct,1892,266,9791,473,True,
2025-08-29T17:38:18.811890,evaluate_kindness,qwen2.5-coder-14b-instruct,570,1,1794,142,True,
2025-08-29T17:38:20.263291,evaluate_toxicity,qwen2.5-coder-14b-instruct,430,1,1450,107,True,
2025-08-29T17:38:21.787244,evaluate_empathy,qwen2.5-coder-14b-instruct,562,1,1523,140,True,
2025-08-29T17:38:32.330447,generate,qwen2.5-coder-14b-instruct,2169,189,10542,542,True,
2025-08-29T17:38:34.138201,evaluate_kindness,qwen2.5-coder-14b-instruct,493,1,1807,123,True,
2025-08-29T17:38:35.578514,evaluate_toxicity,qwen2.5-coder-14b-instruct,353,1,1439,88,True,
2025-08-29T17:38:37.067073,evaluate_empathy,qwen2.5-coder-14b-instruct,485,1,1488,121,True,
2025-08-29T17:38:38.876272,evaluate_bridge,qwen2.5-coder-14b-instruct,712,1,1808,178,True,
2025-08-29T17:38:49.233306,generate,qwen2.5-coder-14b-instruct,2200,246,10356,550,True,
2025-08-29T17:38:51.046957,evaluate_kindness,qwen2.5-coder-14b-instruct,550,1,1813,137,True,
2025-08-29T17:38:52.522664,evaluate_toxicity,qwen2.5-coder-14b-instruct,410,1,1475,102,True,
2025-08-29T17:38:54.016597,evaluate_empathy,qwen2.5-coder-14b-instruct,542,1,1493,135,True,
2025-08-29T17:39:06.841672,generate,qwen2.5-coder-14b-instruct,2075,333,12824,518,True,
2025-08-29T17:39:08.608547,evaluate_kindness,qwen2.5-coder-14b-instruct,637,1,1766,159,True,
2025-08-29T17:39:10.119322,evaluate_toxicity,qwen2.5-coder-14b-instruct,497,1,1510,124,True,
2025-08-29T17:39:11.887888,evaluate_empathy,qwen2.5-coder-14b-instruct,629,1,1768,157,True,
2025-08-29T17:39:24.507594,generate,qwen2.5-coder-14b-instruct,2100,312,12618,525,True,
2025-08-29T17:39:26.269192,evaluate_kindness,qwen2.5-coder-14b-instruct,616,1,1761,154,True,
2025-08-29T17:39:27.769194,evaluate_toxicity,qwen2.5-coder-14b-instruct,476,1,1499,119,True,
2025-08-29T17:39:29.624431,evaluate_empathy,qwen2.5-coder-14b-instruct,608,1,1854,152,True,
2025-08-29T17:39:40.384634,generate,qwen2.5-coder-14b-instruct,2216,229,10757,554,True,
2025-08-29T17:39:42.204821,evaluate_kindness,qwen2.5-coder-14b-instruct,533,1,1819,133,True,
2025-08-29T17:39:43.675904,evaluate_toxicity,qwen2.5-coder-14b-instruct,393,1,1470,98,True,
2025-08-29T17:39:45.112992,evaluate_empathy,qwen2.5-coder-14b-instruct,525,1,1436,131,True,
2025-08-29T17:39:46.942831,evaluate_bridge,qwen2.5-coder-14b-instruct,800,1,1829,200,True,
2025-08-29T17:39:57.454896,generate,qwen2.5-coder-14b-instruct,835,214,9509,208,True,
2025-08-29T17:39:59.276284,evaluate_kindness,qwen2.5-coder-14b-instruct,530,1,1820,132,True,
2025-08-29T17:40:00.755573,evaluate_toxicity,qwen2.5-coder-14b-instruct,378,1,1478,94,True,
2025-08-29T17:40:02.179844,evaluate_empathy,qwen2.5-coder-14b-instruct,522,1,1423,130,True,
2025-08-29T17:40:12.246643,generate,qwen2.5-coder-14b-instruct,1041,234,10066,260,True,
2025-08-29T17:40:14.066869,evaluate_kindness,qwen2.5-coder-14b-instruct,550,1,1819,137,True,
2025-08-29T17:40:15.547772,evaluate_toxicity,qwen2.5-coder-14b-instruct,398,1,1480,99,True,
2025-08-29T17:40:16.961606,evaluate_empathy,qwen2.5-coder-14b-instruct,542,1,1413,135,True,
2025-08-29T17:40:18.791286,evaluate_bridge,qwen2.5-coder-14b-instruct,706,1,1829,176,True,
2025-08-29T17:40:31.506994,generate,qwen2.5-coder-14b-instruct,1283,360,12715,320,True,
2025-08-29T17:40:33.330304,evaluate_kindness,qwen2.5-coder-14b-instruct,676,1,1822,169,True,
2025-08-29T17:40:34.831288,evaluate_toxicity,qwen2.5-coder-14b-instruct,524,1,1500,131,True,
2025-08-29T17:40:36.614781,evaluate_empathy,qwen2.5-coder-14b-instruct,668,1,1783,167,True,
2025-08-29T17:40:38.437258,evaluate_bridge,qwen2.5-coder-14b-instruct,853,1,1822,213,True,
2025-08-29T17:40:51.309369,generate,qwen2.5-coder-14b-instruct,1655,290,12871,413,True,
2025-08-29T17:40:53.136551,evaluate_kindness,qwen2.5-coder-14b-instruct,606,1,1826,151,True,
2025-08-29T17:40:54.616763,evaluate_toxicity,qwen2.5-coder-14b-instruct,454,1,1479,113,True,
2025-08-29T17:40:56.400509,evaluate_empathy,qwen2.5-coder-14b-instruct,598,1,1783,149,True,
2025-08-29T17:41:08.522302,generate,qwen2.5-coder-14b-instruct,1951,326,12121,487,True,
2025-08-29T17:41:10.339525,evaluate_kindness,qwen2.5-coder-14b-instruct,642,1,1816,160,True,
2025-08-29T17:41:11.822087,evaluate_toxicity,qwen2.5-coder-14b-instruct,490,1,1482,122,True,
2025-08-29T17:41:13.622023,evaluate_empathy,qwen2.5-coder-14b-instruct,634,1,1799,158,True,
2025-08-29T17:41:15.414061,evaluate_bridge,qwen2.5-coder-14b-instruct,873,1,1791,218,True,
2025-08-29T17:41:27.603794,generate,qwen2.5-coder-14b-instruct,2302,326,12189,575,True,
2025-08-29T17:41:29.399044,evaluate_kindness,qwen2.5-coder-14b-instruct,642,1,1794,160,True,
2025-08-29T17:41:30.904747,evaluate_toxicity,qwen2.5-coder-14b-instruct,490,1,1505,122,True,
2025-08-29T17:41:32.722279,evaluate_empathy,qwen2.5-coder-14b-instruct,634,1,1817,158,True,
2025-08-29T17:41:45.657579,generate,qwen2.5-coder-14b-instruct,2421,296,12934,605,True,
2025-08-29T17:41:47.431375,evaluate_kindness,qwen2.5-coder-14b-instruct,612,1,1773,153,True,
2025-08-29T17:41:48.908043,evaluate_toxicity,qwen2.5-coder-14b-instruct,460,1,1476,115,True,
2025-08-29T17:41:50.710516,evaluate_empathy,qwen2.5-coder-14b-instruct,604,1,1802,151,True,
2025-08-29T17:42:06.357389,generate,qwen2.5-coder-14b-instruct,2489,361,15646,622,True,
2025-08-29T17:42:08.187447,evaluate_kindness,qwen2.5-coder-14b-instruct,677,1,1829,169,True,
2025-08-29T17:42:09.730071,evaluate_toxicity,qwen2.5-coder-14b-instruct,525,1,1542,131,True,
2025-08-29T17:42:11.528219,evaluate_empathy,qwen2.5-coder-14b-instruct,669,1,1797,167,True,
2025-08-29T17:42:24.351396,generate,qwen2.5-coder-14b-instruct,2483,288,12822,620,True,
2025-08-29T17:42:26.162190,evaluate_kindness,qwen2.5-coder-14b-instruct,604,1,1810,151,True,
2025-08-29T17:42:27.662262,evaluate_toxicity,qwen2.5-coder-14b-instruct,452,1,1499,113,True,
2025-08-29T17:42:29.456425,evaluate_empathy,qwen2.5-coder-14b-instruct,596,1,1793,149,True,
2025-08-29T17:42:42.944848,generate,qwen2.5-coder-14b-instruct,2489,326,13487,622,True,
2025-08-29T17:42:44.737515,evaluate_kindness,qwen2.5-coder-14b-instruct,642,1,1792,160,True,
2025-08-29T17:42:46.245885,evaluate_toxicity,qwen2.5-coder-14b-instruct,490,1,1508,122,True,
2025-08-29T17:42:48.055508,evaluate_empathy,qwen2.5-coder-14b-instruct,634,1,1809,158,True,
2025-08-29T17:42:49.891947,evaluate_bridge,qwen2.5-coder-14b-instruct,873,1,1835,218,True,
2025-08-29T17:43:00.657841,generate,qwen2.5-coder-14b-instruct,829,340,10765,207,True,
2025-08-29T17:43:02.457724,evaluate_kindness,qwen2.5-coder-14b-instruct,646,1,1799,161,True,
2025-08-29T17:43:03.940232,evaluate_toxicity,qwen2.5-coder-14b-instruct,504,1,1482,126,True,
2025-08-29T17:43:05.889759,evaluate_empathy,qwen2.5-coder-14b-instruct,638,1,1949,159,True,
2025-08-29T17:43:15.466860,generate,qwen2.5-coder-14b-instruct,1151,224,9576,287,True,
2025-08-29T17:43:17.285612,evaluate_kindness,qwen2.5-coder-14b-instruct,530,1,1818,132,True,
2025-08-29T17:43:18.721960,evaluate_toxicity,qwen2.5-coder-14b-instruct,388,1,1436,97,True,
2025-08-29T17:43:20.236388,evaluate_empathy,qwen2.5-coder-14b-instruct,522,1,1514,130,True,
2025-08-29T17:43:22.051523,evaluate_bridge,qwen2.5-coder-14b-instruct,823,1,1814,205,True,
2025-08-29T17:43:33.837273,generate,qwen2.5-coder-14b-instruct,1393,308,11784,348,True,
2025-08-29T17:43:35.634393,evaluate_kindness,qwen2.5-coder-14b-instruct,614,1,1796,153,True,
2025-08-29T17:43:37.126387,evaluate_toxicity,qwen2.5-coder-14b-instruct,472,1,1491,118,True,
2025-08-29T17:43:38.907595,evaluate_empathy,qwen2.5-coder-14b-instruct,606,1,1780,151,True,
2025-08-29T17:43:40.751485,evaluate_bridge,qwen2.5-coder-14b-instruct,790,1,1843,197,True,
2025-08-29T17:44:29.856070,toxicity,qwen2.5-coder-14b-instruct,179,1,1607,76,True,
2025-08-29T17:44:35.283030,generate,qwen2.5-coder-14b-instruct,815,115,5422,240,True,
2025-08-29T17:44:36.799025,kindness,qwen2.5-coder-14b-instruct,421,1,1515,121,True,
2025-08-29T17:44:38.243085,toxicity,qwen2.5-coder-14b-instruct,279,1,1443,94,True,
2025-08-29T17:44:39.697539,empathy,qwen2.5-coder-14b-instruct,413,1,1453,119,True,
2025-08-29T17:44:48.586745,generate,qwen2.5-coder-14b-instruct,911,251,8887,281,True,
2025-08-29T17:44:50.389845,kindness,qwen2.5-coder-14b-instruct,557,1,1802,142,True,
2025-08-29T17:44:51.836124,toxicity,qwen2.5-coder-14b-instruct,415,1,1445,115,True,
2025-08-29T17:44:53.353950,empathy,qwen2.5-coder-14b-instruct,549,1,1517,140,True,
2025-08-29T17:44:55.145812,bridge,qwen2.5-coder-14b-instruct,623,1,1791,162,True,
2025-08-29T17:45:04.755664,generate,qwen2.5-coder-14b-instruct,1176,249,9608,329,True,
2025-08-29T17:45:06.569886,kindness,qwen2.5-coder-14b-instruct,555,1,1813,143,True,
2025-08-29T17:45:08.047132,toxicity,qwen2.5-coder-14b-instruct,413,1,1476,116,True,
2025-08-29T17:45:09.557258,empathy,qwen2.5-coder-14b-instruct,547,1,1509,141,True,
2025-08-29T17:45:20.948971,generate,qwen2.5-coder-14b-instruct,1441,289,11390,389,True,
2025-08-29T17:45:22.664143,kindness,qwen2.5-coder-14b-instruct,595,1,1714,155,True,
2025-08-29T17:45:24.098134,toxicity,qwen2.5-coder-14b-instruct,453,1,1433,128,True,
2025-08-29T17:45:25.998014,empathy,qwen2.5-coder-14b-instruct,587,1,1899,154,True,
2025-08-29T17:45:27.807266,bridge,qwen2.5-coder-14b-instruct,795,1,1808,196,True,
2025-08-29T17:45:38.051397,generate,qwen2.5-coder-14b-instruct,1755,270,10242,446,True,
2025-08-29T17:45:39.777950,kindness,qwen2.5-coder-14b-instruct,576,1,1725,147,True,
2025-08-29T17:45:41.224849,toxicity,qwen2.5-coder-14b-instruct,434,1,1446,120,True,
2025-08-29T17:45:42.672484,empathy,qwen2.5-coder-14b-instruct,568,1,1447,145,True,
2025-08-29T17:45:52.639857,generate,qwen2.5-coder-14b-instruct,2041,248,9966,497,True,
2025-08-29T17:45:54.432272,kindness,qwen2.5-coder-14b-instruct,554,1,1791,145,True,
2025-08-29T17:45:55.844601,toxicity,qwen2.5-coder-14b-instruct,412,1,1411,118,True,
2025-08-29T17:45:57.283888,empathy,qwen2.5-coder-14b-instruct,546,1,1438,143,True,
2025-08-29T17:46:08.669350,generate,qwen2.5-coder-14b-instruct,2178,257,11384,525,True,
2025-08-29T17:46:10.512172,kindness,qwen2.5-coder-14b-instruct,563,1,1842,153,True,
2025-08-29T17:46:12.044118,toxicity,qwen2.5-coder-14b-instruct,421,1,1531,126,True,
2025-08-29T17:46:13.761141,empathy,qwen2.5-coder-14b-instruct,555,1,1716,151,True,
2025-08-29T17:46:15.493191,bridge,qwen2.5-coder-14b-instruct,764,1,1731,197,True,
2025-08-29T17:46:25.361508,generate,qwen2.5-coder-14b-instruct,2194,278,9867,529,True,
2025-08-29T17:46:27.086871,kindness,qwen2.5-coder-14b-instruct,584,1,1724,144,True,
2025-08-29T17:46:28.499300,toxicity,qwen2.5-coder-14b-instruct,442,1,1411,117,True,
2025-08-29T17:46:30.005595,empathy,qwen2.5-coder-14b-instruct,576,1,1505,142,True,
2025-08-29T17:46:31.811517,bridge,qwen2.5-coder-14b-instruct,793,1,1805,195,True,
2025-08-29T17:46:42.783288,generate,qwen2.5-coder-14b-instruct,2208,241,10970,536,True,
2025-08-29T17:46:44.505565,kindness,qwen2.5-coder-14b-instruct,547,1,1721,151,True,
2025-08-29T17:46:46.042014,toxicity,qwen2.5-coder-14b-instruct,405,1,1535,124,True,
2025-08-29T17:46:47.477162,empathy,qwen2.5-coder-14b-instruct,539,1,1434,149,True,
2025-08-29T17:49:53.441836,toxicity,qwen2.5-coder-14b-instruct,179,1,1536,76,True,
2025-08-29T17:50:01.146764,generate,qwen2.5-coder-14b-instruct,822,234,7699,253,True,
2025-08-29T17:50:02.848111,kindness,qwen2.5-coder-14b-instruct,540,1,1700,137,True,
2025-08-29T17:50:04.258725,toxicity,qwen2.5-coder-14b-instruct,398,1,1409,110,True,
2025-08-29T17:50:05.726613,empathy,qwen2.5-coder-14b-instruct,532,1,1467,135,True,
2025-08-29T17:50:15.664062,generate,qwen2.5-coder-14b-instruct,1049,306,9936,304,True,
2025-08-29T17:50:17.396065,kindness,qwen2.5-coder-14b-instruct,612,1,1731,151,True,
2025-08-29T17:50:18.837228,toxicity,qwen2.5-coder-14b-instruct,470,1,1440,124,True,
2025-08-29T17:50:20.287589,empathy,qwen2.5-coder-14b-instruct,604,1,1449,149,True,
2025-08-29T17:50:29.900384,generate,qwen2.5-coder-14b-instruct,1361,269,9611,358,True,
2025-08-29T17:50:31.620768,kindness,qwen2.5-coder-14b-instruct,575,1,1719,145,True,
2025-08-29T17:50:33.027775,toxicity,qwen2.5-coder-14b-instruct,433,1,1406,118,True,
2025-08-29T17:50:34.505258,empathy,qwen2.5-coder-14b-instruct,567,1,1476,143,True,
2025-08-29T17:50:36.219874,bridge,qwen2.5-coder-14b-instruct,832,1,1713,194,True,
2025-08-29T17:50:45.357601,generate,qwen2.5-coder-14b-instruct,1641,238,9136,404,True,
2025-08-29T17:50:47.108677,kindness,qwen2.5-coder-14b-instruct,544,1,1750,142,True,
2025-08-29T17:50:48.505249,toxicity,qwen2.5-coder-14b-instruct,402,1,1395,115,True,
2025-08-29T17:50:50.066493,empathy,qwen2.5-coder-14b-instruct,536,1,1560,140,True,
2025-08-29T17:51:01.435848,generate,qwen2.5-coder-14b-instruct,1903,298,11368,468,True,
2025-08-29T17:51:03.155565,kindness,qwen2.5-coder-14b-instruct,604,1,1719,154,True,
2025-08-29T17:51:04.609526,toxicity,qwen2.5-coder-14b-instruct,462,1,1453,127,True,
2025-08-29T17:51:06.322937,empathy,qwen2.5-coder-14b-instruct,596,1,1712,152,True,
2025-08-29T17:51:08.091873,bridge,qwen2.5-coder-14b-instruct,793,1,1768,194,True,
2025-08-29T17:51:17.357841,generate,qwen2.5-coder-14b-instruct,2218,196,9264,511,True,
2025-08-29T17:51:19.149771,kindness,qwen2.5-coder-14b-instruct,502,1,1791,140,True,
2025-08-29T17:51:20.586072,toxicity,qwen2.5-coder-14b-instruct,360,1,1435,113,True,
2025-08-29T17:51:22.043358,empathy,qwen2.5-coder-14b-instruct,494,1,1456,138,True,
2025-08-29T17:51:23.790934,bridge,qwen2.5-coder-14b-instruct,751,1,1746,192,True,
2025-08-29T17:51:35.434977,generate,qwen2.5-coder-14b-instruct,2167,334,11642,530,True,
2025-08-29T17:51:37.176123,kindness,qwen2.5-coder-14b-instruct,640,1,1740,155,True,
2025-08-29T17:51:38.607411,toxicity,qwen2.5-coder-14b-instruct,498,1,1430,128,True,
2025-08-29T17:51:40.328549,empathy,qwen2.5-coder-14b-instruct,632,1,1720,153,True,
2025-08-29T17:51:42.193999,bridge,qwen2.5-coder-14b-instruct,787,1,1864,193,True,
2025-08-29T17:51:50.814839,generate,qwen2.5-coder-14b-instruct,2189,179,8619,512,True,
2025-08-29T17:51:52.638365,kindness,qwen2.5-coder-14b-instruct,485,1,1822,136,True,
2025-08-29T17:51:54.032761,toxicity,qwen2.5-coder-14b-instruct,343,1,1393,109,True,
2025-08-29T17:51:55.506356,empathy,qwen2.5-coder-14b-instruct,477,1,1472,134,True,
2025-08-29T17:52:07.181550,generate,qwen2.5-coder-14b-instruct,2118,299,11673,528,True,
2025-08-29T17:52:08.966681,kindness,qwen2.5-coder-14b-instruct,605,1,1784,155,True,
2025-08-29T17:52:10.396392,toxicity,qwen2.5-coder-14b-instruct,463,1,1429,128,True,
2025-08-29T17:52:12.197065,empathy,qwen2.5-coder-14b-instruct,597,1,1800,153,True,
2025-08-29T17:52:25.717788,generate,qwen2.5-coder-14b-instruct,2180,370,13519,555,True,
2025-08-29T17:52:27.463622,kindness,qwen2.5-coder-14b-instruct,676,1,1745,167,True,
2025-08-29T17:52:28.991902,toxicity,qwen2.5-coder-14b-instruct,534,1,1527,140,True,
2025-08-29T17:52:30.732449,empathy,qwen2.5-coder-14b-instruct,668,1,1739,165,True,
2025-08-29T17:52:42.336708,generate,qwen2.5-coder-14b-instruct,838,341,11602,297,True,
2025-08-29T17:52:44.081243,kindness,qwen2.5-coder-14b-instruct,652,1,1743,166,True,
2025-08-29T17:52:45.581365,toxicity,qwen2.5-coder-14b-instruct,505,1,1499,135,True,
2025-08-29T17:52:47.303800,empathy,qwen2.5-coder-14b-instruct,644,1,1721,164,True,
2025-08-29T17:52:57.505407,generate,qwen2.5-coder-14b-instruct,1172,274,10200,341,True,
2025-08-29T17:52:59.301053,kindness,qwen2.5-coder-14b-instruct,585,1,1794,154,True,
2025-08-29T17:53:00.736055,toxicity,qwen2.5-coder-14b-instruct,438,1,1434,123,True,
2025-08-29T17:53:02.459149,empathy,qwen2.5-coder-14b-instruct,577,1,1722,152,True,
2025-08-29T17:53:12.736096,generate,qwen2.5-coder-14b-instruct,1450,289,10275,391,True,
2025-08-29T17:53:14.559446,kindness,qwen2.5-coder-14b-instruct,600,1,1822,154,True,
2025-08-29T17:53:15.994056,toxicity,qwen2.5-coder-14b-instruct,453,1,1434,123,True,
2025-08-29T17:53:17.702543,empathy,qwen2.5-coder-14b-instruct,592,1,1707,152,True,
2025-08-29T17:53:26.745616,generate,qwen2.5-coder-14b-instruct,1750,242,9041,441,True,
2025-08-29T17:53:28.494504,kindness,qwen2.5-coder-14b-instruct,553,1,1748,143,True,
2025-08-29T17:53:29.923471,toxicity,qwen2.5-coder-14b-instruct,406,1,1428,112,True,
2025-08-29T17:53:31.455713,empathy,qwen2.5-coder-14b-instruct,545,1,1531,141,True,
2025-08-29T17:53:42.722636,generate,qwen2.5-coder-14b-instruct,2012,297,11265,499,True,
2025-08-29T17:53:44.563542,kindness,qwen2.5-coder-14b-instruct,608,1,1840,157,True,
2025-08-29T17:53:45.995026,toxicity,qwen2.5-coder-14b-instruct,461,1,1430,126,True,
2025-08-29T17:53:47.707843,empathy,qwen2.5-coder-14b-instruct,600,1,1712,155,True,
2025-08-29T17:53:49.578988,bridge,qwen2.5-coder-14b-instruct,797,1,1870,191,True,
2025-08-29T17:54:00.871820,generate,qwen2.5-coder-14b-instruct,2311,297,11291,553,True,
2025-08-29T17:54:02.574856,kindness,qwen2.5-coder-14b-instruct,608,1,1702,157,True,
2025-08-29T17:54:04.023111,toxicity,qwen2.5-coder-14b-instruct,461,1,1447,126,True,
2025-08-29T17:54:05.763495,empathy,qwen2.5-coder-14b-instruct,600,1,1739,155,True,
2025-08-29T17:54:07.507895,bridge,qwen2.5-coder-14b-instruct,852,1,1743,205,True,
2025-08-29T17:54:17.870021,generate,qwen2.5-coder-14b-instruct,2278,310,10361,538,True,
2025-08-29T17:54:19.688962,kindness,qwen2.5-coder-14b-instruct,621,1,1818,151,True,
2025-08-29T17:54:21.123996,toxicity,qwen2.5-coder-14b-instruct,474,1,1434,120,True,
2025-08-29T17:54:22.552323,empathy,qwen2.5-coder-14b-instruct,613,1,1427,149,True,
2025-08-29T17:54:33.709184,generate,qwen2.5-coder-14b-instruct,2315,262,11155,543,True,
2025-08-29T17:54:35.458710,kindness,qwen2.5-coder-14b-instruct,573,1,1748,156,True,
2025-08-29T17:54:36.998007,toxicity,qwen2.5-coder-14b-instruct,426,1,1538,125,True,
2025-08-29T17:54:38.699974,empathy,qwen2.5-coder-14b-instruct,565,1,1701,154,True,
2025-08-29T17:54:50.104502,generate,qwen2.5-coder-14b-instruct,2284,297,11403,544,True,
2025-08-29T17:54:51.946304,kindness,qwen2.5-coder-14b-instruct,608,1,1841,157,True,
2025-08-29T17:54:53.483555,toxicity,qwen2.5-coder-14b-instruct,461,1,1536,126,True,
2025-08-29T17:54:55.222328,empathy,qwen2.5-coder-14b-instruct,600,1,1738,155,True,
2025-08-29T17:54:56.940092,bridge,qwen2.5-coder-14b-instruct,817,1,1717,203,True,
2025-08-29T17:55:11.125244,generate,qwen2.5-coder-14b-instruct,2344,403,14184,581,True,
2025-08-29T17:55:12.888054,kindness,qwen2.5-coder-14b-instruct,714,1,1762,175,True,
2025-08-29T17:55:14.371187,toxicity,qwen2.5-coder-14b-instruct,567,1,1482,144,True,
2025-08-29T17:55:16.116481,empathy,qwen2.5-coder-14b-instruct,706,1,1744,173,True,
2025-08-29T17:55:17.901500,bridge,qwen2.5-coder-14b-instruct,959,1,1784,223,True,
2025-08-29T17:55:27.536315,generate,qwen2.5-coder-14b-instruct,804,265,8586,270,True,
2025-08-29T17:55:29.323026,kindness,qwen2.5-coder-14b-instruct,560,1,1786,146,True,
2025-08-29T17:55:30.696993,toxicity,qwen2.5-coder-14b-instruct,429,1,1373,116,True,
2025-08-29T17:55:32.142500,empathy,qwen2.5-coder-14b-instruct,552,1,1444,144,True,
2025-08-29T17:55:41.920660,generate,qwen2.5-coder-14b-instruct,1061,283,9777,319,True,
2025-08-29T17:55:43.758073,kindness,qwen2.5-coder-14b-instruct,578,1,1836,150,True,
2025-08-29T17:55:45.193589,toxicity,qwen2.5-coder-14b-instruct,447,1,1434,120,True,
2025-08-29T17:55:46.635613,empathy,qwen2.5-coder-14b-instruct,570,1,1441,148,True,
2025-08-29T17:55:55.807646,generate,qwen2.5-coder-14b-instruct,1371,310,9171,367,True,
2025-08-29T17:55:57.513887,kindness,qwen2.5-coder-14b-instruct,605,1,1705,146,True,
2025-08-29T17:55:58.900623,toxicity,qwen2.5-coder-14b-instruct,474,1,1385,116,True,
2025-08-29T17:56:00.450858,empathy,qwen2.5-coder-14b-instruct,597,1,1549,144,True,
2025-08-29T17:56:10.285175,generate,qwen2.5-coder-14b-instruct,1674,298,9833,411,True,
2025-08-29T17:56:12.025895,kindness,qwen2.5-coder-14b-instruct,593,1,1740,149,True,
2025-08-29T17:56:13.458430,toxicity,qwen2.5-coder-14b-instruct,462,1,1431,119,True,
2025-08-29T17:56:14.891943,empathy,qwen2.5-coder-14b-instruct,585,1,1432,147,True,
2025-08-29T17:56:16.633338,bridge,qwen2.5-coder-14b-instruct,865,1,1740,187,True,
2025-08-29T17:56:28.647205,generate,qwen2.5-coder-14b-instruct,2008,344,12012,487,True,
2025-08-29T17:56:30.365208,kindness,qwen2.5-coder-14b-instruct,639,1,1717,161,True,
2025-08-29T17:56:31.804507,toxicity,qwen2.5-coder-14b-instruct,508,1,1438,131,True,
2025-08-29T17:56:33.514373,empathy,qwen2.5-coder-14b-instruct,631,1,1709,159,True,
2025-08-29T17:56:35.372510,bridge,qwen2.5-coder-14b-instruct,900,1,1857,203,True,
2025-08-29T17:56:43.224293,generate,qwen2.5-coder-14b-instruct,2358,214,7850,518,True,
2025-08-29T17:56:44.996212,kindness,qwen2.5-coder-14b-instruct,509,1,1771,134,True,
2025-08-29T17:56:46.435358,toxicity,qwen2.5-coder-14b-instruct,378,1,1438,104,True,
2025-08-29T17:56:47.874494,empathy,qwen2.5-coder-14b-instruct,501,1,1438,132,True,
2025-08-29T17:56:55.826039,generate,qwen2.5-coder-14b-instruct,2300,150,7950,500,True,
2025-08-29T17:56:57.529702,kindness,qwen2.5-coder-14b-instruct,445,1,1702,135,True,
2025-08-29T17:56:59.024557,toxicity,qwen2.5-coder-14b-instruct,314,1,1494,105,True,
2025-08-29T17:57:00.567350,empathy,qwen2.5-coder-14b-instruct,437,1,1542,133,True,
2025-08-29T17:57:11.850172,generate,qwen2.5-coder-14b-instruct,2173,250,11262,510,True,
2025-08-29T17:57:13.671165,kindness,qwen2.5-coder-14b-instruct,545,1,1820,156,True,
2025-08-29T17:57:15.206837,toxicity,qwen2.5-coder-14b-instruct,414,1,1535,126,True,
2025-08-29T17:57:16.896479,empathy,qwen2.5-coder-14b-instruct,537,1,1689,154,True,
2025-08-29T17:57:18.690243,bridge,qwen2.5-coder-14b-instruct,656,1,1793,183,True,
2025-08-29T17:57:31.706602,generate,qwen2.5-coder-14b-instruct,2115,319,13015,533,True,
2025-08-29T17:57:33.444994,kindness,qwen2.5-coder-14b-instruct,614,1,1737,167,True,
2025-08-29T17:57:34.972629,toxicity,qwen2.5-coder-14b-instruct,483,1,1527,137,True,
2025-08-29T17:57:36.674061,empathy,qwen2.5-coder-14b-instruct,606,1,1700,165,True,
2025-08-29T17:57:38.431994,bridge,qwen2.5-coder-14b-instruct,827,1,1757,216,True,
2025-08-29T17:57:49.102455,generate,qwen2.5-coder-14b-instruct,2138,275,10669,535,True,
2025-08-29T17:57:50.851631,kindness,qwen2.5-coder-14b-instruct,570,1,1748,152,True,
2025-08-29T17:57:52.279834,toxicity,qwen2.5-coder-14b-instruct,439,1,1427,122,True,
2025-08-29T17:57:53.650321,empathy,qwen2.5-coder-14b-instruct,562,1,1369,150,True,
2025-08-29T17:58:02.107821,generate,qwen2.5-coder-14b-instruct,831,264,8453,272,True,
2025-08-29T17:58:03.845773,kindness,qwen2.5-coder-14b-instruct,568,1,1737,141,True,
2025-08-29T17:58:05.222187,toxicity,qwen2.5-coder-14b-instruct,428,1,1375,115,True,
2025-08-29T17:58:06.713108,empathy,qwen2.5-coder-14b-instruct,560,1,1490,139,True,
2025-08-29T17:58:14.392610,generate,qwen2.5-coder-14b-instruct,1085,193,7678,302,True,
2025-08-29T17:58:15.934484,kindness,qwen2.5-coder-14b-instruct,497,1,1541,132,True,
2025-08-29T17:58:17.341049,toxicity,qwen2.5-coder-14b-instruct,357,1,1406,106,True,
2025-08-29T17:58:18.795278,empathy,qwen2.5-coder-14b-instruct,489,1,1453,130,True,
2025-08-29T17:58:27.687902,generate,qwen2.5-coder-14b-instruct,1301,214,8891,354,True,
2025-08-29T17:58:29.446464,kindness,qwen2.5-coder-14b-instruct,518,1,1757,140,True,
2025-08-29T17:58:30.879796,toxicity,qwen2.5-coder-14b-instruct,378,1,1432,114,True,
2025-08-29T17:58:32.360442,empathy,qwen2.5-coder-14b-instruct,510,1,1480,138,True,
2025-08-29T17:58:34.159820,bridge,qwen2.5-coder-14b-instruct,665,1,1798,172,True,
2025-08-29T17:58:43.993101,generate,qwen2.5-coder-14b-instruct,1543,317,9832,415,True,
2025-08-29T17:58:45.733850,kindness,qwen2.5-coder-14b-instruct,621,1,1740,145,True,
2025-08-29T17:58:47.154520,toxicity,qwen2.5-coder-14b-instruct,481,1,1420,119,True,
2025-08-29T17:58:48.706220,empathy,qwen2.5-coder-14b-instruct,613,1,1550,143,True,
2025-08-29T17:58:50.442147,bridge,qwen2.5-coder-14b-instruct,788,1,1735,185,True,
2025-08-29T17:58:58.736705,generate,qwen2.5-coder-14b-instruct,1854,223,8293,450,True,
2025-08-29T17:59:00.169080,kindness,qwen2.5-coder-14b-instruct,527,1,1431,133,True,
2025-08-29T17:59:01.605025,toxicity,qwen2.5-coder-14b-instruct,387,1,1435,107,True,
2025-08-29T17:59:03.043893,empathy,qwen2.5-coder-14b-instruct,519,1,1438,131,True,
2025-08-29T17:59:14.896759,generate,qwen2.5-coder-14b-instruct,2091,367,11851,501,True,
2025-08-29T17:59:16.611584,kindness,qwen2.5-coder-14b-instruct,671,1,1714,156,True,
2025-08-29T17:59:18.045146,toxicity,qwen2.5-coder-14b-instruct,531,1,1432,130,True,
2025-08-29T17:59:19.832365,empathy,qwen2.5-coder-14b-instruct,663,1,1786,154,True,
2025-08-29T17:59:30.484388,generate,qwen2.5-coder-14b-instruct,2174,272,10650,499,True,
2025-08-29T17:59:32.196269,kindness,qwen2.5-coder-14b-instruct,576,1,1711,148,True,
2025-08-29T17:59:33.656312,toxicity,qwen2.5-coder-14b-instruct,436,1,1459,122,True,
2025-08-29T17:59:35.125627,empathy,qwen2.5-coder-14b-instruct,568,1,1468,146,True,
2025-08-29T17:59:46.557677,generate,qwen2.5-coder-14b-instruct,2255,308,11430,528,True,
2025-08-29T17:59:48.296522,kindness,qwen2.5-coder-14b-instruct,612,1,1738,152,True,
2025-08-29T17:59:49.730957,toxicity,qwen2.5-coder-14b-instruct,472,1,1433,126,True,
2025-08-29T17:59:51.167608,empathy,qwen2.5-coder-14b-instruct,604,1,1436,150,True,
2025-08-29T18:00:03.763790,generate,qwen2.5-coder-14b-instruct,2358,345,12595,546,True,
2025-08-29T18:00:05.504238,kindness,qwen2.5-coder-14b-instruct,649,1,1739,160,True,
2025-08-29T18:00:07.039228,toxicity,qwen2.5-coder-14b-instruct,509,1,1534,134,True,
2025-08-29T18:00:08.761511,empathy,qwen2.5-coder-14b-instruct,641,1,1721,158,True,
2025-08-29T18:00:10.521509,bridge,qwen2.5-coder-14b-instruct,911,1,1759,213,True,
2025-08-29T18:00:18.608066,generate,qwen2.5-coder-14b-instruct,2382,209,8085,535,True,
2025-08-29T18:00:20.068977,kindness,qwen2.5-coder-14b-instruct,513,1,1460,131,True,
2025-08-29T18:00:21.474649,toxicity,qwen2.5-coder-14b-instruct,373,1,1405,105,True,
2025-08-29T18:00:22.924240,empathy,qwen2.5-coder-14b-instruct,505,1,1449,129,True,
2025-08-29T18:00:32.111624,generate,qwen2.5-coder-14b-instruct,830,216,8145,270,True,
2025-08-29T18:00:33.836510,kindness,qwen2.5-coder-14b-instruct,520,1,1724,139,True,
2025-08-29T18:00:35.302029,toxicity,qwen2.5-coder-14b-instruct,380,1,1465,113,True,
2025-08-29T18:00:36.837555,empathy,qwen2.5-coder-14b-instruct,512,1,1535,137,True,
2025-08-29T18:00:49.333009,generate,qwen2.5-coder-14b-instruct,1015,328,12494,324,True,
2025-08-29T18:00:51.069018,kindness,qwen2.5-coder-14b-instruct,632,1,1735,166,True,
2025-08-29T18:00:52.609854,toxicity,qwen2.5-coder-14b-instruct,492,1,1540,140,True,
2025-08-29T18:00:54.349123,empathy,qwen2.5-coder-14b-instruct,624,1,1738,164,True,
2025-08-29T18:00:56.193222,bridge,qwen2.5-coder-14b-instruct,802,1,1843,206,True,
2025-08-29T18:01:07.792148,generate,qwen2.5-coder-14b-instruct,1380,344,11598,398,True,
2025-08-29T18:01:09.709784,kindness,qwen2.5-coder-14b-instruct,648,1,1917,157,True,
2025-08-29T18:01:11.245940,toxicity,qwen2.5-coder-14b-instruct,508,1,1535,131,True,
2025-08-29T18:01:12.983430,empathy,qwen2.5-coder-14b-instruct,640,1,1736,155,True,
2025-08-29T18:01:25.066334,generate,qwen2.5-coder-14b-instruct,1731,311,12081,464,True,
2025-08-29T18:01:26.777385,kindness,qwen2.5-coder-14b-instruct,615,1,1710,157,True,
2025-08-29T18:01:28.239003,toxicity,qwen2.5-coder-14b-instruct,475,1,1461,131,True,
2025-08-29T18:01:29.978100,empathy,qwen2.5-coder-14b-instruct,607,1,1738,155,True,
2025-08-29T18:01:41.646462,generate,qwen2.5-coder-14b-instruct,2058,274,11667,517,True,
2025-08-29T18:01:43.381765,kindness,qwen2.5-coder-14b-instruct,578,1,1734,154,True,
2025-08-29T18:01:44.917824,toxicity,qwen2.5-coder-14b-instruct,438,1,1535,128,True,
2025-08-29T18:01:46.659810,empathy,qwen2.5-coder-14b-instruct,570,1,1741,152,True,
2025-08-29T18:01:57.872047,generate,qwen2.5-coder-14b-instruct,2357,268,11211,584,True,
2025-08-29T18:01:59.664284,kindness,qwen2.5-coder-14b-instruct,572,1,1791,142,True,
2025-08-29T18:02:01.097215,toxicity,qwen2.5-coder-14b-instruct,432,1,1432,116,True,
2025-08-29T18:02:02.633935,empathy,qwen2.5-coder-14b-instruct,564,1,1536,140,True,
2025-08-29T18:02:14.546639,generate,qwen2.5-coder-14b-instruct,2424,331,11911,598,True,
2025-08-29T18:02:16.351702,kindness,qwen2.5-coder-14b-instruct,635,1,1804,149,True,
2025-08-29T18:02:17.789495,toxicity,qwen2.5-coder-14b-instruct,495,1,1437,123,True,
2025-08-29T18:02:19.324988,empathy,qwen2.5-coder-14b-instruct,627,1,1534,147,True,
2025-08-29T18:02:31.919309,generate,qwen2.5-coder-14b-instruct,2396,323,12593,565,True,
2025-08-29T18:02:33.648134,kindness,qwen2.5-coder-14b-instruct,627,1,1728,160,True,
2025-08-29T18:02:35.102049,toxicity,qwen2.5-coder-14b-instruct,487,1,1453,134,True,
2025-08-29T18:02:36.807146,empathy,qwen2.5-coder-14b-instruct,619,1,1704,158,True,
2025-08-29T18:02:38.571947,bridge,qwen2.5-coder-14b-instruct,911,1,1764,209,True,
2025-08-29T18:02:48.936623,generate,qwen2.5-coder-14b-instruct,2375,231,10363,560,True,
2025-08-29T18:02:50.671202,kindness,qwen2.5-coder-14b-instruct,535,1,1733,146,True,
2025-08-29T18:02:52.193667,toxicity,qwen2.5-coder-14b-instruct,395,1,1522,120,True,
2025-08-29T18:02:53.656202,empathy,qwen2.5-coder-14b-instruct,527,1,1462,144,True,
2025-08-29T18:02:55.473337,bridge,qwen2.5-coder-14b-instruct,810,1,1816,206,True,
2025-08-29T18:03:04.479631,generate,qwen2.5-coder-14b-instruct,2306,228,9005,547,True,
2025-08-29T18:03:06.224700,kindness,qwen2.5-coder-14b-instruct,532,1,1744,137,True,
2025-08-29T18:03:07.624983,toxicity,qwen2.5-coder-14b-instruct,392,1,1399,111,True,
2025-08-29T18:03:09.195675,empathy,qwen2.5-coder-14b-instruct,524,1,1570,135,True,
2025-08-29T18:03:18.500236,generate,qwen2.5-coder-14b-instruct,824,241,9302,288,True,
2025-08-29T18:03:20.356184,kindness,qwen2.5-coder-14b-instruct,545,1,1855,153,True,
2025-08-29T18:03:21.789828,toxicity,qwen2.5-coder-14b-instruct,405,1,1433,120,True,
2025-08-29T18:03:23.496830,empathy,qwen2.5-coder-14b-instruct,537,1,1706,151,True,
2025-08-29T18:03:34.973582,generate,qwen2.5-coder-14b-instruct,1066,311,11475,352,True,
2025-08-29T18:03:36.748417,kindness,qwen2.5-coder-14b-instruct,615,1,1774,164,True,
2025-08-29T18:03:38.276338,toxicity,qwen2.5-coder-14b-instruct,475,1,1527,131,True,
2025-08-29T18:03:40.017353,empathy,qwen2.5-coder-14b-instruct,607,1,1740,162,True,
2025-08-29T18:03:50.355254,generate,qwen2.5-coder-14b-instruct,1386,268,10336,397,True,
2025-08-29T18:03:52.096098,kindness,qwen2.5-coder-14b-instruct,572,1,1740,156,True,
2025-08-29T18:03:53.507348,toxicity,qwen2.5-coder-14b-instruct,432,1,1410,123,True,
2025-08-29T18:03:55.273879,empathy,qwen2.5-coder-14b-instruct,564,1,1766,154,True,
2025-08-29T18:03:57.114389,bridge,qwen2.5-coder-14b-instruct,838,1,1840,207,True,
2025-08-29T18:04:10.123301,generate,qwen2.5-coder-14b-instruct,1681,340,13007,482,True,
2025-08-29T18:04:11.965522,kindness,qwen2.5-coder-14b-instruct,644,1,1841,170,True,
2025-08-29T18:04:13.440626,toxicity,qwen2.5-coder-14b-instruct,504,1,1474,137,True,
2025-08-29T18:04:15.242449,empathy,qwen2.5-coder-14b-instruct,636,1,1801,168,True,
2025-08-29T18:04:29.988644,generate,qwen2.5-coder-14b-instruct,1997,359,14745,533,True,
2025-08-29T18:04:31.717028,kindness,qwen2.5-coder-14b-instruct,663,1,1727,180,True,
2025-08-29T18:04:33.142431,toxicity,qwen2.5-coder-14b-instruct,523,1,1424,147,True,
2025-08-29T18:04:34.867019,empathy,qwen2.5-coder-14b-instruct,655,1,1724,178,True,
2025-08-29T18:04:46.372887,generate,qwen2.5-coder-14b-instruct,2386,306,11504,599,True,
2025-08-29T18:04:48.104011,kindness,qwen2.5-coder-14b-instruct,610,1,1730,153,True,
2025-08-29T18:04:49.545868,toxicity,qwen2.5-coder-14b-instruct,470,1,1441,120,True,
2025-08-29T18:04:51.290538,empathy,qwen2.5-coder-14b-instruct,602,1,1744,151,True,
2025-08-29T18:05:04.203083,generate,qwen2.5-coder-14b-instruct,2452,329,12911,605,True,
2025-08-29T18:05:05.928346,kindness,qwen2.5-coder-14b-instruct,633,1,1724,162,True,
2025-08-29T18:05:07.391101,toxicity,qwen2.5-coder-14b-instruct,493,1,1462,129,True,
2025-08-29T18:05:09.210624,empathy,qwen2.5-coder-14b-instruct,625,1,1818,160,True,
2025-08-29T18:05:25.742897,generate,qwen2.5-coder-14b-instruct,2463,337,16530,619,True,
2025-08-29T18:05:27.501266,kindness,qwen2.5-coder-14b-instruct,641,1,1757,182,True,
2025-08-29T18:05:28.936095,toxicity,qwen2.5-coder-14b-instruct,501,1,1434,149,True,
2025-08-29T18:05:30.631800,empathy,qwen2.5-coder-14b-instruct,633,1,1695,180,True,
2025-08-29T18:05:32.453895,bridge,qwen2.5-coder-14b-instruct,923,1,1821,230,True,
2025-08-29T18:05:45.767401,generate,qwen2.5-coder-14b-instruct,2545,380,13312,635,True,
2025-08-29T18:05:47.504964,kindness,qwen2.5-coder-14b-instruct,684,1,1736,164,True,
2025-08-29T18:05:49.043668,toxicity,qwen2.5-coder-14b-instruct,544,1,1538,131,True,
2025-08-29T18:05:50.886617,empathy,qwen2.5-coder-14b-instruct,676,1,1842,162,True,
2025-08-29T18:05:52.727336,bridge,qwen2.5-coder-14b-instruct,974,1,1840,232,True,
2025-08-29T18:06:07.241405,generate,qwen2.5-coder-14b-instruct,2585,353,14512,637,True,
2025-08-29T18:06:09.012048,kindness,qwen2.5-coder-14b-instruct,657,1,1769,172,True,
2025-08-29T18:06:10.447887,toxicity,qwen2.5-coder-14b-instruct,517,1,1435,139,True,
2025-08-29T18:06:12.288518,empathy,qwen2.5-coder-14b-instruct,649,1,1840,170,True,
2025-08-29T18:06:14.084869,bridge,qwen2.5-coder-14b-instruct,990,1,1795,222,True,
2025-08-29T18:06:23.259278,generate,qwen2.5-coder-14b-instruct,820,222,8153,263,True,
2025-08-29T18:06:25.088413,kindness,qwen2.5-coder-14b-instruct,533,1,1828,144,True,
2025-08-29T18:06:26.511708,toxicity,qwen2.5-coder-14b-instruct,386,1,1422,113,True,
2025-08-29T18:06:27.977386,empathy,qwen2.5-coder-14b-instruct,525,1,1465,142,True,
2025-08-29T18:06:36.020865,generate,qwen2.5-coder-14b-instruct,1047,211,8042,311,True,
2025-08-29T18:06:37.710681,kindness,qwen2.5-coder-14b-instruct,522,1,1689,140,True,
2025-08-29T18:06:39.106712,toxicity,qwen2.5-coder-14b-instruct,375,1,1395,109,True,
2025-08-29T18:06:40.579712,empathy,qwen2.5-coder-14b-instruct,514,1,1472,138,True,
2025-08-29T18:06:42.292563,bridge,qwen2.5-coder-14b-instruct,691,1,1712,176,True,
2025-08-29T18:06:50.280899,generate,qwen2.5-coder-14b-instruct,1260,157,7987,347,True,
2025-08-29T18:06:52.020597,kindness,qwen2.5-coder-14b-instruct,468,1,1739,139,True,
2025-08-29T18:06:53.421366,toxicity,qwen2.5-coder-14b-instruct,321,1,1400,108,True,
2025-08-29T18:06:54.879319,empathy,qwen2.5-coder-14b-instruct,460,1,1457,137,True,
2025-08-29T18:06:56.628951,bridge,qwen2.5-coder-14b-instruct,626,1,1749,170,True,
2025-08-29T18:07:10.408175,generate,qwen2.5-coder-14b-instruct,1439,368,13777,421,True,
2025-08-29T18:07:12.194433,kindness,qwen2.5-coder-14b-instruct,679,1,1785,176,True,
2025-08-29T18:07:13.639755,toxicity,qwen2.5-coder-14b-instruct,532,1,1444,145,True,
2025-08-29T18:07:15.474665,empathy,qwen2.5-coder-14b-instruct,671,1,1834,174,True,
2025-08-29T18:07:28.069256,generate,qwen2.5-coder-14b-instruct,1824,303,12593,498,True,
2025-08-29T18:07:29.788808,kindness,qwen2.5-coder-14b-instruct,614,1,1719,165,True,
2025-08-29T18:07:31.238105,toxicity,qwen2.5-coder-14b-instruct,467,1,1448,134,True,
2025-08-29T18:07:32.978877,empathy,qwen2.5-coder-14b-instruct,606,1,1740,163,True,
2025-08-29T18:07:44.864363,generate,qwen2.5-coder-14b-instruct,2170,348,11884,572,True,
2025-08-29T18:07:46.703512,kindness,qwen2.5-coder-14b-instruct,659,1,1838,157,True,
2025-08-29T18:07:48.141627,toxicity,qwen2.5-coder-14b-instruct,512,1,1437,126,True,
2025-08-29T18:07:49.837740,empathy,qwen2.5-coder-14b-instruct,651,1,1695,155,True,
2025-08-29T18:08:03.709258,generate,qwen2.5-coder-14b-instruct,2283,296,13870,591,True,
2025-08-29T18:08:05.443108,kindness,qwen2.5-coder-14b-instruct,607,1,1733,165,True,
2025-08-29T18:08:06.875490,toxicity,qwen2.5-coder-14b-instruct,460,1,1431,134,True,
2025-08-29T18:08:08.618464,empathy,qwen2.5-coder-14b-instruct,599,1,1742,163,True,
2025-08-29T18:08:10.400844,bridge,qwen2.5-coder-14b-instruct,901,1,1781,212,True,
2025-08-29T18:08:22.134760,generate,qwen2.5-coder-14b-instruct,2382,291,11732,603,True,
2025-08-29T18:08:23.851350,kindness,qwen2.5-coder-14b-instruct,602,1,1716,152,True,
2025-08-29T18:08:25.310255,toxicity,qwen2.5-coder-14b-instruct,455,1,1458,121,True,
2025-08-29T18:08:26.741581,empathy,qwen2.5-coder-14b-instruct,594,1,1430,150,True,
2025-08-29T18:08:38.903469,generate,qwen2.5-coder-14b-instruct,2515,288,12160,621,True,
2025-08-29T18:08:40.620553,kindness,qwen2.5-coder-14b-instruct,599,1,1716,155,True,
2025-08-29T18:08:42.101424,toxicity,qwen2.5-coder-14b-instruct,452,1,1480,124,True,
2025-08-29T18:08:43.803920,empathy,qwen2.5-coder-14b-instruct,591,1,1702,153,True,
2025-08-29T18:09:00.127020,generate,qwen2.5-coder-14b-instruct,2416,342,16322,611,True,
2025-08-29T18:09:01.869941,kindness,qwen2.5-coder-14b-instruct,653,1,1742,180,True,
2025-08-29T18:09:03.314644,toxicity,qwen2.5-coder-14b-instruct,506,1,1444,149,True,
2025-08-29T18:09:05.041895,empathy,qwen2.5-coder-14b-instruct,645,1,1726,178,True,
2025-08-29T18:09:06.827806,bridge,qwen2.5-coder-14b-instruct,887,1,1785,225,True,
2025-08-29T18:09:16.711943,generate,qwen2.5-coder-14b-instruct,861,324,9860,299,True,
2025-08-29T18:09:18.457707,kindness,qwen2.5-coder-14b-instruct,640,1,1745,156,True,
2025-08-29T18:09:19.992429,toxicity,qwen2.5-coder-14b-instruct,488,1,1534,123,True,
2025-08-29T18:09:21.730781,empathy,qwen2.5-coder-14b-instruct,632,1,1737,154,True,
2025-08-29T18:09:31.256924,generate,qwen2.5-coder-14b-instruct,1149,255,9525,328,True,
2025-08-29T18:09:33.000192,kindness,qwen2.5-coder-14b-instruct,571,1,1742,151,True,
2025-08-29T18:09:34.383396,toxicity,qwen2.5-coder-14b-instruct,419,1,1382,118,True,
2025-08-29T18:09:35.808391,empathy,qwen2.5-coder-14b-instruct,563,1,1424,149,True,
2025-08-29T18:09:47.126422,generate,qwen2.5-coder-14b-instruct,1442,321,11317,406,True,
2025-08-29T18:09:48.809249,kindness,qwen2.5-coder-14b-instruct,637,1,1682,162,True,
2025-08-29T18:09:50.303505,toxicity,qwen2.5-coder-14b-instruct,485,1,1493,129,True,
2025-08-29T18:09:52.041506,empathy,qwen2.5-coder-14b-instruct,629,1,1737,160,True,
2025-08-29T18:10:03.247204,generate,qwen2.5-coder-14b-instruct,1768,307,11204,459,True,
2025-08-29T18:10:05.050207,kindness,qwen2.5-coder-14b-instruct,623,1,1802,159,True,
2025-08-29T18:10:06.582462,toxicity,qwen2.5-coder-14b-instruct,471,1,1531,126,True,
2025-08-29T18:10:08.310207,empathy,qwen2.5-coder-14b-instruct,615,1,1727,157,True,
2025-08-29T18:10:10.068635,bridge,qwen2.5-coder-14b-instruct,886,1,1757,208,True,
2025-08-29T18:10:21.228895,generate,qwen2.5-coder-14b-instruct,2098,287,11159,520,True,
2025-08-29T18:10:22.955255,kindness,qwen2.5-coder-14b-instruct,603,1,1725,159,True,
2025-08-29T18:10:24.383789,toxicity,qwen2.5-coder-14b-instruct,451,1,1428,126,True,
2025-08-29T18:10:26.144435,empathy,qwen2.5-coder-14b-instruct,595,1,1760,157,True,
2025-08-29T18:10:36.179913,generate,qwen2.5-coder-14b-instruct,2385,201,10034,559,True,
2025-08-29T18:10:37.904545,kindness,qwen2.5-coder-14b-instruct,517,1,1724,147,True,
2025-08-29T18:10:39.354827,toxicity,qwen2.5-coder-14b-instruct,365,1,1449,114,True,
2025-08-29T18:10:40.890875,empathy,qwen2.5-coder-14b-instruct,509,1,1535,145,True,
2025-08-29T18:10:51.521600,generate,qwen2.5-coder-14b-instruct,2285,245,10629,573,True,
2025-08-29T18:10:53.223801,kindness,qwen2.5-coder-14b-instruct,561,1,1701,148,True,
2025-08-29T18:10:54.706248,toxicity,qwen2.5-coder-14b-instruct,409,1,1481,115,True,
2025-08-29T18:10:56.254181,empathy,qwen2.5-coder-14b-instruct,553,1,1547,146,True,
2025-08-29T18:11:09.973864,generate,qwen2.5-coder-14b-instruct,2245,295,13718,560,True,
2025-08-29T18:11:11.817055,kindness,qwen2.5-coder-14b-instruct,611,1,1842,175,True,
2025-08-29T18:11:13.283400,toxicity,qwen2.5-coder-14b-instruct,459,1,1465,142,True,
2025-08-29T18:11:15.093331,empathy,qwen2.5-coder-14b-instruct,603,1,1809,173,True,
2025-08-29T18:11:29.428538,generate,qwen2.5-coder-14b-instruct,2241,288,14333,598,True,
2025-08-29T18:11:31.277303,kindness,qwen2.5-coder-14b-instruct,604,1,1848,170,True,
2025-08-29T18:11:32.738609,toxicity,qwen2.5-coder-14b-instruct,452,1,1460,137,True,
2025-08-29T18:11:34.466820,empathy,qwen2.5-coder-14b-instruct,596,1,1727,168,True,
2025-08-29T18:11:46.845701,generate,qwen2.5-coder-14b-instruct,2213,325,12377,580,True,
2025-08-29T18:11:48.578864,kindness,qwen2.5-coder-14b-instruct,641,1,1732,160,True,
2025-08-29T18:11:50.118044,toxicity,qwen2.5-coder-14b-instruct,489,1,1538,127,True,
2025-08-29T18:11:51.854058,empathy,qwen2.5-coder-14b-instruct,633,1,1735,158,True,
2025-08-29T18:11:53.607909,bridge,qwen2.5-coder-14b-instruct,871,1,1753,217,True,
2025-08-29T18:12:00.904989,generate,qwen2.5-coder-14b-instruct,830,148,6249,258,True,
2025-08-29T18:12:02.403445,kindness,qwen2.5-coder-14b-instruct,460,1,1497,130,True,
2025-08-29T18:12:03.782079,toxicity,qwen2.5-coder-14b-instruct,312,1,1378,101,True,
2025-08-29T18:12:05.270599,empathy,qwen2.5-coder-14b-instruct,452,1,1487,128,True,
2025-08-29T18:12:13.666599,generate,qwen2.5-coder-14b-instruct,962,239,8394,301,True,
2025-08-29T18:12:15.409173,kindness,qwen2.5-coder-14b-instruct,551,1,1741,143,True,
2025-08-29T18:12:16.841630,toxicity,qwen2.5-coder-14b-instruct,403,1,1431,114,True,
2025-08-29T18:12:18.303160,empathy,qwen2.5-coder-14b-instruct,543,1,1460,141,True,
2025-08-29T18:12:20.008160,bridge,qwen2.5-coder-14b-instruct,644,1,1704,168,True,
2025-08-29T18:12:29.949919,generate,qwen2.5-coder-14b-instruct,1227,237,9940,358,True,
2025-08-29T18:12:31.793020,kindness,qwen2.5-coder-14b-instruct,549,1,1842,150,True,
2025-08-29T18:12:33.229076,toxicity,qwen2.5-coder-14b-instruct,401,1,1435,121,True,
2025-08-29T18:12:34.762647,empathy,qwen2.5-coder-14b-instruct,541,1,1532,148,True,
2025-08-29T18:12:44.041932,generate,qwen2.5-coder-14b-instruct,1493,241,9278,416,True,
2025-08-29T18:12:45.818810,kindness,qwen2.5-coder-14b-instruct,553,1,1776,145,True,
2025-08-29T18:12:47.216826,toxicity,qwen2.5-coder-14b-instruct,405,1,1397,116,True,
2025-08-29T18:12:48.792310,empathy,qwen2.5-coder-14b-instruct,545,1,1574,143,True,
2025-08-29T18:12:50.534730,bridge,qwen2.5-coder-14b-instruct,735,1,1741,189,True,
2025-08-29T18:13:00.364006,generate,qwen2.5-coder-14b-instruct,1722,232,9827,446,True,
2025-08-29T18:13:02.101506,kindness,qwen2.5-coder-14b-instruct,544,1,1736,147,True,
2025-08-29T18:13:03.487643,toxicity,qwen2.5-coder-14b-instruct,396,1,1385,118,True,
2025-08-29T18:13:04.927958,empathy,qwen2.5-coder-14b-instruct,536,1,1439,145,True,
2025-08-29T18:13:06.711930,bridge,qwen2.5-coder-14b-instruct,731,1,1783,186,True,
2025-08-29T18:13:19.205668,generate,qwen2.5-coder-14b-instruct,1982,355,12492,519,True,
2025-08-29T18:13:20.945724,kindness,qwen2.5-coder-14b-instruct,667,1,1739,162,True,
2025-08-29T18:13:22.481120,toxicity,qwen2.5-coder-14b-instruct,519,1,1534,133,True,
2025-08-29T18:13:24.193743,empathy,qwen2.5-coder-14b-instruct,659,1,1711,160,True,
2025-08-29T18:13:25.964526,bridge,qwen2.5-coder-14b-instruct,844,1,1770,203,True,
2025-08-29T18:13:37.774262,generate,qwen2.5-coder-14b-instruct,2202,283,11808,566,True,
2025-08-29T18:13:39.580628,kindness,qwen2.5-coder-14b-instruct,595,1,1805,158,True,
2025-08-29T18:13:41.032932,toxicity,qwen2.5-coder-14b-instruct,447,1,1451,129,True,
2025-08-29T18:13:42.727538,empathy,qwen2.5-coder-14b-instruct,587,1,1693,156,True,
2025-08-29T18:13:52.517524,generate,qwen2.5-coder-14b-instruct,2226,243,9788,553,True,
2025-08-29T18:13:54.243662,kindness,qwen2.5-coder-14b-instruct,555,1,1725,146,True,
2025-08-29T18:13:55.661273,toxicity,qwen2.5-coder-14b-instruct,407,1,1416,117,True,
2025-08-29T18:13:57.112308,empathy,qwen2.5-coder-14b-instruct,547,1,1450,144,True,
2025-08-29T18:13:58.934865,bridge,qwen2.5-coder-14b-instruct,782,1,1821,198,True,
2025-08-29T18:14:09.584407,generate,qwen2.5-coder-14b-instruct,2244,264,10648,560,True,
2025-08-29T18:14:11.328043,kindness,qwen2.5-coder-14b-instruct,576,1,1743,151,True,
2025-08-29T18:14:12.759617,toxicity,qwen2.5-coder-14b-instruct,428,1,1431,122,True,
2025-08-29T18:14:14.216974,empathy,qwen2.5-coder-14b-instruct,568,1,1456,149,True,
2025-08-29T18:14:25.705733,generate,qwen2.5-coder-14b-instruct,2260,242,11487,570,True,
2025-08-29T18:14:27.430484,kindness,qwen2.5-coder-14b-instruct,554,1,1724,155,True,
2025-08-29T18:14:28.863937,toxicity,qwen2.5-coder-14b-instruct,406,1,1433,126,True,
2025-08-29T18:14:30.554011,empathy,qwen2.5-coder-14b-instruct,546,1,1689,153,True,
2025-08-29T18:14:32.423505,bridge,qwen2.5-coder-14b-instruct,764,1,1868,201,True,
2025-08-29T18:14:43.460177,generate,qwen2.5-coder-14b-instruct,854,334,11000,303,True,
2025-08-29T18:14:45.223226,kindness,qwen2.5-coder-14b-instruct,645,1,1762,162,True,
2025-08-29T18:14:46.666978,toxicity,qwen2.5-coder-14b-instruct,498,1,1443,131,True,
2025-08-29T18:14:48.373727,empathy,qwen2.5-coder-14b-instruct,637,1,1706,160,True,
2025-08-29T18:15:03.049733,generate,qwen2.5-coder-14b-instruct,1178,368,14674,387,True,
2025-08-29T18:15:04.794641,kindness,qwen2.5-coder-14b-instruct,679,1,1744,182,True,
2025-08-29T18:15:06.519417,toxicity,qwen2.5-coder-14b-instruct,532,1,1724,151,True,
2025-08-29T18:15:08.271186,empathy,qwen2.5-coder-14b-instruct,671,1,1751,180,True,
2025-08-29T18:15:10.106274,bridge,qwen2.5-coder-14b-instruct,960,1,1834,235,True,
2025-08-29T18:15:20.856988,generate,qwen2.5-coder-14b-instruct,1564,316,10749,441,True,
2025-08-29T18:15:22.580498,kindness,qwen2.5-coder-14b-instruct,627,1,1722,156,True,
2025-08-29T18:15:24.034697,toxicity,qwen2.5-coder-14b-instruct,480,1,1453,125,True,
2025-08-29T18:15:25.724415,empathy,qwen2.5-coder-14b-instruct,619,1,1689,154,True,
2025-08-29T18:15:37.276491,generate,qwen2.5-coder-14b-instruct,1889,244,11550,505,True,
2025-08-29T18:15:39.087413,kindness,qwen2.5-coder-14b-instruct,555,1,1810,159,True,
2025-08-29T18:15:40.623214,toxicity,qwen2.5-coder-14b-instruct,408,1,1535,128,True,
2025-08-29T18:15:42.312482,empathy,qwen2.5-coder-14b-instruct,547,1,1688,157,True,
2025-08-29T18:15:44.075311,bridge,qwen2.5-coder-14b-instruct,817,1,1762,205,True,
2025-08-29T18:15:55.470963,generate,qwen2.5-coder-14b-instruct,2138,351,11394,546,True,
2025-08-29T18:15:57.210768,kindness,qwen2.5-coder-14b-instruct,662,1,1739,157,True,
2025-08-29T18:15:58.645066,toxicity,qwen2.5-coder-14b-instruct,515,1,1433,126,True,
2025-08-29T18:16:00.386292,empathy,qwen2.5-coder-14b-instruct,654,1,1740,155,True,
2025-08-29T18:16:12.265329,generate,qwen2.5-coder-14b-instruct,2498,287,11877,609,True,
2025-08-29T18:16:14.109164,kindness,qwen2.5-coder-14b-instruct,598,1,1843,153,True,
2025-08-29T18:16:15.542457,toxicity,qwen2.5-coder-14b-instruct,451,1,1432,122,True,
2025-08-29T18:16:17.244372,empathy,qwen2.5-coder-14b-instruct,590,1,1701,151,True,
2025-08-29T18:16:26.845240,generate,qwen2.5-coder-14b-instruct,2437,207,9599,571,True,
2025-08-29T18:16:28.553155,kindness,qwen2.5-coder-14b-instruct,518,1,1707,137,True,
2025-08-29T18:16:29.982264,toxicity,qwen2.5-coder-14b-instruct,371,1,1428,106,True,
2025-08-29T18:16:31.514983,empathy,qwen2.5-coder-14b-instruct,510,1,1532,135,True,
2025-08-29T18:16:42.167467,generate,qwen2.5-coder-14b-instruct,2296,269,10651,558,True,
2025-08-29T18:16:44.009710,kindness,qwen2.5-coder-14b-instruct,580,1,1841,152,True,
2025-08-29T18:16:45.443295,toxicity,qwen2.5-coder-14b-instruct,433,1,1433,121,True,
2025-08-29T18:16:46.815485,empathy,qwen2.5-coder-14b-instruct,572,1,1371,150,True,
2025-08-29T18:16:55.653533,generate,qwen2.5-coder-14b-instruct,2236,214,8836,534,True,
2025-08-29T18:16:57.381786,kindness,qwen2.5-coder-14b-instruct,525,1,1727,141,True,
2025-08-29T18:16:58.785780,toxicity,qwen2.5-coder-14b-instruct,378,1,1403,110,True,
2025-08-29T18:17:00.292071,empathy,qwen2.5-coder-14b-instruct,517,1,1505,139,True,
2025-08-29T18:17:02.132128,bridge,qwen2.5-coder-14b-instruct,741,1,1839,184,True,
2025-08-29T18:17:11.339240,generate,qwen2.5-coder-14b-instruct,2212,234,9206,519,True,
2025-08-29T18:17:13.067975,kindness,qwen2.5-coder-14b-instruct,545,1,1728,144,True,
2025-08-29T18:17:14.452965,toxicity,qwen2.5-coder-14b-instruct,398,1,1384,113,True,
2025-08-29T18:17:15.956290,empathy,qwen2.5-coder-14b-instruct,537,1,1502,142,True,
2025-08-29T18:17:26.078285,generate,qwen2.5-coder-14b-instruct,767,240,9107,260,True,
2025-08-29T18:17:27.800899,kindness,qwen2.5-coder-14b-instruct,481,1,1722,136,True,
2025-08-29T18:17:29.214541,toxicity,qwen2.5-coder-14b-instruct,404,1,1413,120,True,
2025-08-29T18:17:30.826776,empathy,qwen2.5-coder-14b-instruct,473,1,1611,134,True,
2025-08-29T18:17:39.066796,generate,qwen2.5-coder-14b-instruct,978,182,8238,294,True,
2025-08-29T18:17:40.533282,kindness,qwen2.5-coder-14b-instruct,423,1,1465,129,True,
2025-08-29T18:17:41.945893,toxicity,qwen2.5-coder-14b-instruct,346,1,1412,113,True,
2025-08-29T18:17:43.389602,empathy,qwen2.5-coder-14b-instruct,415,1,1443,127,True,
2025-08-29T18:17:53.743310,generate,qwen2.5-coder-14b-instruct,1208,254,10352,374,True,
2025-08-29T18:17:55.487549,kindness,qwen2.5-coder-14b-instruct,495,1,1743,139,True,
2025-08-29T18:17:56.908049,toxicity,qwen2.5-coder-14b-instruct,418,1,1419,123,True,
2025-08-29T18:17:58.372628,empathy,qwen2.5-coder-14b-instruct,487,1,1464,137,True,
2025-08-29T18:18:00.092867,bridge,qwen2.5-coder-14b-instruct,693,1,1719,188,True,
2025-08-29T18:18:09.107879,generate,qwen2.5-coder-14b-instruct,1477,219,9014,421,True,
2025-08-29T18:18:10.566216,kindness,qwen2.5-coder-14b-instruct,460,1,1457,131,True,
2025-08-29T18:18:12.072532,toxicity,qwen2.5-coder-14b-instruct,383,1,1505,115,True,
2025-08-29T18:18:13.527317,empathy,qwen2.5-coder-14b-instruct,452,1,1454,129,True,
2025-08-29T18:18:15.350529,bridge,qwen2.5-coder-14b-instruct,731,1,1822,190,True,
2025-08-29T18:18:27.177730,generate,qwen2.5-coder-14b-instruct,1693,246,11826,462,True,
2025-08-29T18:18:28.869514,kindness,qwen2.5-coder-14b-instruct,487,1,1691,147,True,
2025-08-29T18:18:30.305763,toxicity,qwen2.5-coder-14b-instruct,410,1,1435,131,True,
2025-08-29T18:18:31.765420,empathy,qwen2.5-coder-14b-instruct,479,1,1459,145,True,
2025-08-29T18:18:45.545901,generate,qwen2.5-coder-14b-instruct,1993,402,13779,574,True,
2025-08-29T18:18:47.299746,kindness,qwen2.5-coder-14b-instruct,643,1,1753,157,True,
2025-08-29T18:18:48.767416,toxicity,qwen2.5-coder-14b-instruct,566,1,1467,141,True,
2025-08-29T18:18:50.471687,empathy,qwen2.5-coder-14b-instruct,635,1,1703,155,True,
2025-08-29T18:19:02.955393,generate,qwen2.5-coder-14b-instruct,2123,333,12482,567,True,
2025-08-29T18:19:04.677140,kindness,qwen2.5-coder-14b-instruct,574,1,1721,150,True,
2025-08-29T18:19:06.131594,toxicity,qwen2.5-coder-14b-instruct,497,1,1453,134,True,
2025-08-29T18:19:07.624626,empathy,qwen2.5-coder-14b-instruct,566,1,1492,148,True,
2025-08-29T18:19:09.611021,bridge,qwen2.5-coder-14b-instruct,992,1,1985,227,True,
2025-08-29T18:19:20.055963,generate,qwen2.5-coder-14b-instruct,2270,231,10443,562,True,
2025-08-29T18:19:21.514993,kindness,qwen2.5-coder-14b-instruct,472,1,1458,132,True,
2025-08-29T18:19:22.911462,toxicity,qwen2.5-coder-14b-instruct,395,1,1395,116,True,
2025-08-29T18:19:24.375654,empathy,qwen2.5-coder-14b-instruct,464,1,1463,130,True,
2025-08-29T18:19:35.003044,generate,qwen2.5-coder-14b-instruct,2246,239,10626,564,True,
2025-08-29T18:19:36.745978,kindness,qwen2.5-coder-14b-instruct,480,1,1742,135,True,
2025-08-29T18:19:38.166314,toxicity,qwen2.5-coder-14b-instruct,403,1,1419,119,True,
2025-08-29T18:19:39.716577,empathy,qwen2.5-coder-14b-instruct,472,1,1549,133,True,
2025-08-29T18:19:50.979016,generate,qwen2.5-coder-14b-instruct,2258,291,11261,568,True,
2025-08-29T18:19:52.725744,kindness,qwen2.5-coder-14b-instruct,532,1,1746,140,True,
2025-08-29T18:19:54.257754,toxicity,qwen2.5-coder-14b-instruct,455,1,1531,124,True,
2025-08-29T18:19:55.793404,empathy,qwen2.5-coder-14b-instruct,524,1,1535,138,True,
2025-08-29T18:19:57.636693,bridge,qwen2.5-coder-14b-instruct,787,1,1842,196,True,
2025-08-29T18:20:07.361431,generate,qwen2.5-coder-14b-instruct,822,347,9711,300,True,
2025-08-29T18:20:09.207651,kindness,qwen2.5-coder-14b-instruct,611,1,1845,144,True,
2025-08-29T18:20:10.641931,toxicity,qwen2.5-coder-14b-instruct,511,1,1433,122,True,
2025-08-29T18:20:12.174683,empathy,qwen2.5-coder-14b-instruct,603,1,1532,142,True,
2025-08-29T18:20:24.154886,generate,qwen2.5-coder-14b-instruct,1146,317,11979,352,True,
2025-08-29T18:20:25.998740,kindness,qwen2.5-coder-14b-instruct,581,1,1843,156,True,
2025-08-29T18:20:27.439941,toxicity,qwen2.5-coder-14b-instruct,481,1,1440,134,True,
2025-08-29T18:20:29.145638,empathy,qwen2.5-coder-14b-instruct,573,1,1705,154,True,
2025-08-29T18:20:39.500485,generate,qwen2.5-coder-14b-instruct,1456,270,10353,394,True,
2025-08-29T18:20:41.260696,kindness,qwen2.5-coder-14b-instruct,534,1,1759,145,True,
2025-08-29T18:20:42.794356,toxicity,qwen2.5-coder-14b-instruct,434,1,1533,123,True,
2025-08-29T18:20:44.254303,empathy,qwen2.5-coder-14b-instruct,526,1,1459,143,True,
2025-08-29T18:20:46.071358,bridge,qwen2.5-coder-14b-instruct,845,1,1816,210,True,
2025-08-29T18:20:58.537336,generate,qwen2.5-coder-14b-instruct,1761,395,12464,469,True,
2025-08-29T18:21:00.304306,kindness,qwen2.5-coder-14b-instruct,659,1,1766,156,True,
2025-08-29T18:21:01.838978,toxicity,qwen2.5-coder-14b-instruct,559,1,1534,134,True,
2025-08-29T18:21:03.581561,empathy,qwen2.5-coder-14b-instruct,651,1,1742,154,True,
2025-08-29T18:21:13.620954,generate,qwen2.5-coder-14b-instruct,2176,309,10038,522,True,
2025-08-29T18:21:15.357493,kindness,qwen2.5-coder-14b-instruct,573,1,1735,140,True,
2025-08-29T18:21:16.744651,toxicity,qwen2.5-coder-14b-instruct,473,1,1386,118,True,
2025-08-29T18:21:18.225920,empathy,qwen2.5-coder-14b-instruct,565,1,1480,138,True,
2025-08-29T18:21:30.613774,generate,qwen2.5-coder-14b-instruct,2494,309,12386,580,True,
2025-08-29T18:21:32.357754,kindness,qwen2.5-coder-14b-instruct,573,1,1743,149,True,
2025-08-29T18:21:33.789784,toxicity,qwen2.5-coder-14b-instruct,473,1,1431,127,True,
2025-08-29T18:21:35.235567,empathy,qwen2.5-coder-14b-instruct,565,1,1445,147,True,
2025-08-29T18:21:37.067468,bridge,qwen2.5-coder-14b-instruct,875,1,1831,197,True,
2025-08-29T18:21:50.983160,generate,qwen2.5-coder-14b-instruct,2440,331,13914,589,True,
2025-08-29T18:21:52.712601,kindness,qwen2.5-coder-14b-instruct,595,1,1728,159,True,
2025-08-29T18:21:54.272021,toxicity,qwen2.5-coder-14b-instruct,495,1,1558,137,True,
2025-08-29T18:21:56.009479,empathy,qwen2.5-coder-14b-instruct,587,1,1737,157,True,
2025-08-29T18:21:57.856830,bridge,qwen2.5-coder-14b-instruct,897,1,1846,216,True,
2025-08-29T18:22:13.194097,generate,qwen2.5-coder-14b-instruct,2462,380,15336,606,True,
2025-08-29T18:22:14.902837,kindness,qwen2.5-coder-14b-instruct,644,1,1708,165,True,
2025-08-29T18:22:16.393744,toxicity,qwen2.5-coder-14b-instruct,544,1,1490,143,True,
2025-08-29T18:22:18.129665,empathy,qwen2.5-coder-14b-instruct,636,1,1735,163,True,
2025-08-29T18:22:32.232005,generate,qwen2.5-coder-14b-instruct,2589,344,14101,632,True,
2025-08-29T18:22:34.008005,kindness,qwen2.5-coder-14b-instruct,608,1,1775,158,True,
2025-08-29T18:22:35.511845,toxicity,qwen2.5-coder-14b-instruct,508,1,1503,136,True,
2025-08-29T18:22:37.392181,empathy,qwen2.5-coder-14b-instruct,600,1,1879,156,True,
2025-08-29T18:22:39.329887,bridge,qwen2.5-coder-14b-instruct,982,1,1937,233,True,
2025-08-29T18:22:48.750433,generate,qwen2.5-coder-14b-instruct,2517,174,9419,584,True,
2025-08-29T18:22:50.228745,kindness,qwen2.5-coder-14b-instruct,438,1,1477,129,True,
2025-08-29T18:22:51.641728,toxicity,qwen2.5-coder-14b-instruct,338,1,1412,107,True,
2025-08-29T18:22:53.154130,empathy,qwen2.5-coder-14b-instruct,430,1,1511,127,True,
2025-08-29T18:23:02.371241,generate,qwen2.5-coder-14b-instruct,808,221,8211,277,True,
2025-08-29T18:23:04.213449,kindness,qwen2.5-coder-14b-instruct,485,1,1841,135,True,
2025-08-29T18:23:05.646429,toxicity,qwen2.5-coder-14b-instruct,385,1,1432,113,True,
2025-08-29T18:23:07.183515,empathy,qwen2.5-coder-14b-instruct,477,1,1536,133,True,
2025-08-29T18:23:15.253670,generate,qwen2.5-coder-14b-instruct,1003,215,8069,299,True,
2025-08-29T18:23:16.705221,kindness,qwen2.5-coder-14b-instruct,479,1,1450,131,True,
2025-08-29T18:23:18.136346,toxicity,qwen2.5-coder-14b-instruct,379,1,1430,109,True,
2025-08-29T18:23:19.578009,empathy,qwen2.5-coder-14b-instruct,471,1,1441,129,True,
2025-08-29T18:23:34.830778,generate,qwen2.5-coder-14b-instruct,1265,353,15251,420,True,
2025-08-29T18:23:36.576533,kindness,qwen2.5-coder-14b-instruct,617,1,1745,176,True,
2025-08-29T18:23:38.288892,toxicity,qwen2.5-coder-14b-instruct,517,1,1711,154,True,
2025-08-29T18:23:40.050867,empathy,qwen2.5-coder-14b-instruct,609,1,1761,174,True,
2025-08-29T18:23:41.792391,bridge,qwen2.5-coder-14b-instruct,826,1,1741,216,True,
2025-08-29T18:23:51.545107,generate,qwen2.5-coder-14b-instruct,1605,234,9751,437,True,
2025-08-29T18:23:53.368137,kindness,qwen2.5-coder-14b-instruct,498,1,1822,139,True,
2025-08-29T18:23:54.799971,toxicity,qwen2.5-coder-14b-instruct,398,1,1431,117,True,
2025-08-29T18:23:56.335356,empathy,qwen2.5-coder-14b-instruct,490,1,1534,137,True,
2025-08-29T18:23:58.126283,bridge,qwen2.5-coder-14b-instruct,845,1,1790,224,True,
2025-08-29T18:24:10.479270,generate,qwen2.5-coder-14b-instruct,1854,280,12351,516,True,
2025-08-29T18:24:12.223319,kindness,qwen2.5-coder-14b-instruct,544,1,1743,154,True,
2025-08-29T18:24:13.665358,toxicity,qwen2.5-coder-14b-instruct,444,1,1441,132,True,
2025-08-29T18:24:15.359329,empathy,qwen2.5-coder-14b-instruct,536,1,1693,152,True,
2025-08-29T18:24:17.125603,bridge,qwen2.5-coder-14b-instruct,771,1,1765,201,True,
2025-08-29T18:24:30.058563,generate,qwen2.5-coder-14b-instruct,2151,337,12931,581,True,
2025-08-29T18:24:31.800964,kindness,qwen2.5-coder-14b-instruct,601,1,1741,154,True,
2025-08-29T18:54:37.008984,toxicity,qwen2.5-coder-14b-instruct,501,0,1805207,0,False,"Request error: HTTPConnectionPool(host='localhost', port=1234): Read timed out. (read timeout=60)"
2025-08-29T18:54:38.926496,empathy,qwen2.5-coder-14b-instruct,593,1,1916,152,True,
2025-08-29T18:54:49.959007,generate,qwen2.5-coder-14b-instruct,2248,278,11030,571,True,
2025-08-29T18:54:51.798596,kindness,qwen2.5-coder-14b-instruct,542,1,1838,143,True,
2025-08-29T18:54:53.230219,toxicity,qwen2.5-coder-14b-instruct,442,1,1430,121,True,
2025-08-29T18:54:54.708411,empathy,qwen2.5-coder-14b-instruct,534,1,1476,141,True,
2025-08-29T18:55:10.024783,generate,qwen2.5-coder-14b-instruct,2334,407,15313,628,True,
2025-08-29T18:55:11.764924,kindness,qwen2.5-coder-14b-instruct,671,1,1738,166,True,
2025-08-29T18:55:13.299969,toxicity,qwen2.5-coder-14b-instruct,571,1,1533,144,True,
2025-08-29T18:55:15.007200,empathy,qwen2.5-coder-14b-instruct,663,1,1705,164,True,
2025-08-29T18:55:16.777835,bridge,qwen2.5-coder-14b-instruct,942,1,1769,217,True,
2025-08-29T19:00:25.796346,generate,qwen2.5-coder-14b-instruct,2369,0,309015,0,False,"Request error: HTTPConnectionPool(host='localhost', port=1234): Read timed out. (read timeout=60)"
2025-08-29T19:00:27.388833,kindness,qwen2.5-coder-14b-instruct,294,1,1592,98,True,
2025-08-29T19:00:28.667354,toxicity,qwen2.5-coder-14b-instruct,194,1,1278,76,True,
2025-08-29T19:00:30.124787,empathy,qwen2.5-coder-14b-instruct,286,1,1457,96,True,
2025-08-29T19:00:31.797189,bridge,qwen2.5-coder-14b-instruct,694,1,1671,172,True,
2025-08-29T19:00:44.821362,generate,qwen2.5-coder-14b-instruct,2186,371,13022,573,True,
2025-08-29T19:00:46.512762,kindness,qwen2.5-coder-14b-instruct,635,1,1690,162,True,
2025-08-29T19:00:48.025231,toxicity,qwen2.5-coder-14b-instruct,535,1,1512,140,True,
2025-08-29T19:00:49.730099,empathy,qwen2.5-coder-14b-instruct,627,1,1704,160,True,
2025-08-29T19:01:00.644014,generate,qwen2.5-coder-14b-instruct,843,315,10912,296,True,
2025-08-29T19:01:02.385487,kindness,qwen2.5-coder-14b-instruct,631,1,1740,167,True,
2025-08-29T19:01:03.818653,toxicity,qwen2.5-coder-14b-instruct,479,1,1432,134,True,
2025-08-29T19:01:05.481803,empathy,qwen2.5-coder-14b-instruct,623,1,1662,165,True,
2025-08-29T19:01:18.360893,generate,qwen2.5-coder-14b-instruct,1146,294,12877,367,True,
2025-08-29T19:01:20.079487,kindness,qwen2.5-coder-14b-instruct,610,1,1717,172,True,
2025-08-29T19:01:21.572532,toxicity,qwen2.5-coder-14b-instruct,458,1,1492,139,True,
2025-08-29T19:01:23.286086,empathy,qwen2.5-coder-14b-instruct,602,1,1712,170,True,
2025-08-29T19:01:25.069940,bridge,qwen2.5-coder-14b-instruct,866,1,1783,225,True,
2025-08-29T19:01:37.207579,generate,qwen2.5-coder-14b-instruct,1474,344,12136,443,True,
2025-08-29T19:01:38.956899,kindness,qwen2.5-coder-14b-instruct,660,1,1748,167,True,
2025-08-29T19:01:40.479538,toxicity,qwen2.5-coder-14b-instruct,508,1,1522,134,True,
2025-08-29T19:01:42.190167,empathy,qwen2.5-coder-14b-instruct,652,1,1710,165,True,
2025-08-29T19:01:44.060093,bridge,qwen2.5-coder-14b-instruct,894,1,1869,225,True,
2025-08-29T19:01:57.176924,generate,qwen2.5-coder-14b-instruct,1826,322,13115,514,True,
2025-08-29T19:01:59.010717,kindness,qwen2.5-coder-14b-instruct,638,1,1833,167,True,
2025-08-29T19:02:00.511274,toxicity,qwen2.5-coder-14b-instruct,486,1,1500,134,True,
2025-08-29T19:02:02.292815,empathy,qwen2.5-coder-14b-instruct,630,1,1781,165,True,
2025-08-29T19:02:04.146250,bridge,qwen2.5-coder-14b-instruct,923,1,1852,221,True,
2025-08-29T19:02:14.630673,generate,qwen2.5-coder-14b-instruct,2176,221,10483,567,True,
2025-08-29T19:02:16.452747,kindness,qwen2.5-coder-14b-instruct,537,1,1821,144,True,
2025-08-29T19:02:17.918577,toxicity,qwen2.5-coder-14b-instruct,385,1,1465,111,True,
2025-08-29T19:02:19.437364,empathy,qwen2.5-coder-14b-instruct,529,1,1518,142,True,
2025-08-29T19:02:21.286120,bridge,qwen2.5-coder-14b-instruct,801,1,1848,198,True,
2025-08-29T19:02:35.215661,generate,qwen2.5-coder-14b-instruct,2387,345,13928,601,True,
2025-08-29T19:02:37.022859,kindness,qwen2.5-coder-14b-instruct,661,1,1806,161,True,
2025-08-29T19:02:38.539937,toxicity,qwen2.5-coder-14b-instruct,509,1,1516,128,True,
2025-08-29T19:02:40.340564,empathy,qwen2.5-coder-14b-instruct,653,1,1800,159,True,
2025-08-29T19:02:42.184265,bridge,qwen2.5-coder-14b-instruct,823,1,1843,191,True,
2025-08-29T19:02:55.775780,generate,qwen2.5-coder-14b-instruct,2416,343,13590,610,True,
2025-08-29T19:02:57.569430,kindness,qwen2.5-coder-14b-instruct,659,1,1793,162,True,
2025-08-29T19:02:59.064117,toxicity,qwen2.5-coder-14b-instruct,507,1,1494,129,True,
2025-08-29T19:03:00.876864,empathy,qwen2.5-coder-14b-instruct,651,1,1812,160,True,
2025-08-29T19:03:13.591422,generate,qwen2.5-coder-14b-instruct,2459,298,12713,583,True,
2025-08-29T19:03:15.405510,kindness,qwen2.5-coder-14b-instruct,614,1,1813,157,True,
2025-08-29T19:03:16.893595,toxicity,qwen2.5-coder-14b-instruct,462,1,1487,124,True,
2025-08-29T19:03:18.670605,empathy,qwen2.5-coder-14b-instruct,606,1,1776,155,True,
2025-08-29T19:03:20.511546,bridge,qwen2.5-coder-14b-instruct,898,1,1840,205,True,
2025-08-29T19:03:33.341424,generate,qwen2.5-coder-14b-instruct,2450,331,12828,599,True,
2025-08-29T19:03:35.166675,kindness,qwen2.5-coder-14b-instruct,647,1,1824,158,True,
2025-08-29T19:03:36.636867,toxicity,qwen2.5-coder-14b-instruct,495,1,1469,125,True,
2025-08-29T19:03:38.423344,empathy,qwen2.5-coder-14b-instruct,639,1,1786,156,True,
2025-08-29T19:03:50.127979,generate,qwen2.5-coder-14b-instruct,2460,261,11703,582,True,
2025-08-29T19:03:51.940098,kindness,qwen2.5-coder-14b-instruct,577,1,1811,149,True,
2025-08-29T19:03:53.394783,toxicity,qwen2.5-coder-14b-instruct,425,1,1454,116,True,
2025-08-29T19:03:54.900338,empathy,qwen2.5-coder-14b-instruct,569,1,1505,147,True,
2025-08-29T19:04:07.889178,generate,qwen2.5-coder-14b-instruct,839,356,11987,293,True,
2025-08-29T19:04:09.663168,kindness,qwen2.5-coder-14b-instruct,667,1,1773,164,True,
2025-08-29T19:04:11.177229,toxicity,qwen2.5-coder-14b-instruct,520,1,1496,133,True,
2025-08-29T19:04:12.996470,empathy,qwen2.5-coder-14b-instruct,659,1,1818,162,True,
2025-08-29T19:04:22.630669,generate,qwen2.5-coder-14b-instruct,1195,201,9632,353,True,
2025-08-29T19:04:24.422881,kindness,qwen2.5-coder-14b-instruct,512,1,1791,147,True,
2025-08-29T19:04:25.885364,toxicity,qwen2.5-coder-14b-instruct,365,1,1461,116,True,
2025-08-29T19:04:27.393826,empathy,qwen2.5-coder-14b-instruct,504,1,1507,145,True,
2025-08-29T19:04:29.232518,bridge,qwen2.5-coder-14b-instruct,814,1,1838,202,True,
2025-08-29T19:04:38.779874,generate,qwen2.5-coder-14b-instruct,1399,196,9544,395,True,
2025-08-29T19:04:40.582271,kindness,qwen2.5-coder-14b-instruct,507,1,1801,146,True,
2025-08-29T19:04:42.013750,toxicity,qwen2.5-coder-14b-instruct,360,1,1430,115,True,
2025-08-29T19:04:43.534522,empathy,qwen2.5-coder-14b-instruct,499,1,1520,144,True,
2025-08-29T19:04:45.361667,bridge,qwen2.5-coder-14b-instruct,654,1,1826,184,True,
2025-08-29T19:04:56.169499,generate,qwen2.5-coder-14b-instruct,1609,281,10806,446,True,
2025-08-29T19:04:57.988042,kindness,qwen2.5-coder-14b-instruct,592,1,1817,151,True,
2025-08-29T19:04:59.473974,toxicity,qwen2.5-coder-14b-instruct,445,1,1484,120,True,
2025-08-29T19:05:00.979113,empathy,qwen2.5-coder-14b-instruct,584,1,1504,149,True,
2025-08-29T19:05:12.798566,generate,qwen2.5-coder-14b-instruct,1911,256,11818,512,True,
2025-08-29T19:05:14.610481,kindness,qwen2.5-coder-14b-instruct,567,1,1811,157,True,
2025-08-29T19:05:16.119690,toxicity,qwen2.5-coder-14b-instruct,420,1,1508,126,True,
2025-08-29T19:05:17.920897,empathy,qwen2.5-coder-14b-instruct,559,1,1800,155,True,
2025-08-29T19:05:19.776087,bridge,qwen2.5-coder-14b-instruct,794,1,1854,198,True,
2025-08-29T19:05:33.343986,generate,qwen2.5-coder-14b-instruct,2203,354,13566,586,True,
2025-08-29T19:05:35.143819,kindness,qwen2.5-coder-14b-instruct,665,1,1799,161,True,
2025-08-29T19:05:36.642874,toxicity,qwen2.5-coder-14b-instruct,518,1,1498,130,True,
2025-08-29T19:05:38.444111,empathy,qwen2.5-coder-14b-instruct,657,1,1800,159,True,
2025-08-29T19:05:40.275767,bridge,qwen2.5-coder-14b-instruct,867,1,1831,208,True,
2025-08-29T19:05:54.744733,generate,qwen2.5-coder-14b-instruct,2164,357,14467,573,True,
2025-08-29T19:05:56.571790,kindness,qwen2.5-coder-14b-instruct,668,1,1826,172,True,
2025-08-29T19:05:58.100842,toxicity,qwen2.5-coder-14b-instruct,521,1,1528,141,True,
2025-08-29T19:05:59.919574,empathy,qwen2.5-coder-14b-instruct,660,1,1818,170,True,
2025-08-29T19:06:13.981287,generate,qwen2.5-coder-14b-instruct,2353,313,14060,606,True,
2025-08-29T19:06:15.756268,kindness,qwen2.5-coder-14b-instruct,624,1,1774,163,True,
2025-08-29T19:06:17.266395,toxicity,qwen2.5-coder-14b-instruct,477,1,1509,132,True,
2025-08-29T19:06:19.074250,empathy,qwen2.5-coder-14b-instruct,616,1,1807,161,True,
2025-08-29T19:06:30.625736,generate,qwen2.5-coder-14b-instruct,2442,230,11550,595,True,
2025-08-29T19:06:32.423222,kindness,qwen2.5-coder-14b-instruct,541,1,1797,148,True,
2025-08-29T19:06:33.875189,toxicity,qwen2.5-coder-14b-instruct,394,1,1451,117,True,
2025-08-29T19:06:35.383454,empathy,qwen2.5-coder-14b-instruct,533,1,1507,146,True,
2025-08-29T19:06:37.236890,bridge,qwen2.5-coder-14b-instruct,800,1,1853,201,True,
2025-08-29T19:06:52.733724,generate,qwen2.5-coder-14b-instruct,2394,305,15496,604,True,
2025-08-29T19:06:54.548335,kindness,qwen2.5-coder-14b-instruct,616,1,1814,170,True,
2025-08-29T19:06:56.078352,toxicity,qwen2.5-coder-14b-instruct,469,1,1529,139,True,
2025-08-29T19:06:57.901043,empathy,qwen2.5-coder-14b-instruct,608,1,1822,168,True,
2025-08-29T19:07:10.076382,generate,qwen2.5-coder-14b-instruct,876,365,12173,327,True,
2025-08-29T19:07:11.877694,kindness,qwen2.5-coder-14b-instruct,671,1,1800,159,True,
2025-08-29T19:07:13.364410,toxicity,qwen2.5-coder-14b-instruct,529,1,1486,132,True,
2025-08-29T19:07:15.154403,empathy,qwen2.5-coder-14b-instruct,663,1,1789,157,True,
2025-08-29T19:07:26.615085,generate,qwen2.5-coder-14b-instruct,1190,326,11459,350,True,
2025-08-29T19:07:28.405537,kindness,qwen2.5-coder-14b-instruct,632,1,1790,154,True,
2025-08-29T19:07:29.900897,toxicity,qwen2.5-coder-14b-instruct,490,1,1494,127,True,
2025-08-29T19:07:31.861939,empathy,qwen2.5-coder-14b-instruct,624,1,1960,153,True,
2025-08-29T19:07:42.807309,generate,qwen2.5-coder-14b-instruct,1558,295,10944,429,True,
2025-08-29T19:07:44.623440,kindness,qwen2.5-coder-14b-instruct,601,1,1815,150,True,
2025-08-29T19:07:46.106877,toxicity,qwen2.5-coder-14b-instruct,459,1,1483,123,True,
2025-08-29T19:07:47.607452,empathy,qwen2.5-coder-14b-instruct,593,1,1500,148,True,
2025-08-29T19:07:58.030384,generate,qwen2.5-coder-14b-instruct,1827,245,10422,449,True,
2025-08-29T19:07:59.835474,kindness,qwen2.5-coder-14b-instruct,551,1,1804,145,True,
2025-08-29T19:08:01.286217,toxicity,qwen2.5-coder-14b-instruct,409,1,1450,118,True,
2025-08-29T19:08:02.790179,empathy,qwen2.5-coder-14b-instruct,543,1,1503,143,True,
2025-08-29T19:08:04.612399,bridge,qwen2.5-coder-14b-instruct,798,1,1821,194,True,
2025-08-29T19:08:16.037835,generate,qwen2.5-coder-14b-instruct,2115,295,11424,531,True,
2025-08-29T19:08:17.851741,kindness,qwen2.5-coder-14b-instruct,601,1,1813,150,True,
2025-08-29T19:08:19.330278,toxicity,qwen2.5-coder-14b-instruct,459,1,1478,123,True,
2025-08-29T19:08:20.842893,empathy,qwen2.5-coder-14b-instruct,593,1,1512,148,True,
2025-08-29T19:08:32.066119,generate,qwen2.5-coder-14b-instruct,2422,235,11222,571,True,
2025-08-29T19:08:33.889731,kindness,qwen2.5-coder-14b-instruct,541,1,1823,143,True,
2025-08-29T19:08:35.326177,toxicity,qwen2.5-coder-14b-instruct,399,1,1435,116,True,
2025-08-29T19:08:36.870331,empathy,qwen2.5-coder-14b-instruct,533,1,1543,141,True,
2025-08-29T19:08:51.311844,generate,qwen2.5-coder-14b-instruct,2295,361,14436,579,True,
2025-08-29T19:08:53.125429,kindness,qwen2.5-coder-14b-instruct,667,1,1812,168,True,
2025-08-29T19:08:54.658394,toxicity,qwen2.5-coder-14b-instruct,525,1,1532,141,True,
2025-08-29T19:08:56.464605,empathy,qwen2.5-coder-14b-instruct,659,1,1805,166,True,
2025-08-29T19:09:08.904407,generate,qwen2.5-coder-14b-instruct,2340,318,12438,578,True,
2025-08-29T19:09:10.722420,kindness,qwen2.5-coder-14b-instruct,624,1,1817,150,True,
2025-08-29T19:09:12.226374,toxicity,qwen2.5-coder-14b-instruct,482,1,1503,123,True,
2025-08-29T19:09:13.714391,empathy,qwen2.5-coder-14b-instruct,616,1,1487,148,True,
2025-08-29T19:09:23.621821,generate,qwen2.5-coder-14b-instruct,2344,197,9906,561,True,
2025-08-29T19:09:25.414976,kindness,qwen2.5-coder-14b-instruct,503,1,1792,136,True,
2025-08-29T19:09:26.872191,toxicity,qwen2.5-coder-14b-instruct,361,1,1456,109,True,
2025-08-29T19:09:28.386782,empathy,qwen2.5-coder-14b-instruct,495,1,1514,134,True,
2025-08-29T19:09:30.192735,bridge,qwen2.5-coder-14b-instruct,772,1,1805,184,True,
2025-08-29T19:09:42.479723,generate,qwen2.5-coder-14b-instruct,2289,329,12285,566,True,
2025-08-29T19:09:44.285207,kindness,qwen2.5-coder-14b-instruct,635,1,1804,155,True,
2025-08-29T19:09:45.806291,toxicity,qwen2.5-coder-14b-instruct,493,1,1520,128,True,
2025-08-29T19:09:47.583371,empathy,qwen2.5-coder-14b-instruct,627,1,1776,153,True,
2025-08-29T19:09:49.396925,bridge,qwen2.5-coder-14b-instruct,783,1,1812,189,True,
2025-08-29T19:09:59.481013,generate,qwen2.5-coder-14b-instruct,823,233,9035,279,True,
2025-08-29T19:10:01.279702,kindness,qwen2.5-coder-14b-instruct,537,1,1798,149,True,
2025-08-29T19:10:02.745188,toxicity,qwen2.5-coder-14b-instruct,397,1,1465,116,True,
2025-08-29T19:10:04.247251,empathy,qwen2.5-coder-14b-instruct,529,1,1501,147,True,
2025-08-29T19:10:13.484053,generate,qwen2.5-coder-14b-instruct,1052,199,9235,324,True,
2025-08-29T19:10:15.280350,kindness,qwen2.5-coder-14b-instruct,503,1,1795,147,True,
2025-08-29T19:10:16.766273,toxicity,qwen2.5-coder-14b-instruct,363,1,1485,114,True,
2025-08-29T19:10:18.277981,empathy,qwen2.5-coder-14b-instruct,495,1,1511,145,True,
2025-08-29T19:10:20.090298,bridge,qwen2.5-coder-14b-instruct,689,1,1811,182,True,
2025-08-29T19:10:32.231761,generate,qwen2.5-coder-14b-instruct,1253,293,12140,380,True,
2025-08-29T19:10:34.024725,kindness,qwen2.5-coder-14b-instruct,597,1,1792,164,True,
2025-08-29T19:10:35.501770,toxicity,qwen2.5-coder-14b-instruct,457,1,1476,131,True,
2025-08-29T19:10:37.306903,empathy,qwen2.5-coder-14b-instruct,589,1,1804,162,True,
2025-08-29T19:10:39.125172,bridge,qwen2.5-coder-14b-instruct,749,1,1817,197,True,
2025-08-29T19:10:52.546778,generate,qwen2.5-coder-14b-instruct,1606,415,13420,479,True,
2025-08-29T19:10:54.352729,kindness,qwen2.5-coder-14b-instruct,719,1,1805,169,True,
2025-08-29T19:10:55.868472,toxicity,qwen2.5-coder-14b-instruct,579,1,1515,136,True,
2025-08-29T19:10:57.682923,empathy,qwen2.5-coder-14b-instruct,711,1,1813,167,True,
2025-08-29T19:11:13.558728,generate,qwen2.5-coder-14b-instruct,2021,403,15874,552,True,
2025-08-29T19:11:15.409600,kindness,qwen2.5-coder-14b-instruct,707,1,1850,183,True,
2025-08-29T19:11:16.826717,toxicity,qwen2.5-coder-14b-instruct,567,1,1416,150,True,
2025-08-29T19:11:18.613164,empathy,qwen2.5-coder-14b-instruct,699,1,1785,181,True,
2025-08-29T19:11:20.478238,bridge,qwen2.5-coder-14b-instruct,1075,1,1864,238,True,
2025-08-29T19:11:35.561244,generate,qwen2.5-coder-14b-instruct,2443,364,15081,617,True,
2025-08-29T19:11:37.407463,kindness,qwen2.5-coder-14b-instruct,668,1,1845,168,True,
2025-08-29T19:11:38.938588,toxicity,qwen2.5-coder-14b-instruct,528,1,1530,135,True,
2025-08-29T19:11:40.733798,empathy,qwen2.5-coder-14b-instruct,660,1,1794,166,True,
2025-08-29T19:11:54.539571,generate,qwen2.5-coder-14b-instruct,2582,345,13804,633,True,
2025-08-29T19:11:56.319563,kindness,qwen2.5-coder-14b-instruct,649,1,1779,162,True,
2025-08-29T19:11:57.830474,toxicity,qwen2.5-coder-14b-instruct,509,1,1510,129,True,
2025-08-29T19:11:59.643553,empathy,qwen2.5-coder-14b-instruct,641,1,1812,160,True,
2025-08-29T19:12:11.003249,generate,qwen2.5-coder-14b-instruct,2719,236,11358,633,True,
2025-08-29T19:12:12.814991,kindness,qwen2.5-coder-14b-instruct,540,1,1810,148,True,
2025-08-29T19:12:14.242692,toxicity,qwen2.5-coder-14b-instruct,400,1,1427,115,True,
2025-08-29T19:12:15.776111,empathy,qwen2.5-coder-14b-instruct,532,1,1532,146,True,
2025-08-29T19:12:29.510177,generate,qwen2.5-coder-14b-instruct,2685,282,13732,649,True,
2025-08-29T19:12:31.274717,kindness,qwen2.5-coder-14b-instruct,586,1,1763,162,True,
2025-08-29T19:12:32.781524,toxicity,qwen2.5-coder-14b-instruct,446,1,1506,129,True,
2025-08-29T19:12:34.602733,empathy,qwen2.5-coder-14b-instruct,578,1,1820,160,True,
2025-08-29T19:12:36.458450,bridge,qwen2.5-coder-14b-instruct,778,1,1855,198,True,
2025-08-29T19:12:51.923237,generate,qwen2.5-coder-14b-instruct,2517,319,15463,627,True,
2025-08-29T19:12:53.668104,kindness,qwen2.5-coder-14b-instruct,623,1,1744,174,True,
2025-08-29T19:12:55.132710,toxicity,qwen2.5-coder-14b-instruct,483,1,1464,141,True,
2025-08-29T19:12:56.830136,empathy,qwen2.5-coder-14b-instruct,615,1,1696,172,True,
2025-08-29T19:12:58.683099,bridge,qwen2.5-coder-14b-instruct,859,1,1852,223,True,
2025-08-29T19:13:09.572771,generate,qwen2.5-coder-14b-instruct,865,275,10874,318,True,
2025-08-29T19:13:11.307259,kindness,qwen2.5-coder-14b-instruct,586,1,1733,158,True,
2025-08-29T19:13:12.809552,toxicity,qwen2.5-coder-14b-instruct,439,1,1501,127,True,
2025-08-29T19:13:14.520260,empathy,qwen2.5-coder-14b-instruct,578,1,1710,156,True,
2025-08-29T19:13:23.866319,generate,qwen2.5-coder-14b-instruct,1105,219,9344,344,True,
2025-08-29T19:13:25.607920,kindness,qwen2.5-coder-14b-instruct,530,1,1741,148,True,
2025-08-29T19:13:27.040583,toxicity,qwen2.5-coder-14b-instruct,383,1,1432,117,True,
2025-08-29T19:13:28.503424,empathy,qwen2.5-coder-14b-instruct,522,1,1462,146,True,
2025-08-29T19:13:30.317782,bridge,qwen2.5-coder-14b-instruct,751,1,1813,196,True,
2025-08-29T19:13:41.197321,generate,qwen2.5-coder-14b-instruct,1361,204,10878,422,True,
2025-08-29T19:13:42.937796,kindness,qwen2.5-coder-14b-instruct,515,1,1739,157,True,
2025-08-29T19:13:44.356309,toxicity,qwen2.5-coder-14b-instruct,368,1,1417,126,True,
2025-08-29T19:13:46.086929,empathy,qwen2.5-coder-14b-instruct,507,1,1730,155,True,
2025-08-29T19:13:47.808882,bridge,qwen2.5-coder-14b-instruct,680,1,1721,195,True,
2025-08-29T19:13:58.413979,generate,qwen2.5-coder-14b-instruct,1569,293,10604,462,True,
2025-08-29T19:14:00.153213,kindness,qwen2.5-coder-14b-instruct,604,1,1738,153,True,
2025-08-29T19:14:01.571213,toxicity,qwen2.5-coder-14b-instruct,457,1,1417,122,True,
2025-08-29T19:14:03.392475,empathy,qwen2.5-coder-14b-instruct,596,1,1820,151,True,
2025-08-29T19:14:05.158533,bridge,qwen2.5-coder-14b-instruct,754,1,1765,200,True,
2025-08-29T19:14:15.616974,generate,qwen2.5-coder-14b-instruct,1854,276,10457,502,True,
2025-08-29T19:14:17.364389,kindness,qwen2.5-coder-14b-instruct,587,1,1746,152,True,
2025-08-29T19:14:18.761920,toxicity,qwen2.5-coder-14b-instruct,440,1,1397,121,True,
2025-08-29T19:14:20.133999,empathy,qwen2.5-coder-14b-instruct,579,1,1371,150,True,
2025-08-29T19:14:31.564208,generate,qwen2.5-coder-14b-instruct,2169,298,11429,573,True,
2025-08-29T19:14:33.394787,kindness,qwen2.5-coder-14b-instruct,609,1,1830,154,True,
2025-08-29T19:14:34.828669,toxicity,qwen2.5-coder-14b-instruct,462,1,1433,123,True,
2025-08-29T19:14:36.536161,empathy,qwen2.5-coder-14b-instruct,601,1,1706,152,True,
2025-08-29T19:14:38.269107,bridge,qwen2.5-coder-14b-instruct,832,1,1732,197,True,
2025-08-29T19:14:49.572811,generate,qwen2.5-coder-14b-instruct,2193,285,11302,568,True,
2025-08-29T19:14:51.313380,kindness,qwen2.5-coder-14b-instruct,596,1,1739,157,True,
2025-08-29T19:14:52.738925,toxicity,qwen2.5-coder-14b-instruct,449,1,1425,126,True,
2025-08-29T19:14:54.459203,empathy,qwen2.5-coder-14b-instruct,588,1,1719,155,True,
2025-08-29T19:15:08.733549,generate,qwen2.5-coder-14b-instruct,2249,447,14273,580,True,
2025-08-29T19:15:10.507431,kindness,qwen2.5-coder-14b-instruct,758,1,1773,175,True,
2025-08-29T19:15:11.950828,toxicity,qwen2.5-coder-14b-instruct,611,1,1442,144,True,
2025-08-29T19:15:13.688386,empathy,qwen2.5-coder-14b-instruct,750,1,1736,173,True,
2025-08-29T19:15:24.930784,generate,qwen2.5-coder-14b-instruct,2502,237,11241,586,True,
2025-08-29T19:15:26.661393,kindness,qwen2.5-coder-14b-instruct,548,1,1729,146,True,
2025-08-29T19:15:28.060362,toxicity,qwen2.5-coder-14b-instruct,401,1,1398,115,True,
2025-08-29T19:15:29.522522,empathy,qwen2.5-coder-14b-instruct,540,1,1461,144,True,
2025-08-29T19:15:31.237375,bridge,qwen2.5-coder-14b-instruct,941,1,1714,212,True,
2025-08-29T19:15:42.499116,generate,qwen2.5-coder-14b-instruct,2434,273,11260,577,True,
2025-08-29T19:15:44.355943,kindness,qwen2.5-coder-14b-instruct,584,1,1840,150,True,
2025-08-29T19:15:45.764117,toxicity,qwen2.5-coder-14b-instruct,437,1,1407,119,True,
2025-08-29T19:15:47.204329,empathy,qwen2.5-coder-14b-instruct,576,1,1439,148,True,
2025-08-29T19:15:48.924662,bridge,qwen2.5-coder-14b-instruct,768,1,1719,187,True,
2025-08-29T19:15:59.561031,generate,qwen2.5-coder-14b-instruct,844,278,9612,292,True,
2025-08-29T19:16:01.294958,kindness,qwen2.5-coder-14b-instruct,582,1,1733,148,True,
2025-08-29T19:16:02.738733,toxicity,qwen2.5-coder-14b-instruct,442,1,1443,122,True,
2025-08-29T19:16:04.194315,empathy,qwen2.5-coder-14b-instruct,574,1,1454,146,True,
2025-08-29T19:16:15.488983,generate,qwen2.5-coder-14b-instruct,1089,349,11292,334,True,
2025-08-29T19:16:17.204261,kindness,qwen2.5-coder-14b-instruct,653,1,1714,155,True,
2025-08-29T19:16:18.709763,toxicity,qwen2.5-coder-14b-instruct,513,1,1504,129,True,
2025-08-29T19:16:20.506381,empathy,qwen2.5-coder-14b-instruct,645,1,1796,153,True,
2025-08-29T19:16:30.267651,generate,qwen2.5-coder-14b-instruct,1497,304,9760,413,True,
2025-08-29T19:16:31.973984,kindness,qwen2.5-coder-14b-instruct,608,1,1705,145,True,
2025-08-29T19:16:33.406535,toxicity,qwen2.5-coder-14b-instruct,468,1,1431,119,True,
2025-08-29T19:16:34.865661,empathy,qwen2.5-coder-14b-instruct,600,1,1458,143,True,
2025-08-29T19:16:36.686994,bridge,qwen2.5-coder-14b-instruct,910,1,1820,200,True,
2025-08-29T19:16:48.066624,generate,qwen2.5-coder-14b-instruct,1786,257,11378,447,True,
2025-08-29T19:16:49.893011,kindness,qwen2.5-coder-14b-instruct,561,1,1824,152,True,
2025-08-29T19:16:51.372244,toxicity,qwen2.5-coder-14b-instruct,421,1,1478,126,True,
2025-08-29T19:16:52.819186,empathy,qwen2.5-coder-14b-instruct,553,1,1446,150,True,
2025-08-29T19:16:54.637766,bridge,qwen2.5-coder-14b-instruct,818,1,1818,197,True,
2025-08-29T19:17:04.550260,generate,qwen2.5-coder-14b-instruct,2064,211,9911,504,True,
2025-08-29T19:17:06.344062,kindness,qwen2.5-coder-14b-instruct,515,1,1793,140,True,
2025-08-29T19:17:07.795570,toxicity,qwen2.5-coder-14b-instruct,375,1,1450,114,True,
2025-08-29T19:17:09.319800,empathy,qwen2.5-coder-14b-instruct,507,1,1523,138,True,
2025-08-29T19:17:11.157332,bridge,qwen2.5-coder-14b-instruct,725,1,1836,192,True,
2025-08-29T19:17:27.972854,generate,qwen2.5-coder-14b-instruct,2307,417,16814,603,True,
2025-08-29T19:17:29.834225,kindness,qwen2.5-coder-14b-instruct,721,1,1860,176,True,
2025-08-29T19:17:31.275236,toxicity,qwen2.5-coder-14b-instruct,581,1,1440,150,True,
2025-08-29T19:17:33.086350,empathy,qwen2.5-coder-14b-instruct,713,1,1810,174,True,
2025-08-29T19:17:34.949588,bridge,qwen2.5-coder-14b-instruct,886,1,1862,217,True,
2025-08-29T19:17:45.277218,generate,qwen2.5-coder-14b-instruct,2447,224,10326,593,True,
2025-08-29T19:17:47.083621,kindness,qwen2.5-coder-14b-instruct,528,1,1805,136,True,
2025-08-29T19:17:48.526757,toxicity,qwen2.5-coder-14b-instruct,388,1,1442,110,True,
2025-08-29T19:17:50.041128,empathy,qwen2.5-coder-14b-instruct,520,1,1513,134,True,
2025-08-29T19:18:05.020768,generate,qwen2.5-coder-14b-instruct,2328,318,14977,602,True,
2025-08-29T19:18:06.814443,kindness,qwen2.5-coder-14b-instruct,622,1,1792,161,True,
2025-08-29T19:18:08.325681,toxicity,qwen2.5-coder-14b-instruct,482,1,1510,135,True,
2025-08-29T19:18:10.147420,empathy,qwen2.5-coder-14b-instruct,614,1,1821,159,True,
2025-08-29T19:18:11.999936,bridge,qwen2.5-coder-14b-instruct,800,1,1852,198,True,
2025-08-29T19:18:23.570057,generate,qwen2.5-coder-14b-instruct,2341,268,11568,595,True,
2025-08-29T19:18:25.384379,kindness,qwen2.5-coder-14b-instruct,572,1,1813,143,True,
2025-08-29T19:18:26.839192,toxicity,qwen2.5-coder-14b-instruct,432,1,1454,117,True,
2025-08-29T19:18:28.352899,empathy,qwen2.5-coder-14b-instruct,564,1,1513,141,True,
2025-08-29T19:18:30.198683,bridge,qwen2.5-coder-14b-instruct,844,1,1845,205,True,
2025-08-29T19:18:42.002130,generate,qwen2.5-coder-14b-instruct,2317,262,11802,571,True,
2025-08-29T19:18:43.796399,kindness,qwen2.5-coder-14b-instruct,566,1,1793,146,True,
2025-08-29T19:18:45.266224,toxicity,qwen2.5-coder-14b-instruct,426,1,1469,120,True,
2025-08-29T19:18:46.788455,empathy,qwen2.5-coder-14b-instruct,558,1,1521,144,True,
2025-08-29T19:18:55.516025,generate,qwen2.5-coder-14b-instruct,837,173,8726,286,True,
2025-08-29T19:18:57.327941,kindness,qwen2.5-coder-14b-instruct,484,1,1811,145,True,
2025-08-29T19:18:58.792757,toxicity,qwen2.5-coder-14b-instruct,337,1,1464,114,True,
2025-08-29T19:19:00.296790,empathy,qwen2.5-coder-14b-instruct,476,1,1503,143,True,
2025-08-29T19:19:07.494196,generate,qwen2.5-coder-14b-instruct,998,159,7196,310,True,
2025-08-29T19:19:09.015628,kindness,qwen2.5-coder-14b-instruct,470,1,1520,132,True,
2025-08-29T19:19:10.464361,toxicity,qwen2.5-coder-14b-instruct,323,1,1448,101,True,
2025-08-29T19:19:11.949534,empathy,qwen2.5-coder-14b-instruct,462,1,1484,130,True,
2025-08-29T19:19:22.943442,generate,qwen2.5-coder-14b-instruct,1171,291,10992,357,True,
2025-08-29T19:19:24.738656,kindness,qwen2.5-coder-14b-instruct,602,1,1794,155,True,
2025-08-29T19:19:26.240520,toxicity,qwen2.5-coder-14b-instruct,455,1,1501,124,True,
2025-08-29T19:19:28.043338,empathy,qwen2.5-coder-14b-instruct,594,1,1802,153,True,
2025-08-29T19:19:29.851433,bridge,qwen2.5-coder-14b-instruct,707,1,1807,177,True,
2025-08-29T19:19:41.769711,generate,qwen2.5-coder-14b-instruct,1488,315,11917,433,True,
2025-08-29T19:19:43.565862,kindness,qwen2.5-coder-14b-instruct,626,1,1795,160,True,
2025-08-29T19:19:45.061542,toxicity,qwen2.5-coder-14b-instruct,479,1,1495,129,True,
2025-08-29T19:19:46.857092,empathy,qwen2.5-coder-14b-instruct,618,1,1794,158,True,
2025-08-29T19:19:56.822777,generate,qwen2.5-coder-14b-instruct,1812,246,9964,480,True,
2025-08-29T19:19:58.641213,kindness,qwen2.5-coder-14b-instruct,557,1,1817,146,True,
2025-08-29T19:20:00.082738,toxicity,qwen2.5-coder-14b-instruct,410,1,1440,115,True,
2025-08-29T19:20:01.620709,empathy,qwen2.5-coder-14b-instruct,549,1,1537,144,True,
2025-08-29T19:20:13.965309,generate,qwen2.5-coder-14b-instruct,2064,326,12343,537,True,
2025-08-29T19:20:15.760303,kindness,qwen2.5-coder-14b-instruct,637,1,1794,160,True,
2025-08-29T19:20:17.253685,toxicity,qwen2.5-coder-14b-instruct,490,1,1492,129,True,
2025-08-29T19:20:19.042464,empathy,qwen2.5-coder-14b-instruct,629,1,1788,158,True,
2025-08-29T19:20:28.067236,generate,qwen2.5-coder-14b-instruct,2242,165,9023,551,True,
2025-08-29T19:20:29.862700,kindness,qwen2.5-coder-14b-instruct,476,1,1794,137,True,
2025-08-29T19:20:31.302424,toxicity,qwen2.5-coder-14b-instruct,329,1,1439,106,True,
2025-08-29T19:20:32.833865,empathy,qwen2.5-coder-14b-instruct,468,1,1530,135,True,
2025-08-29T19:20:34.653480,bridge,qwen2.5-coder-14b-instruct,747,1,1819,187,True,
2025-08-29T19:20:44.747448,generate,qwen2.5-coder-14b-instruct,2239,246,10092,550,True,
2025-08-29T19:20:46.532602,kindness,qwen2.5-coder-14b-instruct,557,1,1784,146,True,
2025-08-29T19:20:47.986457,toxicity,qwen2.5-coder-14b-instruct,410,1,1453,115,True,
2025-08-29T19:20:49.487126,empathy,qwen2.5-coder-14b-instruct,549,1,1500,144,True,
2025-08-29T19:20:51.281287,bridge,qwen2.5-coder-14b-instruct,668,1,1793,174,True,
2025-08-29T19:21:02.520869,generate,qwen2.5-coder-14b-instruct,2216,315,11238,562,True,
2025-08-29T19:21:04.337654,kindness,qwen2.5-coder-14b-instruct,626,1,1816,153,True,
2025-08-29T19:21:05.825812,toxicity,qwen2.5-coder-14b-instruct,479,1,1487,122,True,
2025-08-29T19:21:07.621962,empathy,qwen2.5-coder-14b-instruct,618,1,1795,151,True,
2025-08-29T19:21:09.466701,bridge,qwen2.5-coder-14b-instruct,819,1,1844,190,True,
2025-08-29T19:21:22.183675,generate,qwen2.5-coder-14b-instruct,2216,306,12715,570,True,
2025-08-29T19:21:23.961643,kindness,qwen2.5-coder-14b-instruct,617,1,1777,163,True,
2025-08-29T19:21:25.460998,toxicity,qwen2.5-coder-14b-instruct,470,1,1498,132,True,
2025-08-29T19:21:27.273290,empathy,qwen2.5-coder-14b-instruct,609,1,1811,161,True,
2025-08-29T19:21:36.302661,generate,qwen2.5-coder-14b-instruct,823,165,7998,297,True,
2025-08-29T19:21:37.816046,kindness,qwen2.5-coder-14b-instruct,424,1,1512,131,True,
2025-08-29T19:21:39.263318,toxicity,qwen2.5-coder-14b-instruct,329,1,1446,107,True,
2025-08-29T19:21:40.776691,empathy,qwen2.5-coder-14b-instruct,416,1,1512,129,True,
2025-08-29T19:21:52.341192,generate,qwen2.5-coder-14b-instruct,967,341,11563,346,True,
2025-08-29T19:21:54.155155,kindness,qwen2.5-coder-14b-instruct,600,1,1813,152,True,
2025-08-29T19:21:55.644274,toxicity,qwen2.5-coder-14b-instruct,505,1,1488,128,True,
2025-08-29T19:21:57.085011,empathy,qwen2.5-coder-14b-instruct,592,1,1440,150,True,
2025-08-29T19:21:58.904630,bridge,qwen2.5-coder-14b-instruct,763,1,1819,187,True,
2025-08-29T19:22:11.269795,generate,qwen2.5-coder-14b-instruct,1325,270,12363,409,True,
2025-08-29T19:22:13.071413,kindness,qwen2.5-coder-14b-instruct,529,1,1800,157,True,
2025-08-29T19:22:14.584494,toxicity,qwen2.5-coder-14b-instruct,434,1,1512,133,True,
2025-08-29T19:22:16.365365,empathy,qwen2.5-coder-14b-instruct,521,1,1780,155,True,
2025-08-29T19:22:18.228513,bridge,qwen2.5-coder-14b-instruct,869,1,1862,214,True,
2025-08-29T19:22:29.705312,generate,qwen2.5-coder-14b-instruct,1590,267,11475,452,True,
2025-08-29T19:22:31.492557,kindness,qwen2.5-coder-14b-instruct,526,1,1786,148,True,
2025-08-29T19:22:32.988062,toxicity,qwen2.5-coder-14b-instruct,431,1,1494,124,True,
2025-08-29T19:22:34.491622,empathy,qwen2.5-coder-14b-instruct,518,1,1502,146,True,
2025-08-29T19:22:47.201939,generate,qwen2.5-coder-14b-instruct,1881,279,12708,525,True,
2025-08-29T19:22:49.007575,kindness,qwen2.5-coder-14b-instruct,538,1,1804,156,True,
2025-08-29T19:22:50.489822,toxicity,qwen2.5-coder-14b-instruct,443,1,1481,132,True,
2025-08-29T19:22:52.283492,empathy,qwen2.5-coder-14b-instruct,530,1,1793,154,True,
2025-08-29T19:23:07.414516,generate,qwen2.5-coder-14b-instruct,2181,347,15129,602,True,
2025-08-29T19:23:09.213183,kindness,qwen2.5-coder-14b-instruct,606,1,1797,161,True,
2025-08-29T19:23:10.742400,toxicity,qwen2.5-coder-14b-instruct,511,1,1528,137,True,
2025-08-29T19:23:12.556036,empathy,qwen2.5-coder-14b-instruct,598,1,1813,159,True,
2025-08-29T19:23:14.446497,bridge,qwen2.5-coder-14b-instruct,883,1,1889,222,True,
2025-08-29T19:23:26.500692,generate,qwen2.5-coder-14b-instruct,2384,255,12052,624,True,
2025-08-29T19:23:28.322687,kindness,qwen2.5-coder-14b-instruct,514,1,1821,145,True,
2025-08-29T19:23:29.800363,toxicity,qwen2.5-coder-14b-instruct,419,1,1477,121,True,
2025-08-29T19:23:31.309891,empathy,qwen2.5-coder-14b-instruct,506,1,1508,143,True,
2025-08-29T19:23:33.118591,bridge,qwen2.5-coder-14b-instruct,859,1,1808,211,True,
2025-08-29T19:23:45.643648,generate,qwen2.5-coder-14b-instruct,2283,288,12523,606,True,
2025-08-29T19:23:47.435257,kindness,qwen2.5-coder-14b-instruct,547,1,1790,148,True,
2025-08-29T19:23:48.924777,toxicity,qwen2.5-coder-14b-instruct,452,1,1489,124,True,
2025-08-29T19:23:50.428975,empathy,qwen2.5-coder-14b-instruct,539,1,1503,146,True,
2025-08-29T19:23:52.265231,bridge,qwen2.5-coder-14b-instruct,800,1,1835,197,True,
2025-08-29T19:24:04.249841,generate,qwen2.5-coder-14b-instruct,2274,317,11983,573,True,
2025-08-29T19:24:06.043138,kindness,qwen2.5-coder-14b-instruct,576,1,1792,147,True,
2025-08-29T19:24:07.539380,toxicity,qwen2.5-coder-14b-instruct,481,1,1495,123,True,
2025-08-29T19:24:09.068330,empathy,qwen2.5-coder-14b-instruct,568,1,1528,145,True,
2025-08-29T19:24:10.910100,bridge,qwen2.5-coder-14b-instruct,862,1,1841,199,True,
2025-08-29T19:24:20.090749,generate,qwen2.5-coder-14b-instruct,2324,171,9179,554,True,
2025-08-29T19:24:21.590867,kindness,qwen2.5-coder-14b-instruct,430,1,1499,131,True,
2025-08-29T19:24:23.043611,toxicity,qwen2.5-coder-14b-instruct,335,1,1452,107,True,
2025-08-29T19:24:24.560114,empathy,qwen2.5-coder-14b-instruct,422,1,1516,129,True,
2025-08-29T19:24:26.382316,bridge,qwen2.5-coder-14b-instruct,745,1,1821,182,True,
2025-08-29T19:24:38.583720,generate,qwen2.5-coder-14b-instruct,874,338,12186,326,True,
2025-08-29T19:24:40.376676,kindness,qwen2.5-coder-14b-instruct,642,1,1792,158,True,
2025-08-29T19:24:41.886981,toxicity,qwen2.5-coder-14b-instruct,502,1,1509,132,True,
2025-08-29T19:24:43.659817,empathy,qwen2.5-coder-14b-instruct,634,1,1772,156,True,
2025-08-29T19:24:56.449267,generate,qwen2.5-coder-14b-instruct,1187,344,12787,380,True,
2025-08-29T19:24:58.242742,kindness,qwen2.5-coder-14b-instruct,648,1,1792,161,True,
2025-08-29T19:24:59.755947,toxicity,qwen2.5-coder-14b-instruct,508,1,1512,135,True,
2025-08-29T19:25:01.568230,empathy,qwen2.5-coder-14b-instruct,640,1,1811,159,True,
2025-08-29T19:25:10.671878,generate,qwen2.5-coder-14b-instruct,1547,245,9102,422,True,
2025-08-29T19:25:12.455747,kindness,qwen2.5-coder-14b-instruct,549,1,1783,138,True,
2025-08-29T19:25:13.912768,toxicity,qwen2.5-coder-14b-instruct,409,1,1456,112,True,
2025-08-29T19:25:15.435450,empathy,qwen2.5-coder-14b-instruct,541,1,1522,136,True,
2025-08-29T19:25:17.282709,bridge,qwen2.5-coder-14b-instruct,846,1,1846,199,True,
2025-08-29T19:25:28.765890,generate,qwen2.5-coder-14b-instruct,1812,336,11481,478,True,
2025-08-29T19:25:30.583282,kindness,qwen2.5-coder-14b-instruct,640,1,1816,150,True,
2025-08-29T19:25:32.084207,toxicity,qwen2.5-coder-14b-instruct,500,1,1500,124,True,
2025-08-29T19:25:33.573428,empathy,qwen2.5-coder-14b-instruct,632,1,1488,148,True,
2025-08-29T19:25:44.283679,generate,qwen2.5-coder-14b-instruct,2140,216,10709,519,True,
2025-08-29T19:25:46.110862,kindness,qwen2.5-coder-14b-instruct,520,1,1826,145,True,
2025-08-29T19:25:47.580343,toxicity,qwen2.5-coder-14b-instruct,380,1,1468,119,True,
2025-08-29T19:25:49.096954,empathy,qwen2.5-coder-14b-instruct,512,1,1516,143,True,
2025-08-29T19:26:00.232481,generate,qwen2.5-coder-14b-instruct,2392,234,11133,578,True,
2025-08-29T19:26:02.014199,kindness,qwen2.5-coder-14b-instruct,538,1,1781,139,True,
2025-08-29T19:26:03.486374,toxicity,qwen2.5-coder-14b-instruct,398,1,1471,113,True,
2025-08-29T19:26:04.995670,empathy,qwen2.5-coder-14b-instruct,530,1,1508,137,True,
2025-08-29T19:26:17.380933,generate,qwen2.5-coder-14b-instruct,2295,241,12383,576,True,
2025-08-29T19:26:19.201168,kindness,qwen2.5-coder-14b-instruct,545,1,1819,150,True,
2025-08-29T19:26:20.693228,toxicity,qwen2.5-coder-14b-instruct,405,1,1491,124,True,
2025-08-29T19:26:22.181750,empathy,qwen2.5-coder-14b-instruct,537,1,1487,148,True,
2025-08-29T19:26:24.035331,bridge,qwen2.5-coder-14b-instruct,734,1,1853,191,True,
2025-08-29T19:26:35.548680,generate,qwen2.5-coder-14b-instruct,2158,286,11512,537,True,
2025-08-29T19:26:37.367898,kindness,qwen2.5-coder-14b-instruct,590,1,1818,150,True,
2025-08-29T19:26:38.864791,toxicity,qwen2.5-coder-14b-instruct,450,1,1496,124,True,
2025-08-29T19:26:40.350808,empathy,qwen2.5-coder-14b-instruct,582,1,1485,148,True,
2025-08-29T19:26:42.215573,bridge,qwen2.5-coder-14b-instruct,785,1,1864,201,True,
2025-08-29T19:26:53.859503,generate,qwen2.5-coder-14b-instruct,2218,274,11642,569,True,
2025-08-29T19:26:55.660282,kindness,qwen2.5-coder-14b-instruct,578,1,1800,148,True,
2025-08-29T19:26:57.133237,toxicity,qwen2.5-coder-14b-instruct,438,1,1472,122,True,
2025-08-29T19:26:58.655258,empathy,qwen2.5-coder-14b-instruct,570,1,1521,146,True,
2025-08-29T19:27:00.502033,bridge,qwen2.5-coder-14b-instruct,817,1,1846,198,True,
2025-08-29T19:27:12.458549,generate,qwen2.5-coder-14b-instruct,2175,272,11955,577,True,
2025-08-29T19:27:14.253912,kindness,qwen2.5-coder-14b-instruct,576,1,1794,146,True,
2025-08-29T19:27:15.726526,toxicity,qwen2.5-coder-14b-instruct,436,1,1472,120,True,
2025-08-29T19:27:17.236275,empathy,qwen2.5-coder-14b-instruct,568,1,1509,144,True,
2025-08-29T19:27:19.043434,bridge,qwen2.5-coder-14b-instruct,804,1,1806,194,True,
2025-08-29T19:27:28.977810,generate,qwen2.5-coder-14b-instruct,865,170,8928,304,True,
2025-08-29T19:27:30.783774,kindness,qwen2.5-coder-14b-instruct,486,1,1805,145,True,
2025-08-29T19:27:32.246563,toxicity,qwen2.5-coder-14b-instruct,334,1,1462,112,True,
2025-08-29T19:27:33.751033,empathy,qwen2.5-coder-14b-instruct,478,1,1503,143,True,
2025-08-29T19:27:45.872911,generate,qwen2.5-coder-14b-instruct,999,287,12120,337,True,
2025-08-29T19:27:47.668574,kindness,qwen2.5-coder-14b-instruct,603,1,1795,164,True,
2025-08-29T19:27:49.155764,toxicity,qwen2.5-coder-14b-instruct,451,1,1486,131,True,
2025-08-29T19:27:50.966630,empathy,qwen2.5-coder-14b-instruct,595,1,1810,162,True,
2025-08-29T19:28:02.012153,generate,qwen2.5-coder-14b-instruct,1334,318,11044,415,True,
2025-08-29T19:28:03.816375,kindness,qwen2.5-coder-14b-instruct,634,1,1803,157,True,
2025-08-29T19:28:05.299399,toxicity,qwen2.5-coder-14b-instruct,482,1,1482,124,True,
2025-08-29T19:28:07.084651,empathy,qwen2.5-coder-14b-instruct,626,1,1784,155,True,
2025-08-29T19:28:19.305185,generate,qwen2.5-coder-14b-instruct,1636,279,12219,462,True,
2025-08-29T19:28:21.086251,kindness,qwen2.5-coder-14b-instruct,595,1,1780,162,True,
2025-08-29T19:28:22.582450,toxicity,qwen2.5-coder-14b-instruct,443,1,1495,129,True,
2025-08-29T19:28:24.381259,empathy,qwen2.5-coder-14b-instruct,587,1,1798,160,True,
2025-08-29T19:28:26.212778,bridge,qwen2.5-coder-14b-instruct,854,1,1831,205,True,
2025-08-29T19:28:37.042569,generate,qwen2.5-coder-14b-instruct,1969,241,10828,544,True,
2025-08-29T19:28:38.873704,kindness,qwen2.5-coder-14b-instruct,557,1,1830,152,True,
2025-08-29T19:28:40.345649,toxicity,qwen2.5-coder-14b-instruct,405,1,1471,119,True,
2025-08-29T19:28:41.798199,empathy,qwen2.5-coder-14b-instruct,549,1,1452,150,True,
2025-08-29T19:28:43.627586,bridge,qwen2.5-coder-14b-instruct,778,1,1828,201,True,
2025-08-29T19:28:59.645233,generate,qwen2.5-coder-14b-instruct,2227,352,16016,619,True,
2025-08-29T19:29:01.501979,kindness,qwen2.5-coder-14b-instruct,668,1,1856,177,True,
2025-08-29T19:29:03.022227,toxicity,qwen2.5-coder-14b-instruct,516,1,1519,144,True,
2025-08-29T19:29:04.818900,empathy,qwen2.5-coder-14b-instruct,660,1,1796,175,True,
2025-08-29T19:29:06.674899,bridge,qwen2.5-coder-14b-instruct,851,1,1855,216,True,
2025-08-29T19:29:17.764879,generate,qwen2.5-coder-14b-instruct,2396,259,11088,609,True,
2025-08-29T19:29:19.473849,kindness,qwen2.5-coder-14b-instruct,575,1,1708,148,True,
2025-08-29T19:29:20.880275,toxicity,qwen2.5-coder-14b-instruct,423,1,1405,115,True,
2025-08-29T19:29:22.331988,empathy,qwen2.5-coder-14b-instruct,567,1,1451,146,True,
2025-08-29T19:29:24.043537,bridge,qwen2.5-coder-14b-instruct,869,1,1710,211,True,
2025-08-29T19:29:33.388990,generate,qwen2.5-coder-14b-instruct,2345,210,9344,567,True,
2025-08-29T19:29:35.076500,kindness,qwen2.5-coder-14b-instruct,526,1,1686,139,True,
2025-08-29T19:29:36.472348,toxicity,qwen2.5-coder-14b-instruct,374,1,1395,106,True,
2025-08-29T19:29:37.939968,empathy,qwen2.5-coder-14b-instruct,518,1,1467,137,True,
2025-08-29T19:29:49.025335,generate,qwen2.5-coder-14b-instruct,2266,330,11084,579,True,
2025-08-29T19:29:50.778871,kindness,qwen2.5-coder-14b-instruct,646,1,1753,150,True,
2025-08-29T19:29:52.166471,toxicity,qwen2.5-coder-14b-instruct,494,1,1386,117,True,
2025-08-29T19:29:53.645410,empathy,qwen2.5-coder-14b-instruct,638,1,1478,148,True,
2025-08-29T19:30:04.053451,generate,qwen2.5-coder-14b-instruct,2306,283,10406,555,True,
2025-08-29T19:30:05.788667,kindness,qwen2.5-coder-14b-instruct,599,1,1734,154,True,
2025-08-29T19:30:07.268625,toxicity,qwen2.5-coder-14b-instruct,447,1,1479,121,True,
2025-08-29T19:30:09.110697,empathy,qwen2.5-coder-14b-instruct,591,1,1841,152,True,
2025-08-29T19:30:10.848531,bridge,qwen2.5-coder-14b-instruct,870,1,1737,190,True,
2025-08-29T19:30:21.916822,generate,qwen2.5-coder-14b-instruct,882,302,11041,328,True,
2025-08-29T19:30:23.651494,kindness,qwen2.5-coder-14b-instruct,613,1,1734,159,True,
2025-08-29T19:30:25.187542,toxicity,qwen2.5-coder-14b-instruct,466,1,1535,128,True,
2025-08-29T19:30:26.869492,empathy,qwen2.5-coder-14b-instruct,605,1,1681,157,True,
2025-08-29T19:30:38.394213,generate,qwen2.5-coder-14b-instruct,1125,314,11523,352,True,
2025-08-29T19:30:40.134679,kindness,qwen2.5-coder-14b-instruct,625,1,1739,161,True,
2025-08-29T19:30:41.670762,toxicity,qwen2.5-coder-14b-instruct,478,1,1535,130,True,
2025-08-29T19:30:43.390917,empathy,qwen2.5-coder-14b-instruct,617,1,1719,159,True,
2025-08-29T19:30:54.590647,generate,qwen2.5-coder-14b-instruct,1482,341,11198,430,True,
2025-08-29T19:30:56.306660,kindness,qwen2.5-coder-14b-instruct,652,1,1715,159,True,
2025-08-29T19:30:57.852837,toxicity,qwen2.5-coder-14b-instruct,505,1,1545,128,True,
2025-08-29T19:30:59.569089,empathy,qwen2.5-coder-14b-instruct,644,1,1715,157,True,
2025-08-29T19:31:04.101207,generate,qwen2.5-coder-14b-instruct,1849,44,4531,459,True,
2025-08-29T19:31:05.545263,kindness,qwen2.5-coder-14b-instruct,355,1,1443,114,True,
2025-08-29T19:31:06.817846,toxicity,qwen2.5-coder-14b-instruct,208,1,1272,83,True,
2025-08-29T19:31:08.298098,empathy,qwen2.5-coder-14b-instruct,347,1,1477,112,True,
2025-08-29T19:31:10.035081,bridge,qwen2.5-coder-14b-instruct,642,1,1736,163,True,
2025-08-29T19:31:19.725368,generate,qwen2.5-coder-14b-instruct,1868,257,9689,475,True,
2025-08-29T19:31:21.504513,kindness,qwen2.5-coder-14b-instruct,568,1,1778,147,True,
2025-08-29T19:31:22.898499,toxicity,qwen2.5-coder-14b-instruct,421,1,1393,116,True,
2025-08-29T19:31:24.473944,empathy,qwen2.5-coder-14b-instruct,560,1,1575,145,True,
2025-08-29T19:31:26.173162,bridge,qwen2.5-coder-14b-instruct,558,1,1698,151,True,
2025-08-29T19:31:37.893804,generate,qwen2.5-coder-14b-instruct,2161,351,11719,558,True,
2025-08-29T19:31:39.601217,kindness,qwen2.5-coder-14b-instruct,662,1,1706,159,True,
2025-08-29T19:31:41.022587,toxicity,qwen2.5-coder-14b-instruct,515,1,1420,128,True,
2025-08-29T19:31:42.740383,empathy,qwen2.5-coder-14b-instruct,654,1,1717,157,True,
2025-08-29T19:31:44.548009,bridge,qwen2.5-coder-14b-instruct,865,1,1807,196,True,
2025-08-29T19:31:54.708153,generate,qwen2.5-coder-14b-instruct,2231,254,10158,563,True,
2025-08-29T19:31:56.408738,kindness,qwen2.5-coder-14b-instruct,565,1,1699,147,True,
2025-08-29T19:31:57.860883,toxicity,qwen2.5-coder-14b-instruct,418,1,1451,116,True,
2025-08-29T19:31:59.392895,empathy,qwen2.5-coder-14b-instruct,557,1,1531,145,True,
2025-08-29T19:32:01.150789,bridge,qwen2.5-coder-14b-instruct,862,1,1757,196,True,
2025-08-29T19:32:11.072603,generate,qwen2.5-coder-14b-instruct,2163,263,9920,534,True,
2025-08-29T19:32:12.778615,kindness,qwen2.5-coder-14b-instruct,574,1,1705,148,True,
2025-08-29T19:32:14.168018,toxicity,qwen2.5-coder-14b-instruct,427,1,1388,117,True,
2025-08-29T19:32:15.608960,empathy,qwen2.5-coder-14b-instruct,566,1,1440,146,True,
2025-08-29T19:32:17.418796,bridge,qwen2.5-coder-14b-instruct,774,1,1809,185,True,
2025-08-29T19:32:28.475803,generate,qwen2.5-coder-14b-instruct,2064,271,11055,519,True,
2025-08-29T19:32:30.218387,kindness,qwen2.5-coder-14b-instruct,582,1,1741,155,True,
2025-08-29T19:32:31.649012,toxicity,qwen2.5-coder-14b-instruct,435,1,1430,124,True,
2025-08-29T19:32:33.353008,empathy,qwen2.5-coder-14b-instruct,574,1,1703,153,True,
2025-08-29T19:32:46.322824,generate,qwen2.5-coder-14b-instruct,2305,350,12968,573,True,
2025-08-29T19:32:48.041986,kindness,qwen2.5-coder-14b-instruct,661,1,1718,167,True,
2025-08-29T19:32:49.513771,toxicity,qwen2.5-coder-14b-instruct,514,1,1471,136,True,
2025-08-29T19:32:51.313438,empathy,qwen2.5-coder-14b-instruct,653,1,1799,165,True,
2025-08-29T19:32:53.009298,bridge,qwen2.5-coder-14b-instruct,878,1,1695,212,True,
2025-08-29T19:33:05.563872,generate,qwen2.5-coder-14b-instruct,871,371,11528,323,True,
2025-08-29T19:33:07.288331,kindness,qwen2.5-coder-14b-instruct,682,1,1723,165,True,
2025-08-29T19:33:08.821381,toxicity,qwen2.5-coder-14b-instruct,535,1,1532,134,True,
2025-08-29T19:33:10.561749,empathy,qwen2.5-coder-14b-instruct,674,1,1739,163,True,
2025-08-29T19:33:20.402334,generate,qwen2.5-coder-14b-instruct,1220,267,9839,368,True,
2025-08-29T19:33:22.145366,kindness,qwen2.5-coder-14b-instruct,578,1,1742,151,True,
2025-08-29T19:33:23.550640,toxicity,qwen2.5-coder-14b-instruct,431,1,1404,120,True,
2025-08-29T19:33:25.039479,empathy,qwen2.5-coder-14b-instruct,570,1,1488,149,True,
2025-08-29T19:33:37.355213,generate,qwen2.5-coder-14b-instruct,1504,318,12314,437,True,
2025-08-29T19:33:39.130401,kindness,qwen2.5-coder-14b-instruct,629,1,1774,166,True,
2025-08-29T19:33:40.670889,toxicity,qwen2.5-coder-14b-instruct,482,1,1539,135,True,
2025-08-29T19:33:42.366332,empathy,qwen2.5-coder-14b-instruct,621,1,1694,164,True,
2025-08-29T19:33:44.152129,bridge,qwen2.5-coder-14b-instruct,843,1,1785,208,True,
2025-08-29T19:33:56.953112,generate,qwen2.5-coder-14b-instruct,1842,320,12799,508,True,
2025-08-29T19:33:58.794849,kindness,qwen2.5-coder-14b-instruct,631,1,1841,166,True,
2025-08-29T19:34:00.330937,toxicity,qwen2.5-coder-14b-instruct,484,1,1535,135,True,
2025-08-29T19:34:02.071803,empathy,qwen2.5-coder-14b-instruct,623,1,1740,164,True,
2025-08-29T19:34:03.853355,bridge,qwen2.5-coder-14b-instruct,897,1,1780,224,True,
2025-08-29T19:34:15.998675,generate,qwen2.5-coder-14b-instruct,2190,265,12144,580,True,
2025-08-29T19:34:17.736620,kindness,qwen2.5-coder-14b-instruct,576,1,1737,156,True,
2025-08-29T19:34:19.153089,toxicity,qwen2.5-coder-14b-instruct,429,1,1415,125,True,
2025-08-29T19:34:20.888652,empathy,qwen2.5-coder-14b-instruct,568,1,1734,154,True,
2025-08-29T19:34:22.583441,bridge,qwen2.5-coder-14b-instruct,843,1,1694,213,True,
2025-08-29T19:34:33.573670,generate,qwen2.5-coder-14b-instruct,2433,256,10988,596,True,
2025-08-29T19:34:35.309883,kindness,qwen2.5-coder-14b-instruct,567,1,1735,148,True,
2025-08-29T19:34:36.722807,toxicity,qwen2.5-coder-14b-instruct,420,1,1412,117,True,
2025-08-29T19:34:38.174374,empathy,qwen2.5-coder-14b-instruct,559,1,1451,146,True,
2025-08-29T19:34:39.960070,bridge,qwen2.5-coder-14b-instruct,778,1,1785,194,True,
2025-08-29T19:34:51.657031,generate,qwen2.5-coder-14b-instruct,2353,268,11695,615,True,
2025-08-29T19:34:53.383058,kindness,qwen2.5-coder-14b-instruct,579,1,1725,151,True,
2025-08-29T19:34:54.911243,toxicity,qwen2.5-coder-14b-instruct,432,1,1527,120,True,
2025-08-29T19:34:56.546492,empathy,qwen2.5-coder-14b-instruct,571,1,1634,149,True,
2025-08-29T19:34:58.388614,bridge,qwen2.5-coder-14b-instruct,782,1,1841,190,True,
2025-08-29T19:35:10.167790,generate,qwen2.5-coder-14b-instruct,2318,265,11777,586,True,
2025-08-29T19:35:11.907572,kindness,qwen2.5-coder-14b-instruct,576,1,1739,150,True,
2025-08-29T19:35:13.344030,toxicity,qwen2.5-coder-14b-instruct,429,1,1435,119,True,
2025-08-29T19:35:14.878886,empathy,qwen2.5-coder-14b-instruct,568,1,1534,148,True,
2025-08-29T19:35:28.393264,generate,qwen2.5-coder-14b-instruct,2290,263,13513,598,True,
2025-08-29T19:35:30.136958,kindness,qwen2.5-coder-14b-instruct,574,1,1743,161,True,
2025-08-29T19:35:31.672785,toxicity,qwen2.5-coder-14b-instruct,427,1,1535,130,True,
2025-08-29T19:35:33.385448,empathy,qwen2.5-coder-14b-instruct,566,1,1712,159,True,
2025-08-29T19:35:46.516744,generate,qwen2.5-coder-14b-instruct,2205,340,13130,579,True,
2025-08-29T19:35:48.262014,kindness,qwen2.5-coder-14b-instruct,651,1,1744,168,True,
2025-08-29T19:35:49.710725,toxicity,qwen2.5-coder-14b-instruct,504,1,1448,137,True,
2025-08-29T19:35:51.509466,empathy,qwen2.5-coder-14b-instruct,643,1,1798,166,True,
2025-08-29T19:35:53.281864,bridge,qwen2.5-coder-14b-instruct,859,1,1771,219,True,
2025-08-29T19:36:00.978319,generate,qwen2.5-coder-14b-instruct,819,196,7695,261,True,
2025-08-29T19:36:02.698848,kindness,qwen2.5-coder-14b-instruct,508,1,1720,139,True,
2025-08-29T19:36:04.093560,toxicity,qwen2.5-coder-14b-instruct,360,1,1394,110,True,
2025-08-29T19:36:05.537279,empathy,qwen2.5-coder-14b-instruct,500,1,1443,137,True,
2025-08-29T19:36:13.862536,generate,qwen2.5-coder-14b-instruct,1064,221,8324,344,True,
2025-08-29T19:36:15.601737,kindness,qwen2.5-coder-14b-instruct,533,1,1738,139,True,
2025-08-29T19:36:17.032871,toxicity,qwen2.5-coder-14b-instruct,385,1,1430,110,True,
2025-08-29T19:36:18.490694,empathy,qwen2.5-coder-14b-instruct,525,1,1457,137,True,
2025-08-29T19:36:29.528848,generate,qwen2.5-coder-14b-instruct,1302,376,11036,405,True,
2025-08-29T19:36:31.371359,kindness,qwen2.5-coder-14b-instruct,688,1,1841,156,True,
2025-08-29T19:36:32.907442,toxicity,qwen2.5-coder-14b-instruct,540,1,1535,127,True,
2025-08-29T19:36:34.634125,empathy,qwen2.5-coder-14b-instruct,680,1,1726,154,True,
2025-08-29T19:36:36.350005,bridge,qwen2.5-coder-14b-instruct,854,1,1715,189,True,
2025-08-29T19:36:48.037839,generate,qwen2.5-coder-14b-instruct,1688,376,11686,464,True,
2025-08-29T19:36:49.735906,kindness,qwen2.5-coder-14b-instruct,688,1,1697,158,True,
2025-08-29T19:36:51.234481,toxicity,qwen2.5-coder-14b-instruct,540,1,1497,129,True,
2025-08-29T19:36:52.975755,empathy,qwen2.5-coder-14b-instruct,680,1,1740,156,True,
2025-08-29T19:36:54.827459,bridge,qwen2.5-coder-14b-instruct,1010,1,1851,208,True,
2025-08-29T19:37:05.519398,generate,qwen2.5-coder-14b-instruct,2067,262,10690,509,True,
2025-08-29T19:37:07.262194,kindness,qwen2.5-coder-14b-instruct,574,1,1742,152,True,
2025-08-29T19:37:08.683397,toxicity,qwen2.5-coder-14b-instruct,426,1,1420,123,True,
2025-08-29T19:37:10.058340,empathy,qwen2.5-coder-14b-instruct,566,1,1374,150,True,
2025-08-29T19:37:11.808434,bridge,qwen2.5-coder-14b-instruct,897,1,1749,205,True,
2025-08-29T19:37:28.214805,generate,qwen2.5-coder-14b-instruct,2347,467,16405,601,True,
2025-08-29T19:37:29.969472,kindness,qwen2.5-coder-14b-instruct,779,1,1754,185,True,
2025-08-29T19:37:31.684827,toxicity,qwen2.5-coder-14b-instruct,631,1,1714,156,True,
2025-08-29T19:37:33.428293,empathy,qwen2.5-coder-14b-instruct,771,1,1742,183,True,
2025-08-29T19:37:35.234693,bridge,qwen2.5-coder-14b-instruct,989,1,1805,233,True,
2025-08-29T19:37:47.146787,generate,qwen2.5-coder-14b-instruct,2611,265,11910,596,True,
2025-08-29T19:37:48.880860,kindness,qwen2.5-coder-14b-instruct,577,1,1733,152,True,
2025-08-29T19:37:50.288524,toxicity,qwen2.5-coder-14b-instruct,429,1,1407,123,True,
2025-08-29T19:37:51.668453,empathy,qwen2.5-coder-14b-instruct,569,1,1379,150,True,
2025-08-29T19:37:53.496846,bridge,qwen2.5-coder-14b-instruct,990,1,1827,232,True,
2025-08-29T19:38:03.663825,generate,qwen2.5-coder-14b-instruct,2627,226,10165,577,True,
2025-08-29T19:38:05.393327,kindness,qwen2.5-coder-14b-instruct,538,1,1728,139,True,
2025-08-29T19:38:06.794207,toxicity,qwen2.5-coder-14b-instruct,390,1,1400,110,True,
2025-08-29T19:38:08.256516,empathy,qwen2.5-coder-14b-instruct,530,1,1461,137,True,
2025-08-29T19:38:09.994585,bridge,qwen2.5-coder-14b-instruct,748,1,1737,185,True,
2025-08-29T19:38:23.090352,generate,qwen2.5-coder-14b-instruct,2487,276,13094,597,True,
2025-08-29T19:38:24.829002,kindness,qwen2.5-coder-14b-instruct,588,1,1737,156,True,
2025-08-29T19:38:26.367035,toxicity,qwen2.5-coder-14b-instruct,440,1,1537,127,True,
2025-08-29T19:38:28.055599,empathy,qwen2.5-coder-14b-instruct,580,1,1688,154,True,
2025-08-29T19:38:41.320157,generate,qwen2.5-coder-14b-instruct,2386,299,13263,590,True,
2025-08-29T19:38:43.059195,kindness,qwen2.5-coder-14b-instruct,611,1,1738,159,True,
2025-08-29T19:38:44.595155,toxicity,qwen2.5-coder-14b-instruct,463,1,1535,130,True,
2025-08-29T19:38:46.335804,empathy,qwen2.5-coder-14b-instruct,603,1,1740,157,True,
2025-08-29T19:38:48.072569,bridge,qwen2.5-coder-14b-instruct,831,1,1736,209,True,
2025-08-29T19:38:58.363438,generate,qwen2.5-coder-14b-instruct,852,212,9284,308,True,
2025-08-29T19:39:00.159928,kindness,qwen2.5-coder-14b-instruct,514,1,1795,148,True,
2025-08-29T19:39:01.590151,toxicity,qwen2.5-coder-14b-instruct,376,1,1429,117,True,
2025-08-29T19:39:03.045372,empathy,qwen2.5-coder-14b-instruct,506,1,1454,146,True,
2025-08-29T19:39:13.183184,generate,qwen2.5-coder-14b-instruct,1069,269,10136,368,True,
2025-08-29T19:39:15.009842,kindness,qwen2.5-coder-14b-instruct,571,1,1825,153,True,
2025-08-29T19:39:16.439497,toxicity,qwen2.5-coder-14b-instruct,433,1,1429,122,True,
2025-08-29T19:39:18.164987,empathy,qwen2.5-coder-14b-instruct,563,1,1725,151,True,
2025-08-29T19:39:19.897642,bridge,qwen2.5-coder-14b-instruct,738,1,1732,192,True,
2025-08-29T19:39:30.569009,generate,qwen2.5-coder-14b-instruct,1297,303,10670,378,True,
2025-08-29T19:39:32.273995,kindness,qwen2.5-coder-14b-instruct,605,1,1704,156,True,
2025-08-29T19:39:33.707884,toxicity,qwen2.5-coder-14b-instruct,467,1,1433,125,True,
2025-08-29T19:39:35.421540,empathy,qwen2.5-coder-14b-instruct,597,1,1713,154,True,
2025-08-29T19:39:47.571035,generate,qwen2.5-coder-14b-instruct,1667,309,12148,486,True,
2025-08-29T19:39:49.248409,kindness,qwen2.5-coder-14b-instruct,611,1,1676,162,True,
2025-08-29T19:39:50.675721,toxicity,qwen2.5-coder-14b-instruct,473,1,1426,131,True,
2025-08-29T19:39:52.411304,empathy,qwen2.5-coder-14b-instruct,603,1,1734,160,True,
2025-08-29T19:39:54.155404,bridge,qwen2.5-coder-14b-instruct,869,1,1743,208,True,
2025-08-29T19:40:05.606785,generate,qwen2.5-coder-14b-instruct,1979,290,11450,536,True,
2025-08-29T19:40:07.354506,kindness,qwen2.5-coder-14b-instruct,592,1,1747,159,True,
2025-08-29T19:40:08.793555,toxicity,qwen2.5-coder-14b-instruct,454,1,1438,128,True,
2025-08-29T19:40:10.508480,empathy,qwen2.5-coder-14b-instruct,584,1,1714,157,True,
2025-08-29T19:40:12.224506,bridge,qwen2.5-coder-14b-instruct,858,1,1715,212,True,
2025-08-29T19:40:28.127387,generate,qwen2.5-coder-14b-instruct,2288,339,15901,614,True,
2025-08-29T19:40:29.868443,kindness,qwen2.5-coder-14b-instruct,641,1,1740,175,True,
2025-08-29T19:40:31.398127,toxicity,qwen2.5-coder-14b-instruct,503,1,1529,144,True,
2025-08-29T19:40:33.138157,empathy,qwen2.5-coder-14b-instruct,633,1,1739,173,True,
2025-08-29T19:40:45.223405,generate,qwen2.5-coder-14b-instruct,2404,234,12084,619,True,
2025-08-29T19:40:46.959006,kindness,qwen2.5-coder-14b-instruct,536,1,1734,154,True,
2025-08-29T19:40:48.375375,toxicity,qwen2.5-coder-14b-instruct,398,1,1415,123,True,
2025-08-29T19:40:50.064392,empathy,qwen2.5-coder-14b-instruct,528,1,1688,152,True,
2025-08-29T19:41:00.956793,generate,qwen2.5-coder-14b-instruct,2377,219,10891,617,True,
2025-08-29T19:41:02.835806,kindness,qwen2.5-coder-14b-instruct,521,1,1878,147,True,
2025-08-29T19:41:04.217685,toxicity,qwen2.5-coder-14b-instruct,383,1,1381,116,True,
2025-08-29T19:41:05.654000,empathy,qwen2.5-coder-14b-instruct,513,1,1435,145,True,
2025-08-29T19:41:07.439753,bridge,qwen2.5-coder-14b-instruct,710,1,1785,191,True,
2025-08-29T19:41:18.143913,generate,qwen2.5-coder-14b-instruct,2295,233,10702,607,True,
2025-08-29T19:41:19.836991,kindness,qwen2.5-coder-14b-instruct,535,1,1692,146,True,
2025-08-29T19:41:21.267885,toxicity,qwen2.5-coder-14b-instruct,397,1,1430,115,True,
2025-08-29T19:41:22.803615,empathy,qwen2.5-coder-14b-instruct,527,1,1535,144,True,
2025-08-29T19:41:32.367308,generate,qwen2.5-coder-14b-instruct,2183,214,9562,555,True,
2025-08-29T19:41:34.088990,kindness,qwen2.5-coder-14b-instruct,516,1,1721,146,True,
2025-08-29T19:41:35.491974,toxicity,qwen2.5-coder-14b-instruct,378,1,1402,115,True,
2025-08-29T19:41:36.949370,empathy,qwen2.5-coder-14b-instruct,508,1,1456,144,True,
2025-08-29T19:41:38.655298,bridge,qwen2.5-coder-14b-instruct,705,1,1705,183,True,
2025-08-29T19:41:46.663392,generate,qwen2.5-coder-14b-instruct,807,222,7985,265,True,
2025-08-29T19:41:48.389897,kindness,qwen2.5-coder-14b-instruct,517,1,1725,142,True,
2025-08-29T19:41:49.783055,toxicity,qwen2.5-coder-14b-instruct,386,1,1392,112,True,
2025-08-29T19:41:51.270601,empathy,qwen2.5-coder-14b-instruct,509,1,1486,140,True,
2025-08-29T19:42:00.484457,generate,qwen2.5-coder-14b-instruct,1044,217,9212,339,True,
2025-08-29T19:42:02.192023,kindness,qwen2.5-coder-14b-instruct,512,1,1706,146,True,
2025-08-29T19:42:03.661819,toxicity,qwen2.5-coder-14b-instruct,381,1,1469,116,True,
2025-08-29T19:42:05.187383,empathy,qwen2.5-coder-14b-instruct,504,1,1524,144,True,
2025-08-29T19:42:16.765367,generate,qwen2.5-coder-14b-instruct,1292,340,11576,417,True,
2025-08-29T19:42:18.509584,kindness,qwen2.5-coder-14b-instruct,635,1,1743,161,True,
2025-08-29T19:42:19.950952,toxicity,qwen2.5-coder-14b-instruct,504,1,1440,131,True,
2025-08-29T19:42:21.783465,empathy,qwen2.5-coder-14b-instruct,627,1,1831,159,True,
2025-08-29T19:42:36.224779,generate,qwen2.5-coder-14b-instruct,1652,377,14439,493,True,
2025-08-29T19:42:37.981215,kindness,qwen2.5-coder-14b-instruct,672,1,1756,176,True,
2025-08-29T19:42:39.410197,toxicity,qwen2.5-coder-14b-instruct,541,1,1428,146,True,
2025-08-29T19:42:41.241403,empathy,qwen2.5-coder-14b-instruct,664,1,1830,174,True,
2025-08-29T19:42:43.086222,bridge,qwen2.5-coder-14b-instruct,975,1,1844,229,True,
2025-08-29T19:42:57.626405,generate,qwen2.5-coder-14b-instruct,2008,377,14538,547,True,
2025-08-29T19:42:59.375205,kindness,qwen2.5-coder-14b-instruct,672,1,1748,176,True,
2025-08-29T19:43:00.901004,toxicity,qwen2.5-coder-14b-instruct,541,1,1525,146,True,
2025-08-29T19:43:02.644131,empathy,qwen2.5-coder-14b-instruct,664,1,1742,174,True,
2025-08-29T19:43:04.586083,bridge,qwen2.5-coder-14b-instruct,1011,1,1941,244,True,
2025-08-29T19:43:17.082371,generate,qwen2.5-coder-14b-instruct,2399,347,12494,608,True,
2025-08-29T19:43:18.787444,kindness,qwen2.5-coder-14b-instruct,642,1,1704,156,True,
2025-08-29T19:43:20.257939,toxicity,qwen2.5-coder-14b-instruct,511,1,1469,126,True,
2025-08-29T19:43:21.959613,empathy,qwen2.5-coder-14b-instruct,634,1,1701,154,True,
2025-08-29T19:43:37.466147,generate,qwen2.5-coder-14b-instruct,2550,375,15505,659,True,
2025-08-29T19:43:39.206544,kindness,qwen2.5-coder-14b-instruct,670,1,1739,174,True,
2025-08-29T19:43:40.667120,toxicity,qwen2.5-coder-14b-instruct,539,1,1460,144,True,
2025-08-29T19:43:42.369498,empathy,qwen2.5-coder-14b-instruct,662,1,1701,172,True,
2025-08-29T19:43:54.671384,generate,qwen2.5-coder-14b-instruct,2684,329,12300,642,True,
2025-08-29T19:43:56.415075,kindness,qwen2.5-coder-14b-instruct,624,1,1742,154,True,
2025-08-29T19:43:57.950312,toxicity,qwen2.5-coder-14b-instruct,493,1,1534,124,True,
2025-08-29T19:43:59.680225,empathy,qwen2.5-coder-14b-instruct,616,1,1729,152,True,
2025-08-29T19:44:12.697413,generate,qwen2.5-coder-14b-instruct,2720,329,13015,674,True,
2025-08-29T19:44:14.434901,kindness,qwen2.5-coder-14b-instruct,624,1,1736,158,True,
2025-08-29T19:44:15.876374,toxicity,qwen2.5-coder-14b-instruct,493,1,1440,128,True,
2025-08-29T19:44:17.612481,empathy,qwen2.5-coder-14b-instruct,616,1,1735,156,True,
2025-08-29T19:44:19.355224,bridge,qwen2.5-coder-14b-instruct,915,1,1742,204,True,
2025-08-29T19:44:35.324253,generate,qwen2.5-coder-14b-instruct,2655,414,15967,660,True,
2025-08-29T19:44:37.104980,kindness,qwen2.5-coder-14b-instruct,709,1,1780,177,True,
2025-08-29T19:44:38.535216,toxicity,qwen2.5-coder-14b-instruct,578,1,1429,147,True,
2025-08-29T19:44:40.344789,empathy,qwen2.5-coder-14b-instruct,701,1,1809,175,True,
2025-08-29T19:44:42.130769,bridge,qwen2.5-coder-14b-instruct,1001,1,1785,228,True,
2025-08-29T19:44:49.960912,generate,qwen2.5-coder-14b-instruct,852,187,6815,289,True,
2025-08-29T19:44:51.690570,kindness,qwen2.5-coder-14b-instruct,489,1,1729,135,True,
2025-08-29T19:44:53.145233,toxicity,qwen2.5-coder-14b-instruct,351,1,1454,104,True,
2025-08-29T19:44:54.678828,empathy,qwen2.5-coder-14b-instruct,481,1,1532,133,True,
2025-08-29T19:45:06.760764,generate,qwen2.5-coder-14b-instruct,1009,333,12080,325,True,
2025-08-29T19:45:08.478308,kindness,qwen2.5-coder-14b-instruct,635,1,1716,165,True,
2025-08-29T19:45:09.916634,toxicity,qwen2.5-coder-14b-instruct,497,1,1437,134,True,
2025-08-29T19:45:11.679609,empathy,qwen2.5-coder-14b-instruct,627,1,1762,163,True,
2025-08-29T19:45:23.555648,generate,qwen2.5-coder-14b-instruct,1367,312,11874,407,True,
2025-08-29T19:45:25.298656,kindness,qwen2.5-coder-14b-instruct,614,1,1742,163,True,
2025-08-29T19:45:26.734757,toxicity,qwen2.5-coder-14b-instruct,476,1,1435,132,True,
2025-08-29T19:45:28.482452,empathy,qwen2.5-coder-14b-instruct,606,1,1747,161,True,
2025-08-29T19:45:30.316687,bridge,qwen2.5-coder-14b-instruct,902,1,1833,219,True,
2025-08-29T19:45:37.621350,generate,qwen2.5-coder-14b-instruct,1668,170,7303,419,True,
2025-08-29T19:45:39.077777,kindness,qwen2.5-coder-14b-instruct,472,1,1456,132,True,
2025-08-29T19:45:40.553770,toxicity,qwen2.5-coder-14b-instruct,334,1,1475,101,True,
2025-08-29T19:45:42.089280,empathy,qwen2.5-coder-14b-instruct,464,1,1535,130,True,
2025-08-29T19:45:43.835140,bridge,qwen2.5-coder-14b-instruct,740,1,1745,186,True,
2025-08-29T19:45:55.750941,generate,qwen2.5-coder-14b-instruct,1883,314,11914,514,True,
2025-08-29T19:45:57.554727,kindness,qwen2.5-coder-14b-instruct,616,1,1803,161,True,
2025-08-29T19:45:59.015099,toxicity,qwen2.5-coder-14b-instruct,478,1,1459,130,True,
2025-08-29T19:46:00.732361,empathy,qwen2.5-coder-14b-instruct,608,1,1716,159,True,
2025-08-29T19:46:12.813140,generate,qwen2.5-coder-14b-instruct,2234,268,12079,586,True,
2025-08-29T19:46:14.544075,kindness,qwen2.5-coder-14b-instruct,570,1,1730,153,True,
2025-08-29T19:46:15.987625,toxicity,qwen2.5-coder-14b-instruct,432,1,1442,122,True,
2025-08-29T19:46:17.728620,empathy,qwen2.5-coder-14b-instruct,562,1,1740,151,True,
2025-08-29T19:46:19.483625,bridge,qwen2.5-coder-14b-instruct,839,1,1754,204,True,
2025-08-29T19:46:32.164536,generate,qwen2.5-coder-14b-instruct,2313,329,12679,604,True,
2025-08-29T19:46:33.883469,kindness,qwen2.5-coder-14b-instruct,631,1,1718,158,True,
2025-08-29T19:46:35.316597,toxicity,qwen2.5-coder-14b-instruct,493,1,1432,127,True,
2025-08-29T19:46:37.032295,empathy,qwen2.5-coder-14b-instruct,623,1,1715,156,True,
2025-08-29T19:46:38.786005,bridge,qwen2.5-coder-14b-instruct,854,1,1753,201,True,
2025-08-29T19:46:50.716849,generate,qwen2.5-coder-14b-instruct,2282,257,11929,581,True,
2025-08-29T19:46:52.449595,kindness,qwen2.5-coder-14b-instruct,559,1,1732,154,True,
2025-08-29T19:46:53.879661,toxicity,qwen2.5-coder-14b-instruct,421,1,1429,123,True,
2025-08-29T19:46:55.588017,empathy,qwen2.5-coder-14b-instruct,551,1,1707,152,True,
2025-08-29T19:47:04.526370,generate,qwen2.5-coder-14b-instruct,2217,171,8937,546,True,
2025-08-29T19:47:06.266192,kindness,qwen2.5-coder-14b-instruct,473,1,1739,141,True,
2025-08-29T19:47:07.696893,toxicity,qwen2.5-coder-14b-instruct,335,1,1430,110,True,
2025-08-29T19:47:09.137125,empathy,qwen2.5-coder-14b-instruct,465,1,1439,139,True,
2025-08-29T19:47:10.980246,bridge,qwen2.5-coder-14b-instruct,685,1,1842,185,True,
2025-08-29T19:47:25.416153,generate,qwen2.5-coder-14b-instruct,2242,377,14434,597,True,
2025-08-29T19:47:27.154241,kindness,qwen2.5-coder-14b-instruct,679,1,1737,169,True,
2025-08-29T19:47:28.626580,toxicity,qwen2.5-coder-14b-instruct,541,1,1471,138,True,
2025-08-29T19:47:30.433575,empathy,qwen2.5-coder-14b-instruct,671,1,1806,167,True,
2025-08-29T19:47:43.233812,generate,qwen2.5-coder-14b-instruct,854,384,12792,322,True,
2025-08-29T19:47:44.950884,kindness,qwen2.5-coder-14b-instruct,688,1,1716,168,True,
2025-08-29T19:47:46.507540,toxicity,qwen2.5-coder-14b-instruct,548,1,1555,142,True,
2025-08-29T19:47:48.228169,empathy,qwen2.5-coder-14b-instruct,680,1,1719,166,True,
2025-08-29T19:48:01.151897,generate,qwen2.5-coder-14b-instruct,1189,406,12922,358,True,
2025-08-29T19:48:02.893871,kindness,qwen2.5-coder-14b-instruct,710,1,1741,166,True,
2025-08-29T19:48:04.426767,toxicity,qwen2.5-coder-14b-instruct,570,1,1532,140,True,
2025-08-29T19:48:06.123722,empathy,qwen2.5-coder-14b-instruct,702,1,1696,164,True,
2025-08-29T19:48:16.093113,generate,qwen2.5-coder-14b-instruct,1633,265,9968,433,True,
2025-08-29T19:48:17.845958,kindness,qwen2.5-coder-14b-instruct,569,1,1752,146,True,
2025-08-29T19:48:19.248565,toxicity,qwen2.5-coder-14b-instruct,429,1,1402,120,True,
2025-08-29T19:48:20.689653,empathy,qwen2.5-coder-14b-instruct,561,1,1440,144,True,
2025-08-29T19:48:22.421032,bridge,qwen2.5-coder-14b-instruct,928,1,1730,213,True,
2025-08-29T19:48:33.762877,generate,qwen2.5-coder-14b-instruct,1916,302,11340,503,True,
2025-08-29T19:48:35.560085,kindness,qwen2.5-coder-14b-instruct,606,1,1796,152,True,
2025-08-29T19:48:36.990055,toxicity,qwen2.5-coder-14b-instruct,466,1,1429,126,True,
2025-08-29T19:48:38.380136,empathy,qwen2.5-coder-14b-instruct,598,1,1389,150,True,
2025-08-29T19:48:40.151427,bridge,qwen2.5-coder-14b-instruct,824,1,1770,199,True,
2025-08-29T19:48:50.408290,generate,qwen2.5-coder-14b-instruct,2223,268,10255,541,True,
2025-08-29T19:48:52.146179,kindness,qwen2.5-coder-14b-instruct,572,1,1737,146,True,
2025-08-29T19:48:53.570369,toxicity,qwen2.5-coder-14b-instruct,432,1,1423,120,True,
2025-08-29T19:48:55.027830,empathy,qwen2.5-coder-14b-instruct,564,1,1457,144,True,
2025-08-29T19:49:07.216689,generate,qwen2.5-coder-14b-instruct,2531,279,12187,616,True,
2025-08-29T19:49:08.940838,kindness,qwen2.5-coder-14b-instruct,583,1,1723,150,True,
2025-08-29T19:49:10.383790,toxicity,qwen2.5-coder-14b-instruct,443,1,1442,124,True,
2025-08-29T19:49:11.912582,empathy,qwen2.5-coder-14b-instruct,575,1,1528,148,True,
2025-08-29T19:49:22.357512,generate,qwen2.5-coder-14b-instruct,2415,254,10443,587,True,
2025-08-29T19:49:24.060600,kindness,qwen2.5-coder-14b-instruct,558,1,1702,139,True,
2025-08-29T19:49:25.532976,toxicity,qwen2.5-coder-14b-instruct,418,1,1471,113,True,
2025-08-29T19:49:27.065580,empathy,qwen2.5-coder-14b-instruct,550,1,1532,137,True,
2025-08-29T19:49:38.510621,generate,qwen2.5-coder-14b-instruct,2261,311,11443,555,True,
2025-08-29T19:49:40.248565,kindness,qwen2.5-coder-14b-instruct,615,1,1737,153,True,
2025-08-29T19:49:41.711273,toxicity,qwen2.5-coder-14b-instruct,475,1,1462,127,True,
2025-08-29T19:49:43.449911,empathy,qwen2.5-coder-14b-instruct,607,1,1738,151,True,
2025-08-29T19:49:57.532463,generate,qwen2.5-coder-14b-instruct,2341,361,14081,605,True,
2025-08-29T19:49:59.247737,kindness,qwen2.5-coder-14b-instruct,665,1,1714,159,True,
2025-08-29T19:50:00.668875,toxicity,qwen2.5-coder-14b-instruct,525,1,1420,133,True,
2025-08-29T19:50:02.388846,empathy,qwen2.5-coder-14b-instruct,657,1,1719,157,True,
2025-08-29T19:50:16.897583,generate,qwen2.5-coder-14b-instruct,2392,346,14507,604,True,
2025-08-29T20:21:12.860941,kindness,qwen2.5-coder-14b-instruct,650,0,1855962,0,False,"Request error: HTTPConnectionPool(host='localhost', port=1234): Read timed out. (read timeout=60)"
2025-08-29T20:21:14.494225,toxicity,qwen2.5-coder-14b-instruct,510,1,1631,136,True,
2025-08-29T20:21:16.156459,empathy,qwen2.5-coder-14b-instruct,642,1,1660,160,True,
2025-08-29T20:21:17.894193,bridge,qwen2.5-coder-14b-instruct,965,1,1736,222,True,
2025-08-29T20:21:26.711757,generate,qwen2.5-coder-14b-instruct,845,225,7771,294,True,
2025-08-29T20:21:28.453665,kindness,qwen2.5-coder-14b-instruct,520,1,1740,140,True,
2025-08-29T20:21:29.950797,toxicity,qwen2.5-coder-14b-instruct,389,1,1495,110,True,
2025-08-29T20:21:31.487916,empathy,qwen2.5-coder-14b-instruct,512,1,1535,138,True,
2025-08-29T20:21:43.846535,generate,qwen2.5-coder-14b-instruct,1084,409,12355,374,True,
2025-08-29T20:21:45.620303,kindness,qwen2.5-coder-14b-instruct,704,1,1772,166,True,
2025-08-29T20:21:47.090901,toxicity,qwen2.5-coder-14b-instruct,573,1,1469,136,True,
2025-08-29T20:21:48.894979,empathy,qwen2.5-coder-14b-instruct,696,1,1802,164,True,
2025-08-29T20:21:57.883290,generate,qwen2.5-coder-14b-instruct,1509,241,8985,418,True,
2025-08-29T20:21:59.752422,kindness,qwen2.5-coder-14b-instruct,536,1,1867,144,True,
2025-08-29T20:22:01.168571,toxicity,qwen2.5-coder-14b-instruct,405,1,1414,114,True,
2025-08-29T20:22:02.639389,empathy,qwen2.5-coder-14b-instruct,528,1,1469,142,True,
2025-08-29T20:22:04.383752,bridge,qwen2.5-coder-14b-instruct,907,1,1742,202,True,
2025-08-29T20:22:16.546379,generate,qwen2.5-coder-14b-instruct,1722,316,12159,450,True,
2025-08-29T20:22:18.282462,kindness,qwen2.5-coder-14b-instruct,611,1,1734,162,True,
2025-08-29T20:22:19.820484,toxicity,qwen2.5-coder-14b-instruct,480,1,1536,132,True,
2025-08-29T20:22:21.563215,empathy,qwen2.5-coder-14b-instruct,603,1,1741,160,True,
2025-08-29T20:22:32.316503,generate,qwen2.5-coder-14b-instruct,2035,274,10750,492,True,
2025-08-29T20:22:34.072866,kindness,qwen2.5-coder-14b-instruct,569,1,1754,152,True,
2025-08-29T20:22:35.491332,toxicity,qwen2.5-coder-14b-instruct,438,1,1417,122,True,
2025-08-29T20:22:36.922410,empathy,qwen2.5-coder-14b-instruct,561,1,1429,150,True,
2025-08-29T20:22:38.765458,bridge,qwen2.5-coder-14b-instruct,846,1,1841,206,True,
2025-08-29T20:22:52.075761,generate,qwen2.5-coder-14b-instruct,2367,339,13306,592,True,
2025-08-29T20:22:53.816693,kindness,qwen2.5-coder-14b-instruct,634,1,1739,160,True,
2025-08-29T20:22:55.353456,toxicity,qwen2.5-coder-14b-instruct,503,1,1535,130,True,
2025-08-29T20:22:57.067674,empathy,qwen2.5-coder-14b-instruct,626,1,1712,158,True,
2025-08-29T20:22:58.938877,bridge,qwen2.5-coder-14b-instruct,871,1,1869,205,True,
2025-08-29T20:23:12.060005,generate,qwen2.5-coder-14b-instruct,2488,339,13117,619,True,
2025-08-29T20:23:13.794335,kindness,qwen2.5-coder-14b-instruct,634,1,1732,160,True,
2025-08-29T20:23:15.323906,toxicity,qwen2.5-coder-14b-instruct,503,1,1528,130,True,
2025-08-29T20:23:17.059527,empathy,qwen2.5-coder-14b-instruct,626,1,1734,158,True,
2025-08-29T20:23:28.939316,generate,qwen2.5-coder-14b-instruct,2404,309,11876,598,True,
2025-08-29T20:23:30.679797,kindness,qwen2.5-coder-14b-instruct,604,1,1738,152,True,
2025-08-29T20:23:32.112504,toxicity,qwen2.5-coder-14b-instruct,473,1,1431,122,True,
2025-08-29T20:23:33.499984,empathy,qwen2.5-coder-14b-instruct,596,1,1386,150,True,
2025-08-29T20:23:35.291337,bridge,qwen2.5-coder-14b-instruct,905,1,1789,204,True,
2025-08-29T20:23:50.244940,generate,qwen2.5-coder-14b-instruct,2459,358,14950,616,True,
2025-08-29T20:23:52.080541,kindness,qwen2.5-coder-14b-instruct,653,1,1834,172,True,
2025-08-29T20:23:53.539991,toxicity,qwen2.5-coder-14b-instruct,522,1,1458,142,True,
2025-08-29T20:23:55.361716,empathy,qwen2.5-coder-14b-instruct,645,1,1820,170,True,
2025-08-29T20:24:07.326580,generate,qwen2.5-coder-14b-instruct,2474,307,11961,583,True,
2025-08-29T20:24:09.081231,kindness,qwen2.5-coder-14b-instruct,602,1,1753,152,True,
2025-08-29T20:24:10.512506,toxicity,qwen2.5-coder-14b-instruct,471,1,1429,122,True,
2025-08-29T20:24:11.896418,empathy,qwen2.5-coder-14b-instruct,594,1,1382,150,True,
2025-08-29T20:24:13.655444,bridge,qwen2.5-coder-14b-instruct,922,1,1757,216,True,
2025-08-29T20:24:20.635346,generate,qwen2.5-coder-14b-instruct,849,214,6948,289,True,
2025-08-29T20:24:22.371193,kindness,qwen2.5-coder-14b-instruct,509,1,1734,135,True,
2025-08-29T20:24:23.774262,toxicity,qwen2.5-coder-14b-instruct,378,1,1401,105,True,
2025-08-29T20:24:25.259799,empathy,qwen2.5-coder-14b-instruct,501,1,1484,133,True,
2025-08-29T20:24:36.796419,generate,qwen2.5-coder-14b-instruct,1055,282,11533,353,True,
2025-08-29T20:24:38.507036,kindness,qwen2.5-coder-14b-instruct,577,1,1709,161,True,
2025-08-29T20:24:40.005568,toxicity,qwen2.5-coder-14b-instruct,446,1,1497,131,True,
2025-08-29T20:24:41.741501,empathy,qwen2.5-coder-14b-instruct,569,1,1734,159,True,
2025-08-29T20:24:43.462940,bridge,qwen2.5-coder-14b-instruct,754,1,1720,189,True,
2025-08-29T20:24:54.952391,generate,qwen2.5-coder-14b-instruct,1354,299,11486,419,True,
2025-08-29T20:24:56.660346,kindness,qwen2.5-coder-14b-instruct,594,1,1706,160,True,
2025-08-29T20:24:58.105852,toxicity,qwen2.5-coder-14b-instruct,463,1,1444,130,True,
2025-08-29T20:24:59.870169,empathy,qwen2.5-coder-14b-instruct,586,1,1762,158,True,
2025-08-29T20:25:01.712782,bridge,qwen2.5-coder-14b-instruct,839,1,1841,214,True,
2025-08-29T20:25:12.331003,generate,qwen2.5-coder-14b-instruct,1666,211,10615,474,True,
2025-08-29T20:25:14.066304,kindness,qwen2.5-coder-14b-instruct,506,1,1733,152,True,
2025-08-29T20:25:15.534811,toxicity,qwen2.5-coder-14b-instruct,375,1,1467,122,True,
2025-08-29T20:25:16.967417,empathy,qwen2.5-coder-14b-instruct,498,1,1431,150,True,
2025-08-29T20:25:31.204857,generate,qwen2.5-coder-14b-instruct,1875,387,14234,530,True,
2025-08-29T20:25:32.980561,kindness,qwen2.5-coder-14b-instruct,682,1,1774,174,True,
2025-08-29T20:25:34.429219,toxicity,qwen2.5-coder-14b-instruct,551,1,1437,144,True,
2025-08-29T20:25:36.222416,empathy,qwen2.5-coder-14b-instruct,674,1,1791,172,True,
2025-08-29T20:25:38.064685,bridge,qwen2.5-coder-14b-instruct,855,1,1840,219,True,
2025-08-29T20:25:51.476147,generate,qwen2.5-coder-14b-instruct,2285,280,13408,593,True,
2025-08-29T20:25:53.226243,kindness,qwen2.5-coder-14b-instruct,575,1,1748,161,True,
2025-08-29T20:25:54.710550,toxicity,qwen2.5-coder-14b-instruct,444,1,1482,131,True,
2025-08-29T20:25:56.429946,empathy,qwen2.5-coder-14b-instruct,567,1,1718,159,True,
2025-08-29T20:26:09.917702,generate,qwen2.5-coder-14b-instruct,2370,316,13484,641,True,
2025-08-29T20:26:11.637711,kindness,qwen2.5-coder-14b-instruct,611,1,1718,161,True,
2025-08-29T20:26:13.091402,toxicity,qwen2.5-coder-14b-instruct,480,1,1452,131,True,
2025-08-29T20:26:14.827029,empathy,qwen2.5-coder-14b-instruct,603,1,1734,159,True,
2025-08-29T20:26:16.657914,bridge,qwen2.5-coder-14b-instruct,853,1,1829,214,True,
2025-08-29T20:26:31.618956,generate,qwen2.5-coder-14b-instruct,2376,343,14958,627,True,
2025-08-29T20:26:33.532272,kindness,qwen2.5-coder-14b-instruct,638,1,1911,173,True,
2025-08-29T20:26:35.100150,toxicity,qwen2.5-coder-14b-instruct,507,1,1566,142,True,
2025-08-29T20:26:36.840841,empathy,qwen2.5-coder-14b-instruct,630,1,1739,170,True,
2025-08-29T20:26:38.683981,bridge,qwen2.5-coder-14b-instruct,916,1,1841,225,True,
2025-08-29T20:26:51.688666,generate,qwen2.5-coder-14b-instruct,2461,351,13001,659,True,
2025-08-29T20:26:53.403889,kindness,qwen2.5-coder-14b-instruct,646,1,1713,158,True,
2025-08-29T20:26:54.863784,toxicity,qwen2.5-coder-14b-instruct,515,1,1458,128,True,
2025-08-29T20:26:56.604456,empathy,qwen2.5-coder-14b-instruct,638,1,1739,156,True,
2025-08-29T20:27:07.978878,generate,qwen2.5-coder-14b-instruct,2596,234,11371,659,True,
2025-08-29T20:27:09.824321,kindness,qwen2.5-coder-14b-instruct,529,1,1843,148,True,
2025-08-29T20:27:11.237330,toxicity,qwen2.5-coder-14b-instruct,398,1,1411,118,True,
2025-08-29T20:27:12.701943,empathy,qwen2.5-coder-14b-instruct,521,1,1463,146,True,
2025-08-29T20:27:14.468746,bridge,qwen2.5-coder-14b-instruct,842,1,1765,199,True,
2025-08-29T20:27:24.205600,generate,qwen2.5-coder-14b-instruct,832,236,8719,287,True,
2025-08-29T20:27:25.938144,kindness,qwen2.5-coder-14b-instruct,532,1,1731,140,True,
2025-08-29T20:27:27.329574,toxicity,qwen2.5-coder-14b-instruct,400,1,1390,116,True,
2025-08-29T20:27:28.784176,empathy,qwen2.5-coder-14b-instruct,524,1,1453,139,True,
2025-08-29T20:27:39.407046,generate,qwen2.5-coder-14b-instruct,1055,303,10619,335,True,
2025-08-29T20:27:41.156594,kindness,qwen2.5-coder-14b-instruct,599,1,1747,149,True,
2025-08-29T20:27:42.579107,toxicity,qwen2.5-coder-14b-instruct,467,1,1421,125,True,
2025-08-29T20:27:44.002704,empathy,qwen2.5-coder-14b-instruct,591,1,1422,148,True,
2025-08-29T20:27:45.752774,bridge,qwen2.5-coder-14b-instruct,798,1,1748,195,True,
2025-08-29T20:27:55.150570,generate,qwen2.5-coder-14b-instruct,1393,278,9394,395,True,
2025-08-29T20:27:56.883902,kindness,qwen2.5-coder-14b-instruct,574,1,1731,141,True,
2025-08-29T20:27:58.322094,toxicity,qwen2.5-coder-14b-instruct,442,1,1436,117,True,
2025-08-29T20:27:59.783803,empathy,qwen2.5-coder-14b-instruct,566,1,1460,140,True,
2025-08-29T20:28:09.467863,generate,qwen2.5-coder-14b-instruct,1688,233,9680,449,True,
2025-08-29T20:28:11.179267,kindness,qwen2.5-coder-14b-instruct,529,1,1709,140,True,
2025-08-29T20:28:12.562097,toxicity,qwen2.5-coder-14b-instruct,397,1,1381,116,True,
2025-08-29T20:28:14.000822,empathy,qwen2.5-coder-14b-instruct,521,1,1437,139,True,
2025-08-29T20:28:23.870109,generate,qwen2.5-coder-14b-instruct,1951,297,9866,511,True,
2025-08-29T20:28:25.592455,kindness,qwen2.5-coder-14b-instruct,593,1,1720,142,True,
2025-08-29T20:28:26.986956,toxicity,qwen2.5-coder-14b-instruct,461,1,1393,118,True,
2025-08-29T20:28:28.463623,empathy,qwen2.5-coder-14b-instruct,585,1,1475,141,True,
2025-08-29T20:28:30.404377,bridge,qwen2.5-coder-14b-instruct,787,1,1939,186,True,
2025-08-29T20:28:40.946549,generate,qwen2.5-coder-14b-instruct,2237,278,10539,553,True,
2025-08-29T20:28:42.697316,kindness,qwen2.5-coder-14b-instruct,574,1,1749,144,True,
2025-08-29T20:28:44.118004,toxicity,qwen2.5-coder-14b-instruct,442,1,1419,120,True,
2025-08-29T20:28:45.568392,empathy,qwen2.5-coder-14b-instruct,566,1,1448,143,True,
2025-08-29T20:28:57.370343,generate,qwen2.5-coder-14b-instruct,2249,334,11798,533,True,
2025-08-29T20:28:59.125775,kindness,qwen2.5-coder-14b-instruct,630,1,1753,153,True,
2025-08-29T20:29:00.589642,toxicity,qwen2.5-coder-14b-instruct,498,1,1462,129,True,
2025-08-29T20:29:02.319712,empathy,qwen2.5-coder-14b-instruct,622,1,1728,152,True,
2025-08-29T20:29:12.470593,generate,qwen2.5-coder-14b-instruct,2322,257,10147,563,True,
2025-08-29T20:29:14.182885,kindness,qwen2.5-coder-14b-instruct,553,1,1710,140,True,
2025-08-29T20:29:15.657012,toxicity,qwen2.5-coder-14b-instruct,421,1,1472,116,True,
2025-08-29T20:29:17.194353,empathy,qwen2.5-coder-14b-instruct,545,1,1535,139,True,
2025-08-29T20:29:26.332935,generate,qwen2.5-coder-14b-instruct,2284,225,9135,538,True,
2025-08-29T20:29:28.058823,kindness,qwen2.5-coder-14b-instruct,521,1,1724,136,True,
2025-08-29T20:29:29.466326,toxicity,qwen2.5-coder-14b-instruct,389,1,1406,112,True,
2025-08-29T20:29:30.933224,empathy,qwen2.5-coder-14b-instruct,513,1,1465,135,True,
2025-08-29T20:29:40.441582,generate,qwen2.5-coder-14b-instruct,2303,298,9505,555,True,
2025-08-29T20:29:42.141271,kindness,qwen2.5-coder-14b-instruct,594,1,1698,138,True,
2025-08-29T20:29:43.529801,toxicity,qwen2.5-coder-14b-instruct,462,1,1387,114,True,
2025-08-29T20:29:44.974627,empathy,qwen2.5-coder-14b-instruct,586,1,1443,137,True,
2025-08-29T20:29:46.789425,bridge,qwen2.5-coder-14b-instruct,781,1,1813,179,True,
2025-08-29T20:29:54.889233,generate,qwen2.5-coder-14b-instruct,800,210,8060,280,True,
2025-08-29T20:29:56.620766,kindness,qwen2.5-coder-14b-instruct,474,1,1729,134,True,
2025-08-29T20:29:58.034650,toxicity,qwen2.5-coder-14b-instruct,374,1,1412,112,True,
2025-08-29T20:29:59.586806,empathy,qwen2.5-coder-14b-instruct,466,1,1550,132,True,
2025-08-29T20:30:08.790918,generate,qwen2.5-coder-14b-instruct,1002,246,9200,333,True,
2025-08-29T20:30:10.510930,kindness,qwen2.5-coder-14b-instruct,510,1,1718,138,True,
2025-08-29T20:30:11.902658,toxicity,qwen2.5-coder-14b-instruct,410,1,1390,116,True,
2025-08-29T20:30:13.365296,empathy,qwen2.5-coder-14b-instruct,502,1,1461,136,True,
2025-08-29T20:30:15.077918,bridge,qwen2.5-coder-14b-instruct,713,1,1711,181,True,
2025-08-29T20:30:25.054368,generate,qwen2.5-coder-14b-instruct,1262,260,9973,370,True,
2025-08-29T20:30:26.771816,kindness,qwen2.5-coder-14b-instruct,524,1,1715,144,True,
2025-08-29T20:30:28.258349,toxicity,qwen2.5-coder-14b-instruct,424,1,1485,122,True,
2025-08-29T20:30:29.718805,empathy,qwen2.5-coder-14b-instruct,516,1,1459,142,True,
2025-08-29T20:30:41.601851,generate,qwen2.5-coder-14b-instruct,1555,332,11879,449,True,
2025-08-29T20:30:43.332642,kindness,qwen2.5-coder-14b-instruct,596,1,1729,153,True,
2025-08-29T20:30:44.833228,toxicity,qwen2.5-coder-14b-instruct,496,1,1499,131,True,
2025-08-29T20:30:46.591003,empathy,qwen2.5-coder-14b-instruct,588,1,1756,151,True,
2025-08-29T20:31:00.006656,generate,qwen2.5-coder-14b-instruct,1905,317,13412,526,True,
2025-08-29T20:31:01.744847,kindness,qwen2.5-coder-14b-instruct,581,1,1736,162,True,
2025-08-29T20:31:03.208426,toxicity,qwen2.5-coder-14b-instruct,481,1,1462,140,True,
2025-08-29T20:31:04.938808,empathy,qwen2.5-coder-14b-instruct,573,1,1729,160,True,
2025-08-29T20:31:06.759277,bridge,qwen2.5-coder-14b-instruct,906,1,1819,223,True,
2025-08-29T20:31:17.704598,generate,qwen2.5-coder-14b-instruct,2235,246,10942,575,True,
2025-08-29T20:31:19.435088,kindness,qwen2.5-coder-14b-instruct,510,1,1729,139,True,
2025-08-29T20:31:20.891524,toxicity,qwen2.5-coder-14b-instruct,410,1,1455,117,True,
2025-08-29T20:31:22.428934,empathy,qwen2.5-coder-14b-instruct,502,1,1536,137,True,
2025-08-29T20:31:37.438231,generate,qwen2.5-coder-14b-instruct,2284,352,15006,621,True,
2025-08-29T20:31:39.223473,kindness,qwen2.5-coder-14b-instruct,616,1,1783,165,True,
2025-08-29T20:31:40.673683,toxicity,qwen2.5-coder-14b-instruct,516,1,1449,143,True,
2025-08-29T20:31:42.393593,empathy,qwen2.5-coder-14b-instruct,608,1,1718,163,True,
2025-08-29T20:31:56.272648,generate,qwen2.5-coder-14b-instruct,2366,319,13876,612,True,
2025-08-29T20:31:58.014246,kindness,qwen2.5-coder-14b-instruct,583,1,1740,158,True,
2025-08-29T20:31:59.473000,toxicity,qwen2.5-coder-14b-instruct,483,1,1457,136,True,
2025-08-29T20:32:01.238785,empathy,qwen2.5-coder-14b-instruct,575,1,1764,156,True,
2025-08-29T20:32:14.303310,generate,qwen2.5-coder-14b-instruct,2450,313,13061,642,True,
2025-08-29T20:32:16.089699,kindness,qwen2.5-coder-14b-instruct,577,1,1785,152,True,
2025-08-29T20:32:17.621634,toxicity,qwen2.5-coder-14b-instruct,477,1,1530,130,True,
2025-08-29T20:32:19.018047,empathy,qwen2.5-coder-14b-instruct,569,1,1395,150,True,
2025-08-29T20:32:20.781709,bridge,qwen2.5-coder-14b-instruct,891,1,1762,219,True,
2025-08-29T20:32:32.265518,generate,qwen2.5-coder-14b-instruct,2393,247,11481,602,True,
2025-08-29T20:32:34.022876,kindness,qwen2.5-coder-14b-instruct,511,1,1756,143,True,
2025-08-29T20:32:35.443121,toxicity,qwen2.5-coder-14b-instruct,411,1,1418,121,True,
2025-08-29T20:32:36.974525,empathy,qwen2.5-coder-14b-instruct,503,1,1530,141,True,
2025-08-29T20:32:38.818350,bridge,qwen2.5-coder-14b-instruct,817,1,1842,203,True,
2025-08-29T20:32:49.890190,generate,qwen2.5-coder-14b-instruct,852,265,10056,312,True,
2025-08-29T20:32:51.720702,kindness,qwen2.5-coder-14b-instruct,576,1,1829,156,True,
2025-08-29T20:32:53.153468,toxicity,qwen2.5-coder-14b-instruct,429,1,1431,125,True,
2025-08-29T20:32:54.894564,empathy,qwen2.5-coder-14b-instruct,568,1,1739,154,True,
2025-08-29T20:33:07.693709,generate,qwen2.5-coder-14b-instruct,1117,295,12796,383,True,
2025-08-29T20:33:09.537426,kindness,qwen2.5-coder-14b-instruct,606,1,1842,170,True,
2025-08-29T20:33:11.073164,toxicity,qwen2.5-coder-14b-instruct,459,1,1534,139,True,
2025-08-29T20:33:12.824213,empathy,qwen2.5-coder-14b-instruct,598,1,1749,168,True,
2025-08-29T20:33:22.664925,generate,qwen2.5-coder-14b-instruct,1387,266,9838,399,True,
2025-08-29T20:33:24.419435,kindness,qwen2.5-coder-14b-instruct,577,1,1753,151,True,
2025-08-29T20:33:25.844370,toxicity,qwen2.5-coder-14b-instruct,430,1,1423,120,True,
2025-08-29T20:33:27.273214,empathy,qwen2.5-coder-14b-instruct,569,1,1427,149,True,
2025-08-29T20:33:29.011657,bridge,qwen2.5-coder-14b-instruct,818,1,1737,211,True,
2025-08-29T20:33:40.052699,generate,qwen2.5-coder-14b-instruct,1708,253,11038,492,True,
2025-08-29T20:33:41.797840,kindness,qwen2.5-coder-14b-instruct,564,1,1743,155,True,
2025-08-29T20:33:43.224346,toxicity,qwen2.5-coder-14b-instruct,417,1,1425,124,True,
2025-08-29T20:33:44.932860,empathy,qwen2.5-coder-14b-instruct,556,1,1707,153,True,
2025-08-29T20:33:56.432836,generate,qwen2.5-coder-14b-instruct,1948,295,11497,528,True,
2025-08-29T20:33:58.278454,kindness,qwen2.5-coder-14b-instruct,606,1,1844,158,True,
2025-08-29T20:33:59.727188,toxicity,qwen2.5-coder-14b-instruct,459,1,1447,127,True,
2025-08-29T20:34:01.453444,empathy,qwen2.5-coder-14b-instruct,598,1,1725,156,True,
2025-08-29T20:34:03.226924,bridge,qwen2.5-coder-14b-instruct,806,1,1772,204,True,
2025-08-29T20:34:14.864321,generate,qwen2.5-coder-14b-instruct,2269,298,11634,585,True,
2025-08-29T20:34:16.710973,kindness,qwen2.5-coder-14b-instruct,609,1,1845,150,True,
2025-08-29T20:34:18.140064,toxicity,qwen2.5-coder-14b-instruct,462,1,1427,119,True,
2025-08-29T20:34:19.677523,empathy,qwen2.5-coder-14b-instruct,601,1,1536,148,True,
2025-08-29T20:34:33.102319,generate,qwen2.5-coder-14b-instruct,2324,321,13422,602,True,
2025-08-29T20:34:34.818499,kindness,qwen2.5-coder-14b-instruct,632,1,1714,160,True,
2025-08-29T20:34:36.268722,toxicity,qwen2.5-coder-14b-instruct,485,1,1449,129,True,
2025-08-29T20:34:38.007200,empathy,qwen2.5-coder-14b-instruct,624,1,1737,158,True,
2025-08-29T20:34:50.683266,generate,qwen2.5-coder-14b-instruct,2337,289,12673,579,True,
2025-08-29T20:34:52.389552,kindness,qwen2.5-coder-14b-instruct,600,1,1704,163,True,
2025-08-29T20:34:53.826078,toxicity,qwen2.5-coder-14b-instruct,453,1,1435,132,True,
2025-08-29T20:34:55.568640,empathy,qwen2.5-coder-14b-instruct,592,1,1741,161,True,
2025-08-29T20:35:06.566897,generate,qwen2.5-coder-14b-instruct,2382,306,10995,596,True,
2025-08-29T20:35:08.316063,kindness,qwen2.5-coder-14b-instruct,617,1,1747,148,True,
2025-08-29T20:35:09.713369,toxicity,qwen2.5-coder-14b-instruct,470,1,1396,117,True,
2025-08-29T20:35:11.177222,empathy,qwen2.5-coder-14b-instruct,609,1,1462,146,True,
2025-08-29T20:35:23.319153,generate,qwen2.5-coder-14b-instruct,2388,301,12139,568,True,
2025-08-29T20:35:25.008669,kindness,qwen2.5-coder-14b-instruct,612,1,1688,163,True,
2025-08-29T20:35:26.435611,toxicity,qwen2.5-coder-14b-instruct,465,1,1425,132,True,
2025-08-29T20:35:28.249370,empathy,qwen2.5-coder-14b-instruct,604,1,1812,161,True,
2025-08-29T20:35:38.183840,generate,qwen2.5-coder-14b-instruct,800,243,9912,286,True,
2025-08-29T20:35:40.062907,kindness,qwen2.5-coder-14b-instruct,507,1,1877,148,True,
2025-08-29T20:35:41.500849,toxicity,qwen2.5-coder-14b-instruct,407,1,1436,125,True,
2025-08-29T20:35:42.970428,empathy,qwen2.5-coder-14b-instruct,499,1,1468,145,True,
2025-08-29T20:35:54.293659,generate,qwen2.5-coder-14b-instruct,1061,287,11320,368,True,
2025-08-29T20:35:56.023898,kindness,qwen2.5-coder-14b-instruct,551,1,1728,151,True,
2025-08-29T20:35:57.470630,toxicity,qwen2.5-coder-14b-instruct,451,1,1445,129,True,
2025-08-29T20:35:59.006760,empathy,qwen2.5-coder-14b-instruct,543,1,1534,149,True,
2025-08-29T20:36:00.848893,bridge,qwen2.5-coder-14b-instruct,789,1,1840,207,True,
2025-08-29T20:36:11.534388,generate,qwen2.5-coder-14b-instruct,1326,264,10682,394,True,
2025-08-29T20:36:13.391330,kindness,qwen2.5-coder-14b-instruct,528,1,1855,149,True,
2025-08-29T20:36:14.809136,toxicity,qwen2.5-coder-14b-instruct,428,1,1416,126,True,
2025-08-29T20:36:16.366995,empathy,qwen2.5-coder-14b-instruct,520,1,1556,146,True,
2025-08-29T20:36:18.135582,bridge,qwen2.5-coder-14b-instruct,808,1,1767,207,True,
2025-08-29T20:36:31.671100,generate,qwen2.5-coder-14b-instruct,1620,322,13533,486,True,
2025-08-29T20:36:33.370483,kindness,qwen2.5-coder-14b-instruct,586,1,1698,163,True,
2025-08-29T20:36:34.843231,toxicity,qwen2.5-coder-14b-instruct,486,1,1471,141,True,
2025-08-29T20:36:36.578159,empathy,qwen2.5-coder-14b-instruct,578,1,1733,161,True,
2025-08-29T20:36:38.426212,bridge,qwen2.5-coder-14b-instruct,842,1,1846,219,True,
2025-08-29T20:36:50.166102,generate,qwen2.5-coder-14b-instruct,1953,329,11737,537,True,
2025-08-29T20:36:51.925943,kindness,qwen2.5-coder-14b-instruct,593,1,1758,152,True,
2025-08-29T20:36:53.376026,toxicity,qwen2.5-coder-14b-instruct,493,1,1448,130,True,
2025-08-29T20:36:54.753584,empathy,qwen2.5-coder-14b-instruct,585,1,1376,150,True,
2025-08-29T20:37:07.305220,generate,qwen2.5-coder-14b-instruct,2273,316,12548,579,True,
2025-08-29T20:37:09.047280,kindness,qwen2.5-coder-14b-instruct,580,1,1740,150,True,
2025-08-29T20:37:10.494504,toxicity,qwen2.5-coder-14b-instruct,480,1,1446,128,True,
2025-08-29T20:37:11.942881,empathy,qwen2.5-coder-14b-instruct,572,1,1447,148,True,
2025-08-29T20:37:26.695083,generate,qwen2.5-coder-14b-instruct,2380,322,14749,632,True,
2025-08-29T20:37:28.379681,kindness,qwen2.5-coder-14b-instruct,586,1,1683,163,True,
2025-08-29T20:37:29.846086,toxicity,qwen2.5-coder-14b-instruct,486,1,1465,141,True,
2025-08-29T20:37:31.676054,empathy,qwen2.5-coder-14b-instruct,578,1,1828,161,True,
2025-08-29T20:37:33.422859,bridge,qwen2.5-coder-14b-instruct,895,1,1745,221,True,
2025-08-29T20:37:48.162431,generate,qwen2.5-coder-14b-instruct,2419,322,14736,644,True,
2025-08-29T20:37:49.891080,kindness,qwen2.5-coder-14b-instruct,586,1,1727,163,True,
2025-08-29T20:37:51.351645,toxicity,qwen2.5-coder-14b-instruct,486,1,1459,141,True,
2025-08-29T20:37:53.100227,empathy,qwen2.5-coder-14b-instruct,578,1,1747,161,True,
2025-08-29T20:37:54.880478,bridge,qwen2.5-coder-14b-instruct,902,1,1778,235,True,
2025-08-29T20:38:08.832064,generate,qwen2.5-coder-14b-instruct,2481,335,13948,666,True,
2025-08-29T20:38:10.565749,kindness,qwen2.5-coder-14b-instruct,599,1,1732,156,True,
2025-08-29T20:38:12.018584,toxicity,qwen2.5-coder-14b-instruct,499,1,1451,134,True,
2025-08-29T20:38:13.731921,empathy,qwen2.5-coder-14b-instruct,591,1,1712,154,True,
2025-08-29T20:38:15.519137,bridge,qwen2.5-coder-14b-instruct,916,1,1785,228,True,
2025-08-29T20:38:27.499842,generate,qwen2.5-coder-14b-instruct,2484,269,11977,633,True,
2025-08-29T20:38:29.323219,kindness,qwen2.5-coder-14b-instruct,533,1,1822,145,True,
2025-08-29T20:38:30.744371,toxicity,qwen2.5-coder-14b-instruct,433,1,1419,123,True,
2025-08-29T20:38:32.196149,empathy,qwen2.5-coder-14b-instruct,525,1,1450,143,True,
2025-08-29T20:38:33.923763,bridge,qwen2.5-coder-14b-instruct,862,1,1726,210,True,
2025-08-29T20:38:43.978733,generate,qwen2.5-coder-14b-instruct,867,248,9010,300,True,
2025-08-29T20:38:45.812940,kindness,qwen2.5-coder-14b-instruct,560,1,1832,147,True,
2025-08-29T20:38:47.245780,toxicity,qwen2.5-coder-14b-instruct,412,1,1431,118,True,
2025-08-29T20:38:48.734419,empathy,qwen2.5-coder-14b-instruct,552,1,1487,145,True,
2025-08-29T20:38:59.056856,generate,qwen2.5-coder-14b-instruct,1092,286,10319,353,True,
2025-08-29T20:39:00.865964,kindness,qwen2.5-coder-14b-instruct,598,1,1807,152,True,
2025-08-29T20:39:02.296133,toxicity,qwen2.5-coder-14b-instruct,450,1,1428,123,True,
2025-08-29T20:39:03.734211,empathy,qwen2.5-coder-14b-instruct,590,1,1436,150,True,
2025-08-29T20:39:13.456459,generate,qwen2.5-coder-14b-instruct,1382,258,9719,394,True,
2025-08-29T20:39:15.159929,kindness,qwen2.5-coder-14b-instruct,570,1,1701,148,True,
2025-08-29T20:39:16.633621,toxicity,qwen2.5-coder-14b-instruct,422,1,1472,119,True,
2025-08-29T20:39:18.113224,empathy,qwen2.5-coder-14b-instruct,562,1,1478,146,True,
2025-08-29T20:39:19.884684,bridge,qwen2.5-coder-14b-instruct,801,1,1770,194,True,
2025-08-29T20:39:29.103759,generate,qwen2.5-coder-14b-instruct,1683,245,9216,466,True,
2025-08-29T20:39:30.851751,kindness,qwen2.5-coder-14b-instruct,557,1,1746,142,True,
2025-08-29T20:39:32.260652,toxicity,qwen2.5-coder-14b-instruct,409,1,1407,113,True,
2025-08-29T20:39:33.720637,empathy,qwen2.5-coder-14b-instruct,549,1,1458,140,True,
2025-08-29T20:39:48.789493,generate,qwen2.5-coder-14b-instruct,1923,453,15065,518,True,
2025-08-29T20:39:50.537251,kindness,qwen2.5-coder-14b-instruct,765,1,1746,178,True,
2025-08-29T20:39:52.062639,toxicity,qwen2.5-coder-14b-instruct,617,1,1523,149,True,
2025-08-29T20:39:53.804512,empathy,qwen2.5-coder-14b-instruct,757,1,1740,176,True,
2025-08-29T20:40:09.524850,generate,qwen2.5-coder-14b-instruct,2410,353,15717,615,True,
2025-08-29T20:40:11.284305,kindness,qwen2.5-coder-14b-instruct,665,1,1757,172,True,
2025-08-29T20:40:12.723546,toxicity,qwen2.5-coder-14b-instruct,517,1,1437,143,True,
2025-08-29T20:40:14.489077,empathy,qwen2.5-coder-14b-instruct,657,1,1764,170,True,
2025-08-29T20:40:16.329610,bridge,qwen2.5-coder-14b-instruct,1064,1,1839,245,True,
2025-08-29T20:40:28.780226,generate,qwen2.5-coder-14b-instruct,2498,295,12447,606,True,
2025-08-29T20:40:30.565530,kindness,qwen2.5-coder-14b-instruct,607,1,1783,155,True,
2025-08-29T20:40:32.099665,toxicity,qwen2.5-coder-14b-instruct,459,1,1532,126,True,
2025-08-29T20:40:33.834169,empathy,qwen2.5-coder-14b-instruct,599,1,1733,153,True,
2025-08-29T20:40:35.691286,bridge,qwen2.5-coder-14b-instruct,907,1,1855,222,True,
2025-08-29T20:40:48.691054,generate,qwen2.5-coder-14b-instruct,2477,296,12996,588,True,
2025-08-29T20:40:50.533021,kindness,qwen2.5-coder-14b-instruct,608,1,1840,158,True,
2025-08-29T20:40:52.068371,toxicity,qwen2.5-coder-14b-instruct,460,1,1533,129,True,
2025-08-29T20:40:53.786852,empathy,qwen2.5-coder-14b-instruct,600,1,1717,156,True,
2025-08-29T20:41:06.814404,generate,qwen2.5-coder-14b-instruct,2541,288,13024,618,True,
2025-08-29T20:41:08.554125,kindness,qwen2.5-coder-14b-instruct,600,1,1738,159,True,
2025-08-29T20:41:10.020391,toxicity,qwen2.5-coder-14b-instruct,452,1,1464,130,True,
2025-08-29T20:41:11.726691,empathy,qwen2.5-coder-14b-instruct,592,1,1704,157,True,
2025-08-29T20:41:26.570026,generate,qwen2.5-coder-14b-instruct,2591,332,14840,660,True,
2025-08-29T20:41:28.315248,kindness,qwen2.5-coder-14b-instruct,644,1,1743,169,True,
2025-08-29T20:41:29.774659,toxicity,qwen2.5-coder-14b-instruct,496,1,1457,140,True,
2025-08-29T20:41:31.499716,empathy,qwen2.5-coder-14b-instruct,636,1,1723,167,True,
2025-08-29T20:41:39.555741,generate,qwen2.5-coder-14b-instruct,840,231,8041,285,True,
2025-08-29T20:41:41.287521,kindness,qwen2.5-coder-14b-instruct,533,1,1730,143,True,
2025-08-29T20:41:42.680366,toxicity,qwen2.5-coder-14b-instruct,395,1,1391,112,True,
2025-08-29T20:41:44.139288,empathy,qwen2.5-coder-14b-instruct,525,1,1457,141,True,
2025-08-29T20:41:51.971862,generate,qwen2.5-coder-14b-instruct,1093,209,7829,345,True,
2025-08-29T20:41:53.715285,kindness,qwen2.5-coder-14b-instruct,511,1,1741,138,True,
2025-08-29T20:41:55.122808,toxicity,qwen2.5-coder-14b-instruct,373,1,1406,107,True,
2025-08-29T20:41:56.599280,empathy,qwen2.5-coder-14b-instruct,503,1,1475,136,True,
2025-08-29T20:42:07.074243,generate,qwen2.5-coder-14b-instruct,1270,274,10471,360,True,
2025-08-29T20:42:08.868428,kindness,qwen2.5-coder-14b-instruct,576,1,1792,155,True,
2025-08-29T20:42:10.283450,toxicity,qwen2.5-coder-14b-instruct,438,1,1413,124,True,
2025-08-29T20:42:12.015717,empathy,qwen2.5-coder-14b-instruct,568,1,1730,153,True,
2025-08-29T20:42:22.907471,generate,qwen2.5-coder-14b-instruct,1585,347,10888,435,True,
2025-08-29T20:42:24.653804,kindness,qwen2.5-coder-14b-instruct,649,1,1744,157,True,
2025-08-29T20:42:26.092132,toxicity,qwen2.5-coder-14b-instruct,511,1,1436,126,True,
2025-08-29T20:42:27.816442,empathy,qwen2.5-coder-14b-instruct,641,1,1722,155,True,
2025-08-29T20:42:37.844461,generate,qwen2.5-coder-14b-instruct,1959,236,10024,509,True,
2025-08-29T20:42:39.583710,kindness,qwen2.5-coder-14b-instruct,538,1,1737,148,True,
2025-08-29T20:42:40.977623,toxicity,qwen2.5-coder-14b-instruct,400,1,1392,117,True,
2025-08-29T20:42:42.445877,empathy,qwen2.5-coder-14b-instruct,530,1,1466,146,True,
2025-08-29T20:42:54.231958,generate,qwen2.5-coder-14b-instruct,2210,285,11782,563,True,
2025-08-29T20:42:55.976555,kindness,qwen2.5-coder-14b-instruct,587,1,1743,159,True,
2025-08-29T20:42:57.417083,toxicity,qwen2.5-coder-14b-instruct,449,1,1439,128,True,
2025-08-29T20:42:59.249953,empathy,qwen2.5-coder-14b-instruct,579,1,1831,157,True,
2025-08-29T20:43:01.035933,bridge,qwen2.5-coder-14b-instruct,779,1,1784,198,True,
2025-08-29T20:43:14.010517,generate,qwen2.5-coder-14b-instruct,2250,335,12971,582,True,
2025-08-29T20:43:15.705994,kindness,qwen2.5-coder-14b-instruct,637,1,1693,164,True,
2025-08-29T20:43:17.166713,toxicity,qwen2.5-coder-14b-instruct,499,1,1459,133,True,
2025-08-29T20:43:18.887392,empathy,qwen2.5-coder-14b-instruct,629,1,1719,162,True,
2025-08-29T20:43:20.656983,bridge,qwen2.5-coder-14b-instruct,878,1,1768,214,True,
2025-08-29T20:43:30.708026,generate,qwen2.5-coder-14b-instruct,2374,168,10047,585,True,
2025-08-29T20:43:32.433462,kindness,qwen2.5-coder-14b-instruct,470,1,1723,142,True,
2025-08-29T20:43:33.828518,toxicity,qwen2.5-coder-14b-instruct,332,1,1393,111,True,
2025-08-29T20:43:35.275133,empathy,qwen2.5-coder-14b-instruct,462,1,1445,140,True,
2025-08-29T20:43:37.029184,bridge,qwen2.5-coder-14b-instruct,760,1,1752,196,True,
2025-08-29T20:43:47.372006,generate,qwen2.5-coder-14b-instruct,2255,186,10339,556,True,
2025-08-29T20:43:49.093287,kindness,qwen2.5-coder-14b-instruct,488,1,1719,151,True,
2025-08-29T20:43:50.549648,toxicity,qwen2.5-coder-14b-instruct,350,1,1454,120,True,
2025-08-29T20:43:51.996590,empathy,qwen2.5-coder-14b-instruct,480,1,1445,149,True,
2025-08-29T20:44:01.461300,generate,qwen2.5-coder-14b-instruct,2077,235,9461,541,True,
2025-08-29T20:44:03.203657,kindness,qwen2.5-coder-14b-instruct,537,1,1740,145,True,
2025-08-29T20:44:04.602251,toxicity,qwen2.5-coder-14b-instruct,399,1,1397,114,True,
2025-08-29T20:44:06.113281,empathy,qwen2.5-coder-14b-instruct,529,1,1509,143,True,
2025-08-29T20:44:20.347492,generate,qwen2.5-coder-14b-instruct,849,347,13186,333,True,
2025-08-29T20:44:22.112013,kindness,qwen2.5-coder-14b-instruct,651,1,1762,177,True,
2025-08-29T20:44:23.573632,toxicity,qwen2.5-coder-14b-instruct,511,1,1460,144,True,
2025-08-29T20:44:25.273565,empathy,qwen2.5-coder-14b-instruct,643,1,1698,175,True,
2025-08-29T20:44:36.321550,generate,qwen2.5-coder-14b-instruct,1196,285,11044,391,True,
2025-08-29T20:44:38.035349,kindness,qwen2.5-coder-14b-instruct,589,1,1712,160,True,
2025-08-29T20:44:39.492078,toxicity,qwen2.5-coder-14b-instruct,449,1,1455,127,True,
2025-08-29T20:44:41.199230,empathy,qwen2.5-coder-14b-instruct,581,1,1705,158,True,
2025-08-29T20:44:43.005730,bridge,qwen2.5-coder-14b-instruct,891,1,1805,224,True,
2025-08-29T20:44:54.441630,generate,qwen2.5-coder-14b-instruct,1482,299,11432,433,True,
2025-08-29T20:44:56.169625,kindness,qwen2.5-coder-14b-instruct,603,1,1726,163,True,
2025-08-29T20:44:57.721758,toxicity,qwen2.5-coder-14b-instruct,463,1,1550,130,True,
2025-08-29T20:44:59.462937,empathy,qwen2.5-coder-14b-instruct,595,1,1739,161,True,
2025-08-29T20:45:01.305515,bridge,qwen2.5-coder-14b-instruct,842,1,1841,210,True,
2025-08-29T20:45:13.523391,generate,qwen2.5-coder-14b-instruct,1800,313,12214,515,True,
2025-08-29T20:45:15.338361,kindness,qwen2.5-coder-14b-instruct,617,1,1813,166,True,
2025-08-29T20:45:16.869945,toxicity,qwen2.5-coder-14b-instruct,477,1,1530,133,True,
2025-08-29T20:45:18.612084,empathy,qwen2.5-coder-14b-instruct,609,1,1740,164,True,
2025-08-29T20:45:28.437750,generate,qwen2.5-coder-14b-instruct,2095,207,9822,532,True,
2025-08-29T20:45:30.284448,kindness,qwen2.5-coder-14b-instruct,511,1,1845,150,True,
2025-08-29T20:45:31.716447,toxicity,qwen2.5-coder-14b-instruct,371,1,1430,117,True,
2025-08-29T20:45:33.169955,empathy,qwen2.5-coder-14b-instruct,503,1,1452,148,True,
2025-08-29T20:45:46.252031,generate,qwen2.5-coder-14b-instruct,2373,377,13079,640,True,
2025-08-29T20:45:47.959160,kindness,qwen2.5-coder-14b-instruct,681,1,1705,163,True,
2025-08-29T20:45:49.438046,toxicity,qwen2.5-coder-14b-instruct,541,1,1477,130,True,
2025-08-29T20:45:51.174089,empathy,qwen2.5-coder-14b-instruct,673,1,1734,161,True,
2025-08-29T20:46:03.219341,generate,qwen2.5-coder-14b-instruct,2363,231,12042,586,True,
2025-08-29T20:46:04.979844,kindness,qwen2.5-coder-14b-instruct,535,1,1758,155,True,
2025-08-29T20:46:06.398881,toxicity,qwen2.5-coder-14b-instruct,395,1,1417,122,True,
2025-08-29T20:46:08.171293,empathy,qwen2.5-coder-14b-instruct,527,1,1770,153,True,
2025-08-29T20:46:20.357511,generate,qwen2.5-coder-14b-instruct,2311,221,12183,590,True,
2025-08-29T20:46:22.094782,kindness,qwen2.5-coder-14b-instruct,525,1,1735,154,True,
2025-08-29T20:46:23.516073,toxicity,qwen2.5-coder-14b-instruct,385,1,1419,121,True,
2025-08-29T20:46:25.213189,empathy,qwen2.5-coder-14b-instruct,517,1,1695,152,True,
2025-08-29T20:46:26.951002,bridge,qwen2.5-coder-14b-instruct,709,1,1736,195,True,
2025-08-29T20:46:40.508363,generate,qwen2.5-coder-14b-instruct,2263,329,13554,613,True,
2025-08-29T20:46:42.237100,kindness,qwen2.5-coder-14b-instruct,633,1,1727,167,True,
2025-08-29T20:46:43.766775,toxicity,qwen2.5-coder-14b-instruct,493,1,1528,134,True,
2025-08-29T20:46:45.546679,empathy,qwen2.5-coder-14b-instruct,625,1,1778,165,True,
2025-08-29T20:47:00.777756,generate,qwen2.5-coder-14b-instruct,2269,437,15227,607,True,
2025-08-29T20:47:02.547068,kindness,qwen2.5-coder-14b-instruct,741,1,1767,174,True,
2025-08-29T20:47:03.995526,toxicity,qwen2.5-coder-14b-instruct,601,1,1447,141,True,
2025-08-29T20:47:05.725730,empathy,qwen2.5-coder-14b-instruct,733,1,1728,172,True,
2025-08-29T20:47:07.564095,bridge,qwen2.5-coder-14b-instruct,1023,1,1836,227,True,
2025-08-29T20:47:15.924371,generate,qwen2.5-coder-14b-instruct,836,224,8356,272,True,
2025-08-29T20:47:17.702239,kindness,qwen2.5-coder-14b-instruct,535,1,1776,149,True,
2025-08-29T20:47:19.102175,toxicity,qwen2.5-coder-14b-instruct,388,1,1398,115,True,
2025-08-29T20:47:20.566353,empathy,qwen2.5-coder-14b-instruct,527,1,1462,147,True,
2025-08-29T20:47:32.032571,generate,qwen2.5-coder-14b-instruct,1070,274,11463,362,True,
2025-08-29T20:47:33.778154,kindness,qwen2.5-coder-14b-instruct,585,1,1744,165,True,
2025-08-29T20:47:35.235423,toxicity,qwen2.5-coder-14b-instruct,438,1,1455,131,True,
2025-08-29T20:47:37.049428,empathy,qwen2.5-coder-14b-instruct,577,1,1812,163,True,
2025-08-29T20:47:49.750349,generate,qwen2.5-coder-14b-instruct,1375,411,12697,434,True,
2025-08-29T21:18:46.006801,kindness,qwen2.5-coder-14b-instruct,722,0,1856254,0,False,"Request error: HTTPConnectionPool(host='localhost', port=1234): Read timed out. (read timeout=60)"
2025-08-29T21:18:47.718863,toxicity,qwen2.5-coder-14b-instruct,575,1,1711,137,True,
2025-08-29T21:18:49.405300,empathy,qwen2.5-coder-14b-instruct,714,1,1685,169,True,
2025-08-29T21:18:51.208096,bridge,qwen2.5-coder-14b-instruct,942,1,1801,220,True,
2025-08-29T21:19:00.611510,generate,qwen2.5-coder-14b-instruct,1806,259,9400,497,True,
2025-08-29T21:19:02.342072,kindness,qwen2.5-coder-14b-instruct,570,1,1728,152,True,
2025-08-29T21:19:03.804655,toxicity,qwen2.5-coder-14b-instruct,423,1,1461,118,True,
2025-08-29T21:19:05.332859,empathy,qwen2.5-coder-14b-instruct,562,1,1526,150,True,
2025-08-29T21:19:17.788040,generate,qwen2.5-coder-14b-instruct,2063,271,12452,551,True,
2025-08-29T21:19:19.525255,kindness,qwen2.5-coder-14b-instruct,582,1,1735,167,True,
2025-08-29T21:19:21.002261,toxicity,qwen2.5-coder-14b-instruct,435,1,1475,133,True,
2025-08-29T21:19:22.708870,empathy,qwen2.5-coder-14b-instruct,574,1,1705,165,True,
2025-08-29T21:19:36.108033,generate,qwen2.5-coder-14b-instruct,2361,371,13396,614,True,
2025-08-29T21:19:37.867246,kindness,qwen2.5-coder-14b-instruct,682,1,1757,166,True,
2025-08-29T21:19:39.326209,toxicity,qwen2.5-coder-14b-instruct,535,1,1457,132,True,
2025-08-29T21:19:41.062131,empathy,qwen2.5-coder-14b-instruct,674,1,1734,164,True,
2025-08-29T21:19:54.583894,generate,qwen2.5-coder-14b-instruct,2463,344,13518,597,True,
2025-08-29T21:19:56.325631,kindness,qwen2.5-coder-14b-instruct,655,1,1740,163,True,
2025-08-29T21:19:57.861332,toxicity,qwen2.5-coder-14b-instruct,508,1,1534,129,True,
2025-08-29T21:19:59.577347,empathy,qwen2.5-coder-14b-instruct,647,1,1714,161,True,
2025-08-29T21:20:01.301444,bridge,qwen2.5-coder-14b-instruct,972,1,1722,213,True,
2025-08-29T21:20:13.534595,generate,qwen2.5-coder-14b-instruct,2553,324,12230,605,True,
2025-08-29T21:20:15.276771,kindness,qwen2.5-coder-14b-instruct,635,1,1740,158,True,
2025-08-29T21:20:16.701590,toxicity,qwen2.5-coder-14b-instruct,488,1,1423,124,True,
2025-08-29T21:20:18.428423,empathy,qwen2.5-coder-14b-instruct,627,1,1725,156,True,
2025-08-29T21:20:20.161288,bridge,qwen2.5-coder-14b-instruct,926,1,1731,206,True,
2025-08-29T21:20:31.986463,generate,qwen2.5-coder-14b-instruct,2479,276,11821,609,True,
2025-08-29T21:20:33.701235,kindness,qwen2.5-coder-14b-instruct,587,1,1713,156,True,
2025-08-29T21:20:35.111310,toxicity,qwen2.5-coder-14b-instruct,440,1,1408,122,True,
2025-08-29T21:20:36.854030,empathy,qwen2.5-coder-14b-instruct,579,1,1741,154,True,
2025-08-29T21:20:38.631846,bridge,qwen2.5-coder-14b-instruct,858,1,1776,200,True,
2025-08-29T21:20:50.546479,generate,qwen2.5-coder-14b-instruct,2510,276,11911,623,True,
2025-08-29T21:20:52.339856,kindness,qwen2.5-coder-14b-instruct,587,1,1791,156,True,
2025-08-29T21:20:53.778277,toxicity,qwen2.5-coder-14b-instruct,440,1,1437,122,True,
2025-08-29T21:20:55.514082,empathy,qwen2.5-coder-14b-instruct,579,1,1734,154,True,
2025-08-29T21:20:57.276514,bridge,qwen2.5-coder-14b-instruct,810,1,1761,197,True,
2025-08-29T21:21:05.453397,generate,qwen2.5-coder-14b-instruct,818,206,7143,262,True,
2025-08-29T21:21:07.290186,kindness,qwen2.5-coder-14b-instruct,517,1,1835,140,True,
2025-08-29T21:21:08.683219,toxicity,qwen2.5-coder-14b-instruct,370,1,1391,106,True,
2025-08-29T21:21:10.126238,empathy,qwen2.5-coder-14b-instruct,509,1,1441,138,True,
2025-08-29T21:21:18.487913,generate,qwen2.5-coder-14b-instruct,1014,243,8358,303,True,
2025-08-29T21:21:20.226284,kindness,qwen2.5-coder-14b-instruct,554,1,1736,148,True,
2025-08-29T21:21:21.728778,toxicity,qwen2.5-coder-14b-instruct,407,1,1501,114,True,
2025-08-29T21:21:23.264706,empathy,qwen2.5-coder-14b-instruct,546,1,1534,146,True,
2025-08-29T21:21:36.247485,generate,qwen2.5-coder-14b-instruct,1316,321,12979,422,True,
2025-08-29T21:21:38.116783,kindness,qwen2.5-coder-14b-instruct,632,1,1867,174,True,
2025-08-29T21:21:39.684721,toxicity,qwen2.5-coder-14b-instruct,485,1,1566,140,True,
2025-08-29T21:39:44.894931,empathy,qwen2.5-coder-14b-instruct,624,0,1085209,0,False,"Request error: HTTPConnectionPool(host='localhost', port=1234): Read timed out. (read timeout=60)"
2025-08-29T21:39:55.751090,generate,qwen2.5-coder-14b-instruct,1618,322,10853,439,True,
2025-08-29T21:39:57.439556,kindness,qwen2.5-coder-14b-instruct,633,1,1686,162,True,
2025-08-29T21:39:58.892498,toxicity,qwen2.5-coder-14b-instruct,486,1,1451,128,True,
2025-08-29T21:40:00.727799,empathy,qwen2.5-coder-14b-instruct,625,1,1833,160,True,
2025-08-29T21:40:12.930533,generate,qwen2.5-coder-14b-instruct,1990,369,12199,534,True,
2025-08-29T21:40:14.794759,kindness,qwen2.5-coder-14b-instruct,680,1,1862,166,True,
2025-08-29T21:40:16.333060,toxicity,qwen2.5-coder-14b-instruct,533,1,1536,132,True,
2025-08-29T21:40:18.077311,empathy,qwen2.5-coder-14b-instruct,672,1,1742,164,True,
2025-08-29T21:40:19.898157,bridge,qwen2.5-coder-14b-instruct,948,1,1819,212,True,
2025-08-29T21:40:32.367248,generate,qwen2.5-coder-14b-instruct,2367,248,12465,593,True,
2025-08-29T21:40:34.120487,kindness,qwen2.5-coder-14b-instruct,559,1,1751,158,True,
2025-08-29T21:40:35.545054,toxicity,qwen2.5-coder-14b-instruct,412,1,1423,124,True,
2025-08-29T21:40:37.262137,empathy,qwen2.5-coder-14b-instruct,551,1,1715,156,True,
2025-08-29T21:40:39.012239,bridge,qwen2.5-coder-14b-instruct,875,1,1748,209,True,
2025-08-29T21:40:51.046550,generate,qwen2.5-coder-14b-instruct,2432,331,12030,622,True,
2025-08-29T21:40:52.785601,kindness,qwen2.5-coder-14b-instruct,642,1,1737,157,True,
2025-08-29T21:40:54.321681,toxicity,qwen2.5-coder-14b-instruct,495,1,1534,123,True,
2025-08-29T21:40:56.042848,empathy,qwen2.5-coder-14b-instruct,634,1,1719,155,True,
2025-08-29T21:40:57.796206,bridge,qwen2.5-coder-14b-instruct,836,1,1751,200,True,
2025-08-29T21:41:11.834026,generate,qwen2.5-coder-14b-instruct,2493,288,14034,624,True,
2025-08-29T21:41:13.561510,kindness,qwen2.5-coder-14b-instruct,599,1,1725,170,True,
2025-08-29T21:41:15.025870,toxicity,qwen2.5-coder-14b-instruct,452,1,1463,136,True,
2025-08-29T21:41:16.745907,empathy,qwen2.5-coder-14b-instruct,591,1,1718,168,True,
2025-08-29T21:41:26.125494,generate,qwen2.5-coder-14b-instruct,2490,192,9376,618,True,
2025-08-29T21:41:27.858678,kindness,qwen2.5-coder-14b-instruct,503,1,1731,140,True,
2025-08-29T21:41:29.260847,toxicity,qwen2.5-coder-14b-instruct,356,1,1400,106,True,
2025-08-29T21:41:30.774922,empathy,qwen2.5-coder-14b-instruct,495,1,1512,138,True,
2025-08-29T21:41:42.908981,generate,qwen2.5-coder-14b-instruct,2334,227,12131,592,True,
2025-08-29T21:41:44.646409,kindness,qwen2.5-coder-14b-instruct,538,1,1736,155,True,
2025-08-29T21:41:46.059219,toxicity,qwen2.5-coder-14b-instruct,391,1,1411,121,True,
2025-08-29T21:41:47.876188,empathy,qwen2.5-coder-14b-instruct,530,1,1815,153,True,
2025-08-29T21:41:56.411539,generate,qwen2.5-coder-14b-instruct,841,206,8516,278,True,
2025-08-29T21:41:58.114791,kindness,qwen2.5-coder-14b-instruct,517,1,1701,146,True,
2025-08-29T21:41:59.566222,toxicity,qwen2.5-coder-14b-instruct,370,1,1450,115,True,
2025-08-29T21:42:01.090014,empathy,qwen2.5-coder-14b-instruct,509,1,1522,144,True,
2025-08-29T21:42:11.225594,generate,qwen2.5-coder-14b-instruct,1022,250,10133,320,True,
2025-08-29T21:42:12.963899,kindness,qwen2.5-coder-14b-instruct,561,1,1737,153,True,
2025-08-29T21:42:14.397880,toxicity,qwen2.5-coder-14b-instruct,414,1,1432,122,True,
2025-08-29T21:42:16.100228,empathy,qwen2.5-coder-14b-instruct,553,1,1701,151,True,
2025-08-29T21:42:26.006090,generate,qwen2.5-coder-14b-instruct,1326,295,9903,401,True,
2025-08-29T21:42:27.733895,kindness,qwen2.5-coder-14b-instruct,606,1,1726,151,True,
2025-08-29T21:42:29.164238,toxicity,qwen2.5-coder-14b-instruct,459,1,1429,120,True,
2025-08-29T21:42:30.681876,empathy,qwen2.5-coder-14b-instruct,598,1,1516,149,True,
2025-08-29T21:42:32.524606,bridge,qwen2.5-coder-14b-instruct,802,1,1841,194,True,
2025-08-29T21:42:43.451174,generate,qwen2.5-coder-14b-instruct,1642,315,10924,476,True,
2025-08-29T21:42:45.190031,kindness,qwen2.5-coder-14b-instruct,626,1,1737,155,True,
2025-08-29T21:42:46.638990,toxicity,qwen2.5-coder-14b-instruct,479,1,1447,124,True,
2025-08-29T21:42:48.393117,empathy,qwen2.5-coder-14b-instruct,618,1,1752,153,True,
2025-08-29T21:42:57.005576,generate,qwen2.5-coder-14b-instruct,1953,161,8609,503,True,
2025-08-29T21:42:58.715916,kindness,qwen2.5-coder-14b-instruct,472,1,1708,140,True,
2025-08-29T21:43:00.141595,toxicity,qwen2.5-coder-14b-instruct,325,1,1424,109,True,
2025-08-29T21:43:01.610883,empathy,qwen2.5-coder-14b-instruct,464,1,1468,138,True,
2025-08-29T21:43:11.242469,generate,qwen2.5-coder-14b-instruct,2121,241,9629,540,True,
2025-08-29T21:43:12.978642,kindness,qwen2.5-coder-14b-instruct,552,1,1734,146,True,
2025-08-29T21:43:14.407275,toxicity,qwen2.5-coder-14b-instruct,405,1,1427,115,True,
2025-08-29T21:43:15.859581,empathy,qwen2.5-coder-14b-instruct,544,1,1450,144,True,
2025-08-29T21:43:17.683377,bridge,qwen2.5-coder-14b-instruct,660,1,1822,177,True,
2025-08-29T21:43:26.652086,generate,qwen2.5-coder-14b-instruct,2123,226,8965,512,True,
2025-08-29T21:43:28.410571,kindness,qwen2.5-coder-14b-instruct,537,1,1757,142,True,
2025-08-29T21:43:29.868411,toxicity,qwen2.5-coder-14b-instruct,390,1,1456,111,True,
2025-08-29T21:43:31.326821,empathy,qwen2.5-coder-14b-instruct,529,1,1457,140,True,
2025-08-29T21:43:33.038618,bridge,qwen2.5-coder-14b-instruct,724,1,1710,179,True,
2025-08-29T21:43:46.866222,generate,qwen2.5-coder-14b-instruct,2144,467,13825,563,True,
2025-08-29T21:43:48.709292,kindness,qwen2.5-coder-14b-instruct,778,1,1841,172,True,
2025-08-29T21:43:50.245176,toxicity,qwen2.5-coder-14b-instruct,631,1,1534,141,True,
2025-08-29T21:43:52.008207,empathy,qwen2.5-coder-14b-instruct,770,1,1761,170,True,
2025-08-29T21:44:02.940127,generate,qwen2.5-coder-14b-instruct,2290,339,10929,538,True,
2025-08-29T21:44:04.648037,kindness,qwen2.5-coder-14b-instruct,650,1,1706,154,True,
2025-08-29T21:44:06.072667,toxicity,qwen2.5-coder-14b-instruct,503,1,1423,123,True,
2025-08-29T21:44:07.855180,empathy,qwen2.5-coder-14b-instruct,642,1,1781,152,True,
2025-08-29T21:44:09.698107,bridge,qwen2.5-coder-14b-instruct,1063,1,1841,216,True,
2025-08-29T21:44:23.126022,generate,qwen2.5-coder-14b-instruct,2338,313,13424,583,True,
2025-08-29T21:44:24.857407,kindness,qwen2.5-coder-14b-instruct,624,1,1730,167,True,
2025-08-29T21:44:26.327643,toxicity,qwen2.5-coder-14b-instruct,477,1,1469,136,True,
2025-08-29T21:44:28.132802,empathy,qwen2.5-coder-14b-instruct,616,1,1804,165,True,
2025-08-29T21:44:29.844616,bridge,qwen2.5-coder-14b-instruct,909,1,1710,211,True,
2025-08-29T21:44:35.199966,generate,qwen2.5-coder-14b-instruct,853,69,4342,276,True,
2025-08-29T21:44:36.647639,kindness,qwen2.5-coder-14b-instruct,380,1,1446,119,True,
2025-08-29T21:44:37.961272,toxicity,qwen2.5-coder-14b-instruct,233,1,1312,85,True,
2025-08-29T21:44:39.394551,empathy,qwen2.5-coder-14b-instruct,372,1,1432,117,True,
2025-08-29T21:44:47.306117,generate,qwen2.5-coder-14b-instruct,878,201,7909,281,True,
2025-08-29T21:44:49.124463,kindness,qwen2.5-coder-14b-instruct,512,1,1817,145,True,
2025-08-29T21:44:50.558660,toxicity,qwen2.5-coder-14b-instruct,365,1,1433,111,True,
2025-08-29T21:44:52.032872,empathy,qwen2.5-coder-14b-instruct,504,1,1473,143,True,
2025-08-29T21:45:02.641568,generate,qwen2.5-coder-14b-instruct,1117,267,10606,360,True,
2025-08-29T21:45:04.382715,kindness,qwen2.5-coder-14b-instruct,578,1,1740,159,True,
2025-08-29T21:45:05.812522,toxicity,qwen2.5-coder-14b-instruct,431,1,1428,125,True,
2025-08-29T21:45:07.655494,empathy,qwen2.5-coder-14b-instruct,570,1,1842,157,True,
2025-08-29T21:45:09.503017,bridge,qwen2.5-coder-14b-instruct,725,1,1846,189,True,
2025-08-29T21:45:20.769631,generate,qwen2.5-coder-14b-instruct,1416,281,11264,436,True,
2025-08-29T21:45:22.513166,kindness,qwen2.5-coder-14b-instruct,592,1,1742,162,True,
2025-08-29T21:45:24.046996,toxicity,qwen2.5-coder-14b-instruct,445,1,1532,128,True,
2025-08-29T21:45:25.788823,empathy,qwen2.5-coder-14b-instruct,584,1,1740,160,True,
2025-08-29T21:45:27.628360,bridge,qwen2.5-coder-14b-instruct,807,1,1838,207,True,
2025-08-29T21:45:37.444335,generate,qwen2.5-coder-14b-instruct,1717,218,9813,497,True,
2025-08-29T21:45:39.198221,kindness,qwen2.5-coder-14b-instruct,529,1,1752,151,True,
2025-08-29T21:45:40.632026,toxicity,qwen2.5-coder-14b-instruct,382,1,1432,117,True,
2025-08-29T21:45:42.085000,empathy,qwen2.5-coder-14b-instruct,521,1,1452,149,True,
2025-08-29T21:45:43.840375,bridge,qwen2.5-coder-14b-instruct,758,1,1754,198,True,
2025-08-29T21:45:55.199232,generate,qwen2.5-coder-14b-instruct,1932,241,11356,542,True,
2025-08-29T21:45:57.013658,kindness,qwen2.5-coder-14b-instruct,552,1,1813,160,True,
2025-08-29T21:45:58.458962,toxicity,qwen2.5-coder-14b-instruct,405,1,1444,126,True,
2025-08-29T21:46:00.332845,empathy,qwen2.5-coder-14b-instruct,544,1,1873,158,True,
2025-08-29T21:46:13.693508,generate,qwen2.5-coder-14b-instruct,2124,338,13358,596,True,
2025-08-29T21:46:15.380379,kindness,qwen2.5-coder-14b-instruct,649,1,1685,163,True,
2025-08-29T21:46:16.882670,toxicity,qwen2.5-coder-14b-instruct,502,1,1501,129,True,
2025-08-29T21:46:18.724150,empathy,qwen2.5-coder-14b-instruct,641,1,1840,161,True,
2025-08-29T21:46:31.220514,generate,qwen2.5-coder-14b-instruct,2269,329,12494,619,True,
2025-08-29T21:46:33.059201,kindness,qwen2.5-coder-14b-instruct,640,1,1837,160,True,
2025-08-29T21:46:34.500232,toxicity,qwen2.5-coder-14b-instruct,493,1,1440,126,True,
2025-08-29T21:46:36.234660,empathy,qwen2.5-coder-14b-instruct,632,1,1733,158,True,
2025-08-29T21:46:38.077521,bridge,qwen2.5-coder-14b-instruct,924,1,1841,207,True,
2025-08-29T21:46:48.805753,generate,qwen2.5-coder-14b-instruct,2331,196,10726,608,True,
2025-08-29T21:46:50.575295,kindness,qwen2.5-coder-14b-instruct,507,1,1768,149,True,
2025-08-29T21:46:52.006670,toxicity,qwen2.5-coder-14b-instruct,360,1,1430,115,True,
2025-08-29T21:46:53.539884,empathy,qwen2.5-coder-14b-instruct,499,1,1532,147,True,
2025-08-29T21:47:02.957694,generate,qwen2.5-coder-14b-instruct,2210,225,9415,557,True,
2025-08-29T21:47:04.686368,kindness,qwen2.5-coder-14b-instruct,536,1,1727,146,True,
2025-08-29T21:47:06.096015,toxicity,qwen2.5-coder-14b-instruct,389,1,1408,112,True,
2025-08-29T21:47:07.568526,empathy,qwen2.5-coder-14b-instruct,528,1,1471,144,True,
2025-08-29T21:47:16.248299,generate,qwen2.5-coder-14b-instruct,865,274,8661,302,True,
2025-08-29T21:47:18.013661,kindness,qwen2.5-coder-14b-instruct,585,1,1764,150,True,
2025-08-29T21:47:19.446842,toxicity,qwen2.5-coder-14b-instruct,438,1,1432,116,True,
2025-08-29T21:47:20.893046,empathy,qwen2.5-coder-14b-instruct,577,1,1445,148,True,
2025-08-29T21:47:31.220613,generate,qwen2.5-coder-14b-instruct,1124,263,10325,358,True,
2025-08-29T21:47:32.961971,kindness,qwen2.5-coder-14b-instruct,574,1,1740,157,True,
2025-08-29T21:47:34.405806,toxicity,qwen2.5-coder-14b-instruct,427,1,1442,123,True,
2025-08-29T21:47:36.135160,empathy,qwen2.5-coder-14b-instruct,566,1,1728,155,True,
2025-08-29T21:47:37.979726,bridge,qwen2.5-coder-14b-instruct,794,1,1843,192,True,
2025-08-29T21:47:49.140172,generate,qwen2.5-coder-14b-instruct,1390,310,11158,404,True,
2025-08-29T21:47:50.852677,kindness,qwen2.5-coder-14b-instruct,621,1,1711,162,True,
2025-08-29T21:47:52.323220,toxicity,qwen2.5-coder-14b-instruct,474,1,1469,128,True,
2025-08-29T21:47:54.156761,empathy,qwen2.5-coder-14b-instruct,613,1,1832,160,True,
2025-08-29T21:47:55.918059,bridge,qwen2.5-coder-14b-instruct,831,1,1760,204,True,
2025-08-29T21:48:09.731880,generate,qwen2.5-coder-14b-instruct,1720,419,13811,492,True,
2025-08-29T21:48:11.577583,kindness,qwen2.5-coder-14b-instruct,730,1,1844,175,True,
2025-08-29T21:48:13.104003,toxicity,qwen2.5-coder-14b-instruct,583,1,1525,141,True,
2025-08-29T21:48:14.842740,empathy,qwen2.5-coder-14b-instruct,722,1,1737,173,True,
2025-08-29T21:48:26.034921,generate,qwen2.5-coder-14b-instruct,2125,331,11190,517,True,
2025-08-29T21:48:27.762533,kindness,qwen2.5-coder-14b-instruct,642,1,1726,159,True,
2025-08-29T21:48:29.212118,toxicity,qwen2.5-coder-14b-instruct,495,1,1448,125,True,
2025-08-29T21:48:30.933114,empathy,qwen2.5-coder-14b-instruct,634,1,1720,157,True,
2025-08-29T21:48:32.713824,bridge,qwen2.5-coder-14b-instruct,1007,1,1779,218,True,
2025-08-29T21:48:43.754643,generate,qwen2.5-coder-14b-instruct,2510,251,11038,603,True,
2025-08-29T21:48:45.503585,kindness,qwen2.5-coder-14b-instruct,562,1,1747,151,True,
2025-08-29T21:48:46.957025,toxicity,qwen2.5-coder-14b-instruct,415,1,1452,117,True,
2025-08-29T21:48:48.404639,empathy,qwen2.5-coder-14b-instruct,554,1,1446,149,True,
2025-08-29T21:48:50.158138,bridge,qwen2.5-coder-14b-instruct,839,1,1752,194,True,
2025-08-29T21:49:01.033557,generate,qwen2.5-coder-14b-instruct,2464,290,10872,572,True,
2025-08-29T21:49:02.758922,kindness,qwen2.5-coder-14b-instruct,601,1,1724,151,True,
2025-08-29T21:49:04.199462,toxicity,qwen2.5-coder-14b-instruct,454,1,1439,117,True,
2025-08-29T21:49:05.652735,empathy,qwen2.5-coder-14b-instruct,593,1,1452,149,True,
2025-08-29T21:49:07.366315,bridge,qwen2.5-coder-14b-instruct,798,1,1712,186,True,
2025-08-29T21:49:19.561966,generate,qwen2.5-coder-14b-instruct,2528,304,12193,617,True,
2025-08-29T21:49:21.407117,kindness,qwen2.5-coder-14b-instruct,615,1,1844,158,True,
2025-08-29T21:49:22.941429,toxicity,qwen2.5-coder-14b-instruct,468,1,1533,124,True,
2025-08-29T21:49:24.678063,empathy,qwen2.5-coder-14b-instruct,607,1,1735,156,True,
2025-08-29T21:49:35.616086,generate,qwen2.5-coder-14b-instruct,2491,239,10936,569,True,
2025-08-29T21:49:37.380023,kindness,qwen2.5-coder-14b-instruct,550,1,1762,152,True,
2025-08-29T21:49:38.777033,toxicity,qwen2.5-coder-14b-instruct,403,1,1396,118,True,
2025-08-29T21:49:40.244994,empathy,qwen2.5-coder-14b-instruct,542,1,1467,150,True,
2025-08-29T21:49:56.086827,generate,qwen2.5-coder-14b-instruct,2348,379,15839,610,True,
2025-08-29T21:49:57.968029,kindness,qwen2.5-coder-14b-instruct,690,1,1880,179,True,
2025-08-29T21:49:59.428779,toxicity,qwen2.5-coder-14b-instruct,543,1,1459,145,True,
2025-08-29T21:50:01.139604,empathy,qwen2.5-coder-14b-instruct,682,1,1709,177,True,
2025-08-29T21:50:02.987535,bridge,qwen2.5-coder-14b-instruct,876,1,1846,215,True,
2025-08-29T21:50:13.113447,generate,qwen2.5-coder-14b-instruct,870,247,9119,316,True,
2025-08-29T21:50:14.848773,kindness,qwen2.5-coder-14b-instruct,558,1,1734,146,True,
2025-08-29T21:50:16.271441,toxicity,qwen2.5-coder-14b-instruct,411,1,1421,115,True,
2025-08-29T21:50:17.723862,empathy,qwen2.5-coder-14b-instruct,550,1,1451,144,True,
2025-08-29T21:50:28.661704,generate,qwen2.5-coder-14b-instruct,1089,280,10935,356,True,
2025-08-29T21:50:30.424004,kindness,qwen2.5-coder-14b-instruct,591,1,1761,158,True,
2025-08-29T21:50:31.889873,toxicity,qwen2.5-coder-14b-instruct,444,1,1464,127,True,
2025-08-29T21:50:33.706910,empathy,qwen2.5-coder-14b-instruct,583,1,1816,156,True,
2025-08-29T21:50:45.875568,generate,qwen2.5-coder-14b-instruct,1406,303,12166,435,True,
2025-08-29T21:50:47.595966,kindness,qwen2.5-coder-14b-instruct,614,1,1719,165,True,
2025-08-29T21:50:49.057102,toxicity,qwen2.5-coder-14b-instruct,467,1,1460,134,True,
2025-08-29T21:50:50.795782,empathy,qwen2.5-coder-14b-instruct,606,1,1737,163,True,
2025-08-29T21:51:02.178588,generate,qwen2.5-coder-14b-instruct,1665,282,11380,449,True,
2025-08-29T21:51:03.886524,kindness,qwen2.5-coder-14b-instruct,593,1,1706,158,True,
2025-08-29T21:51:05.311930,toxicity,qwen2.5-coder-14b-instruct,446,1,1424,127,True,
2025-08-29T21:51:07.078418,empathy,qwen2.5-coder-14b-instruct,585,1,1765,156,True,
2025-08-29T21:51:08.822562,bridge,qwen2.5-coder-14b-instruct,842,1,1743,213,True,
2025-08-29T21:51:22.953447,generate,qwen2.5-coder-14b-instruct,1986,419,14128,542,True,
2025-08-29T21:51:24.712209,kindness,qwen2.5-coder-14b-instruct,730,1,1757,174,True,
2025-08-29T21:51:26.230029,toxicity,qwen2.5-coder-14b-instruct,583,1,1516,143,True,
2025-08-29T21:51:27.971223,empathy,qwen2.5-coder-14b-instruct,722,1,1740,172,True,
2025-08-29T21:51:41.590405,generate,qwen2.5-coder-14b-instruct,2443,304,13617,629,True,
2025-08-29T21:51:43.329210,kindness,qwen2.5-coder-14b-instruct,615,1,1737,164,True,
2025-08-29T21:51:44.864941,toxicity,qwen2.5-coder-14b-instruct,468,1,1534,133,True,
2025-08-29T21:51:46.712358,empathy,qwen2.5-coder-14b-instruct,607,1,1846,162,True,
2025-08-29T21:51:48.518432,bridge,qwen2.5-coder-14b-instruct,982,1,1805,230,True,
2025-08-29T21:52:01.866397,generate,qwen2.5-coder-14b-instruct,2514,313,13345,659,True,
2025-08-29T21:52:03.710128,kindness,qwen2.5-coder-14b-instruct,624,1,1842,161,True,
2025-08-29T21:52:05.167806,toxicity,qwen2.5-coder-14b-instruct,477,1,1456,130,True,
2025-08-29T21:52:06.987444,empathy,qwen2.5-coder-14b-instruct,616,1,1818,159,True,
2025-08-29T21:52:08.754087,bridge,qwen2.5-coder-14b-instruct,875,1,1765,216,True,
2025-08-29T21:52:22.648855,generate,qwen2.5-coder-14b-instruct,2520,331,13892,639,True,
2025-08-29T21:52:24.504267,kindness,qwen2.5-coder-14b-instruct,642,1,1854,165,True,
2025-08-29T21:52:25.967399,toxicity,qwen2.5-coder-14b-instruct,495,1,1462,134,True,
2025-08-29T21:52:27.770499,empathy,qwen2.5-coder-14b-instruct,634,1,1802,163,True,
2025-08-29T21:52:41.082845,generate,qwen2.5-coder-14b-instruct,2559,306,13310,648,True,
2025-08-29T21:52:42.923530,kindness,qwen2.5-coder-14b-instruct,617,1,1839,161,True,
2025-08-29T21:52:44.377657,toxicity,qwen2.5-coder-14b-instruct,470,1,1453,130,True,
2025-08-29T21:52:46.203642,empathy,qwen2.5-coder-14b-instruct,609,1,1825,159,True,
2025-08-29T21:53:00.846806,generate,qwen2.5-coder-14b-instruct,2593,404,14641,655,True,
2025-08-29T21:53:02.605757,kindness,qwen2.5-coder-14b-instruct,715,1,1757,169,True,
2025-08-29T21:53:04.082382,toxicity,qwen2.5-coder-14b-instruct,568,1,1475,138,True,
2025-08-29T21:53:05.816119,empathy,qwen2.5-coder-14b-instruct,707,1,1732,167,True,
2025-08-29T21:53:07.612302,bridge,qwen2.5-coder-14b-instruct,966,1,1795,220,True,
2025-08-29T21:53:15.209684,generate,qwen2.5-coder-14b-instruct,866,190,7575,298,True,
2025-08-29T21:53:17.047496,kindness,qwen2.5-coder-14b-instruct,501,1,1836,137,True,
2025-08-29T21:53:18.456527,toxicity,qwen2.5-coder-14b-instruct,354,1,1408,106,True,
2025-08-29T21:53:19.995316,empathy,qwen2.5-coder-14b-instruct,493,1,1537,135,True,
2025-08-29T21:53:29.179429,generate,qwen2.5-coder-14b-instruct,1036,235,9182,338,True,
2025-08-29T21:53:30.905211,kindness,qwen2.5-coder-14b-instruct,546,1,1724,147,True,
2025-08-29T21:53:32.392854,toxicity,qwen2.5-coder-14b-instruct,399,1,1486,116,True,
2025-08-29T21:53:33.836872,empathy,qwen2.5-coder-14b-instruct,538,1,1443,145,True,
2025-08-29T21:53:44.513879,generate,qwen2.5-coder-14b-instruct,1301,264,10675,401,True,
2025-08-29T21:53:46.308913,kindness,qwen2.5-coder-14b-instruct,575,1,1794,156,True,
2025-08-29T21:53:47.745836,toxicity,qwen2.5-coder-14b-instruct,428,1,1436,125,True,
2025-08-29T21:53:49.486278,empathy,qwen2.5-coder-14b-instruct,567,1,1739,154,True,
2025-08-29T21:53:51.326425,bridge,qwen2.5-coder-14b-instruct,757,1,1839,194,True,
2025-08-29T21:54:02.552576,generate,qwen2.5-coder-14b-instruct,1548,315,11224,429,True,
2025-08-29T21:54:04.325071,kindness,qwen2.5-coder-14b-instruct,626,1,1771,159,True,
2025-08-29T21:54:05.772682,toxicity,qwen2.5-coder-14b-instruct,479,1,1446,128,True,
2025-08-29T21:54:07.471108,empathy,qwen2.5-coder-14b-instruct,618,1,1697,157,True,
2025-08-29T21:54:09.247322,bridge,qwen2.5-coder-14b-instruct,838,1,1775,206,True,
2025-08-29T21:54:21.179096,generate,qwen2.5-coder-14b-instruct,1923,324,11929,534,True,
2025-08-29T21:54:22.970360,kindness,qwen2.5-coder-14b-instruct,635,1,1790,161,True,
2025-08-29T21:54:24.503830,toxicity,qwen2.5-coder-14b-instruct,488,1,1532,130,True,
2025-08-29T21:54:26.225359,empathy,qwen2.5-coder-14b-instruct,627,1,1720,159,True,
2025-08-29T21:54:28.094267,bridge,qwen2.5-coder-14b-instruct,897,1,1868,210,True,
2025-08-29T21:54:39.560878,generate,qwen2.5-coder-14b-instruct,2203,295,11464,547,True,
2025-08-29T21:54:41.402676,kindness,qwen2.5-coder-14b-instruct,606,1,1840,157,True,
2025-08-29T21:54:42.938249,toxicity,qwen2.5-coder-14b-instruct,459,1,1534,126,True,
2025-08-29T21:54:44.627228,empathy,qwen2.5-coder-14b-instruct,598,1,1688,155,True,
2025-08-29T21:54:46.389643,bridge,qwen2.5-coder-14b-instruct,876,1,1761,208,True,
2025-08-29T21:55:02.189348,generate,qwen2.5-coder-14b-instruct,2334,358,15797,616,True,
2025-08-29T21:55:03.965701,kindness,qwen2.5-coder-14b-instruct,669,1,1775,174,True,
2025-08-29T21:55:05.463077,toxicity,qwen2.5-coder-14b-instruct,522,1,1496,143,True,
2025-08-29T21:55:07.177092,empathy,qwen2.5-coder-14b-instruct,661,1,1713,172,True,
2025-08-29T21:55:08.959978,bridge,qwen2.5-coder-14b-instruct,910,1,1782,221,True,
2025-08-29T21:55:23.284660,generate,qwen2.5-coder-14b-instruct,2471,327,14322,648,True,
2025-08-29T21:55:25.101598,kindness,qwen2.5-coder-14b-instruct,638,1,1815,167,True,
2025-08-29T21:55:26.567880,toxicity,qwen2.5-coder-14b-instruct,491,1,1465,136,True,
2025-08-29T21:55:28.288938,empathy,qwen2.5-coder-14b-instruct,630,1,1720,165,True,
2025-08-29T21:55:39.357591,generate,qwen2.5-coder-14b-instruct,2504,250,11066,601,True,
2025-08-29T21:55:41.201246,kindness,qwen2.5-coder-14b-instruct,561,1,1842,148,True,
2025-08-29T21:55:42.636951,toxicity,qwen2.5-coder-14b-instruct,414,1,1434,117,True,
2025-08-29T21:55:44.138151,empathy,qwen2.5-coder-14b-instruct,553,1,1500,146,True,
2025-08-29T21:56:00.557066,generate,qwen2.5-coder-14b-instruct,2447,445,16417,634,True,
2025-08-29T21:56:02.400852,kindness,qwen2.5-coder-14b-instruct,756,1,1842,181,True,
2025-08-29T21:56:03.771171,toxicity,qwen2.5-coder-14b-instruct,609,1,1369,150,True,
2025-08-29T21:56:05.480570,empathy,qwen2.5-coder-14b-instruct,748,1,1708,179,True,
2025-08-29T21:56:13.300933,generate,qwen2.5-coder-14b-instruct,866,192,6808,288,True,
2025-08-29T21:56:15.055128,kindness,qwen2.5-coder-14b-instruct,503,1,1753,135,True,
2025-08-29T21:56:16.480624,toxicity,qwen2.5-coder-14b-instruct,356,1,1424,104,True,
2025-08-29T21:56:17.927911,empathy,qwen2.5-coder-14b-instruct,495,1,1446,133,True,
2025-08-29T21:56:26.913226,generate,qwen2.5-coder-14b-instruct,1051,273,8983,334,True,
2025-08-29T21:56:28.615076,kindness,qwen2.5-coder-14b-instruct,584,1,1700,146,True,
2025-08-29T21:56:30.044480,toxicity,qwen2.5-coder-14b-instruct,437,1,1428,115,True,
2025-08-29T21:56:31.507781,empathy,qwen2.5-coder-14b-instruct,576,1,1462,144,True,
2025-08-29T21:56:42.438294,generate,qwen2.5-coder-14b-instruct,1344,290,10928,407,True,
2025-08-29T21:56:44.164330,kindness,qwen2.5-coder-14b-instruct,601,1,1724,157,True,
2025-08-29T21:56:45.612760,toxicity,qwen2.5-coder-14b-instruct,454,1,1447,126,True,
2025-08-29T21:56:47.331714,empathy,qwen2.5-coder-14b-instruct,593,1,1717,155,True,
2025-08-29T21:56:57.135665,generate,qwen2.5-coder-14b-instruct,1641,265,9801,447,True,
2025-08-29T21:56:58.855457,kindness,qwen2.5-coder-14b-instruct,576,1,1718,148,True,
2025-08-29T21:57:00.266127,toxicity,qwen2.5-coder-14b-instruct,429,1,1409,117,True,
2025-08-29T21:57:01.803616,empathy,qwen2.5-coder-14b-instruct,568,1,1536,146,True,
2025-08-29T21:57:14.170119,generate,qwen2.5-coder-14b-instruct,1897,336,12364,490,True,
2025-08-29T21:57:15.894343,kindness,qwen2.5-coder-14b-instruct,647,1,1723,164,True,
2025-08-29T21:57:17.357442,toxicity,qwen2.5-coder-14b-instruct,500,1,1462,133,True,
2025-08-29T21:57:19.198966,empathy,qwen2.5-coder-14b-instruct,639,1,1840,162,True,
2025-08-29T21:57:30.054155,generate,qwen2.5-coder-14b-instruct,2247,241,10853,534,True,
2025-08-29T21:57:31.798440,kindness,qwen2.5-coder-14b-instruct,552,1,1743,155,True,
2025-08-29T21:57:33.330784,toxicity,qwen2.5-coder-14b-instruct,405,1,1531,124,True,
2025-08-29T21:57:35.041177,empathy,qwen2.5-coder-14b-instruct,544,1,1709,153,True,
2025-08-29T21:57:45.667787,generate,qwen2.5-coder-14b-instruct,2285,275,10624,552,True,
2025-08-29T21:57:47.462273,kindness,qwen2.5-coder-14b-instruct,586,1,1793,152,True,
2025-08-29T21:57:48.996904,toxicity,qwen2.5-coder-14b-instruct,439,1,1533,121,True,
2025-08-29T21:57:50.390236,empathy,qwen2.5-coder-14b-instruct,578,1,1392,150,True,
2025-08-29T21:57:52.169215,bridge,qwen2.5-coder-14b-instruct,773,1,1778,197,True,
2025-08-29T21:58:03.228577,generate,qwen2.5-coder-14b-instruct,2336,248,11057,598,True,
2025-08-29T21:58:04.973074,kindness,qwen2.5-coder-14b-instruct,559,1,1743,148,True,
2025-08-29T21:58:06.402695,toxicity,qwen2.5-coder-14b-instruct,412,1,1428,117,True,
2025-08-29T21:58:07.868415,empathy,qwen2.5-coder-14b-instruct,551,1,1464,146,True,
2025-08-29T21:58:09.682486,bridge,qwen2.5-coder-14b-instruct,781,1,1813,190,True,
2025-08-29T21:58:20.946423,generate,qwen2.5-coder-14b-instruct,2260,256,11261,559,True,
2025-08-29T21:58:22.690664,kindness,qwen2.5-coder-14b-instruct,567,1,1743,157,True,
2025-08-29T21:58:24.127864,toxicity,qwen2.5-coder-14b-instruct,420,1,1436,126,True,
2025-08-29T21:58:25.965741,empathy,qwen2.5-coder-14b-instruct,559,1,1836,155,True,
2025-08-29T21:58:27.715717,bridge,qwen2.5-coder-14b-instruct,762,1,1749,195,True,
2025-08-29T21:58:39.374771,generate,qwen2.5-coder-14b-instruct,2276,275,11656,595,True,
2025-08-29T21:58:41.220390,kindness,qwen2.5-coder-14b-instruct,586,1,1844,152,True,
2025-08-29T21:58:42.758244,toxicity,qwen2.5-coder-14b-instruct,439,1,1536,121,True,
2025-08-29T21:58:44.191874,empathy,qwen2.5-coder-14b-instruct,578,1,1432,150,True,
2025-08-29T21:58:52.831028,generate,qwen2.5-coder-14b-instruct,814,242,8635,268,True,
2025-08-29T21:58:54.580266,kindness,qwen2.5-coder-14b-instruct,544,1,1748,147,True,
2025-08-29T21:58:56.069527,toxicity,qwen2.5-coder-14b-instruct,406,1,1488,116,True,
2025-08-29T21:58:57.602486,empathy,qwen2.5-coder-14b-instruct,536,1,1531,145,True,
2025-08-29T21:59:06.463939,generate,qwen2.5-coder-14b-instruct,1047,235,8859,311,True,
2025-08-29T21:59:08.255573,kindness,qwen2.5-coder-14b-instruct,537,1,1790,145,True,
2025-08-29T21:59:09.685304,toxicity,qwen2.5-coder-14b-instruct,399,1,1428,114,True,
2025-08-29T21:59:11.221534,empathy,qwen2.5-coder-14b-instruct,529,1,1535,143,True,
2025-08-29T21:59:12.965805,bridge,qwen2.5-coder-14b-instruct,734,1,1743,182,True,
2025-08-29T21:59:23.819753,generate,qwen2.5-coder-14b-instruct,1336,264,10852,406,True,
2025-08-29T21:59:25.664115,kindness,qwen2.5-coder-14b-instruct,566,1,1843,157,True,
2025-08-29T21:59:27.300313,toxicity,qwen2.5-coder-14b-instruct,428,1,1635,126,True,
2025-08-29T21:59:29.042945,empathy,qwen2.5-coder-14b-instruct,558,1,1741,155,True,
2025-08-29T21:59:30.782169,bridge,qwen2.5-coder-14b-instruct,756,1,1738,192,True,
2025-08-29T21:59:43.173600,generate,qwen2.5-coder-14b-instruct,1633,332,12389,487,True,
2025-08-29T21:59:44.879078,kindness,qwen2.5-coder-14b-instruct,634,1,1704,164,True,
2025-08-29T21:59:46.317287,toxicity,qwen2.5-coder-14b-instruct,496,1,1437,133,True,
2025-08-29T21:59:48.089304,empathy,qwen2.5-coder-14b-instruct,626,1,1770,162,True,
2025-08-29T21:59:49.933560,bridge,qwen2.5-coder-14b-instruct,854,1,1843,212,True,
2025-08-29T22:00:01.432546,generate,qwen2.5-coder-14b-instruct,1968,293,11496,528,True,
2025-08-29T22:00:03.261890,kindness,qwen2.5-coder-14b-instruct,595,1,1828,158,True,
2025-08-29T22:00:04.779278,toxicity,qwen2.5-coder-14b-instruct,457,1,1516,127,True,
2025-08-29T22:00:06.487006,empathy,qwen2.5-coder-14b-instruct,587,1,1706,156,True,
2025-08-29T22:00:08.262639,bridge,qwen2.5-coder-14b-instruct,883,1,1774,213,True,
2025-08-29T22:00:21.082919,generate,qwen2.5-coder-14b-instruct,2247,353,12818,572,True,
2025-08-29T22:00:22.837801,kindness,qwen2.5-coder-14b-instruct,655,1,1753,166,True,
2025-08-29T22:00:24.310159,toxicity,qwen2.5-coder-14b-instruct,517,1,1471,135,True,
2025-08-29T22:00:26.044283,empathy,qwen2.5-coder-14b-instruct,647,1,1733,164,True,
2025-08-29T22:00:39.285968,generate,qwen2.5-coder-14b-instruct,2397,276,13239,629,True,
2025-08-29T22:00:41.132838,kindness,qwen2.5-coder-14b-instruct,578,1,1845,161,True,
2025-08-29T22:00:42.687855,toxicity,qwen2.5-coder-14b-instruct,440,1,1554,130,True,
2025-08-29T22:00:44.448322,empathy,qwen2.5-coder-14b-instruct,570,1,1759,159,True,
2025-08-29T22:00:46.262377,bridge,qwen2.5-coder-14b-instruct,886,1,1812,218,True,
2025-08-29T22:00:57.617509,generate,qwen2.5-coder-14b-instruct,2434,235,11353,621,True,
2025-08-29T22:00:59.366358,kindness,qwen2.5-coder-14b-instruct,537,1,1747,149,True,
2025-08-29T22:01:00.795237,toxicity,qwen2.5-coder-14b-instruct,399,1,1427,118,True,
2025-08-29T22:01:02.238117,empathy,qwen2.5-coder-14b-instruct,529,1,1441,147,True,
2025-08-29T22:01:04.016299,bridge,qwen2.5-coder-14b-instruct,768,1,1777,200,True,
2025-08-29T22:01:17.816271,generate,qwen2.5-coder-14b-instruct,2376,394,13797,596,True,
2025-08-29T22:01:19.587286,kindness,qwen2.5-coder-14b-instruct,696,1,1769,164,True,
2025-08-29T22:01:21.169412,toxicity,qwen2.5-coder-14b-instruct,558,1,1581,133,True,
2025-08-29T22:01:22.901963,empathy,qwen2.5-coder-14b-instruct,688,1,1731,162,True,
2025-08-29T22:01:35.310329,generate,qwen2.5-coder-14b-instruct,2434,306,12406,588,True,
2025-08-29T22:01:37.068148,kindness,qwen2.5-coder-14b-instruct,608,1,1752,155,True,
2025-08-29T22:01:38.578549,toxicity,qwen2.5-coder-14b-instruct,470,1,1509,124,True,
2025-08-29T22:01:40.291884,empathy,qwen2.5-coder-14b-instruct,600,1,1712,153,True,
2025-08-29T22:01:50.579655,generate,qwen2.5-coder-14b-instruct,856,210,9250,306,True,
2025-08-29T22:01:52.300255,kindness,qwen2.5-coder-14b-instruct,516,1,1719,146,True,
2025-08-29T22:01:53.837545,toxicity,qwen2.5-coder-14b-instruct,374,1,1536,119,True,
2025-08-29T22:01:55.472838,empathy,qwen2.5-coder-14b-instruct,508,1,1634,144,True,
2025-08-29T22:02:06.734280,generate,qwen2.5-coder-14b-instruct,1046,300,11259,359,True,
2025-08-29T22:02:08.447911,kindness,qwen2.5-coder-14b-instruct,606,1,1712,156,True,
2025-08-29T22:02:09.910789,toxicity,qwen2.5-coder-14b-instruct,464,1,1462,129,True,
2025-08-29T22:02:11.628812,empathy,qwen2.5-coder-14b-instruct,598,1,1717,154,True,
2025-08-29T22:02:23.231741,generate,qwen2.5-coder-14b-instruct,1332,332,11601,388,True,
2025-08-29T22:02:24.990966,kindness,qwen2.5-coder-14b-instruct,638,1,1758,158,True,
2025-08-29T22:02:26.434282,toxicity,qwen2.5-coder-14b-instruct,496,1,1442,131,True,
2025-08-29T22:02:28.238042,empathy,qwen2.5-coder-14b-instruct,630,1,1802,156,True,
2025-08-29T22:02:37.867442,generate,qwen2.5-coder-14b-instruct,1693,217,9626,439,True,
2025-08-29T22:02:39.710639,kindness,qwen2.5-coder-14b-instruct,523,1,1842,143,True,
2025-08-29T22:02:41.116946,toxicity,qwen2.5-coder-14b-instruct,381,1,1405,116,True,
2025-08-29T22:02:42.602239,empathy,qwen2.5-coder-14b-instruct,515,1,1484,141,True,
2025-08-29T22:02:53.530500,generate,qwen2.5-coder-14b-instruct,1930,229,10926,512,True,
2025-08-29T22:02:55.261155,kindness,qwen2.5-coder-14b-instruct,535,1,1729,151,True,
2025-08-29T22:02:56.721499,toxicity,qwen2.5-coder-14b-instruct,393,1,1459,124,True,
2025-08-29T22:02:58.244895,empathy,qwen2.5-coder-14b-instruct,527,1,1522,149,True,
2025-08-29T22:03:00.086544,bridge,qwen2.5-coder-14b-instruct,703,1,1840,192,True,
2025-08-29T22:03:13.504879,generate,qwen2.5-coder-14b-instruct,2213,339,13416,612,True,
2025-08-29T22:03:15.229761,kindness,qwen2.5-coder-14b-instruct,645,1,1723,159,True,
2025-08-29T22:03:16.777470,toxicity,qwen2.5-coder-14b-instruct,503,1,1546,132,True,
2025-08-29T22:03:18.467746,empathy,qwen2.5-coder-14b-instruct,637,1,1689,157,True,
2025-08-29T22:03:28.967755,generate,qwen2.5-coder-14b-instruct,2289,264,10498,563,True,
2025-08-29T22:03:30.821778,kindness,qwen2.5-coder-14b-instruct,570,1,1853,146,True,
2025-08-29T22:03:32.269674,toxicity,qwen2.5-coder-14b-instruct,428,1,1447,119,True,
2025-08-29T22:03:33.776198,empathy,qwen2.5-coder-14b-instruct,562,1,1505,144,True,
2025-08-29T22:03:47.395145,generate,qwen2.5-coder-14b-instruct,2292,331,13617,600,True,
2025-08-29T22:03:49.236926,kindness,qwen2.5-coder-14b-instruct,637,1,1840,157,True,
2025-08-29T22:03:50.774117,toxicity,qwen2.5-coder-14b-instruct,495,1,1536,130,True,
2025-08-29T22:03:52.516109,empathy,qwen2.5-coder-14b-instruct,629,1,1741,155,True,
2025-08-29T22:03:54.273044,bridge,qwen2.5-coder-14b-instruct,852,1,1756,201,True,
2025-08-29T22:04:05.520031,generate,qwen2.5-coder-14b-instruct,2272,241,11245,569,True,
2025-08-29T22:04:07.246943,kindness,qwen2.5-coder-14b-instruct,547,1,1725,150,True,
2025-08-29T22:04:08.799665,toxicity,qwen2.5-coder-14b-instruct,405,1,1551,123,True,
2025-08-29T22:04:10.333734,empathy,qwen2.5-coder-14b-instruct,539,1,1533,148,True,
2025-08-29T22:04:12.070969,bridge,qwen2.5-coder-14b-instruct,830,1,1736,206,True,
2025-08-29T22:04:25.999998,generate,qwen2.5-coder-14b-instruct,2290,429,13927,584,True,
2025-08-29T22:04:27.752836,kindness,qwen2.5-coder-14b-instruct,735,1,1751,169,True,
2025-08-29T22:04:29.273907,toxicity,qwen2.5-coder-14b-instruct,593,1,1520,142,True,
2025-08-29T22:04:31.117386,empathy,qwen2.5-coder-14b-instruct,727,1,1842,167,True,
2025-08-29T22:04:38.294028,generate,qwen2.5-coder-14b-instruct,807,177,7167,257,True,
2025-08-29T22:04:40.030810,kindness,qwen2.5-coder-14b-instruct,472,1,1735,136,True,
2025-08-29T22:04:41.461874,toxicity,qwen2.5-coder-14b-instruct,341,1,1430,106,True,
2025-08-29T22:04:42.997906,empathy,qwen2.5-coder-14b-instruct,464,1,1535,134,True,
2025-08-29T22:04:52.934014,generate,qwen2.5-coder-14b-instruct,990,240,9933,326,True,
2025-08-29T22:04:54.663797,kindness,qwen2.5-coder-14b-instruct,535,1,1728,151,True,
2025-08-29T22:04:56.109088,toxicity,qwen2.5-coder-14b-instruct,404,1,1444,121,True,
2025-08-29T22:04:57.557934,empathy,qwen2.5-coder-14b-instruct,527,1,1447,149,True,
2025-08-29T22:04:59.276436,bridge,qwen2.5-coder-14b-instruct,674,1,1717,179,True,
2025-08-29T22:05:09.416949,generate,qwen2.5-coder-14b-instruct,1275,267,10138,407,True,
2025-08-29T22:05:11.261277,kindness,qwen2.5-coder-14b-instruct,562,1,1843,151,True,
2025-08-29T22:05:12.794197,toxicity,qwen2.5-coder-14b-instruct,431,1,1531,121,True,
2025-08-29T22:05:14.343671,empathy,qwen2.5-coder-14b-instruct,554,1,1548,149,True,
2025-08-29T22:05:23.652097,generate,qwen2.5-coder-14b-instruct,1551,221,9306,449,True,
2025-08-29T22:05:25.388432,kindness,qwen2.5-coder-14b-instruct,516,1,1735,143,True,
2025-08-29T22:05:26.776288,toxicity,qwen2.5-coder-14b-instruct,385,1,1386,113,True,
2025-08-29T22:05:28.257029,empathy,qwen2.5-coder-14b-instruct,508,1,1479,141,True,
2025-08-29T22:05:36.232988,generate,qwen2.5-coder-14b-instruct,1755,205,7973,447,True,
2025-08-29T22:05:37.984624,kindness,qwen2.5-coder-14b-instruct,500,1,1750,135,True,
2025-08-29T22:05:39.420676,toxicity,qwen2.5-coder-14b-instruct,369,1,1434,105,True,
2025-08-29T22:05:40.958936,empathy,qwen2.5-coder-14b-instruct,492,1,1537,133,True,
2025-08-29T22:05:50.274306,generate,qwen2.5-coder-14b-instruct,1995,267,9313,505,True,
2025-08-29T22:05:52.117007,kindness,qwen2.5-coder-14b-instruct,562,1,1841,143,True,
2025-08-29T22:05:53.552695,toxicity,qwen2.5-coder-14b-instruct,431,1,1434,113,True,
2025-08-29T22:05:55.001176,empathy,qwen2.5-coder-14b-instruct,554,1,1447,141,True,
2025-08-29T22:06:03.893496,generate,qwen2.5-coder-14b-instruct,2112,224,8890,539,True,
2025-08-29T22:06:05.593721,kindness,qwen2.5-coder-14b-instruct,519,1,1699,140,True,
2025-08-29T22:06:07.069114,toxicity,qwen2.5-coder-14b-instruct,388,1,1474,110,True,
2025-08-29T22:06:08.560674,empathy,qwen2.5-coder-14b-instruct,511,1,1490,138,True,
2025-08-29T22:06:10.343105,bridge,qwen2.5-coder-14b-instruct,749,1,1781,175,True,
2025-08-29T22:06:21.616594,generate,qwen2.5-coder-14b-instruct,2057,350,11271,502,True,
2025-08-29T22:06:23.348295,kindness,qwen2.5-coder-14b-instruct,645,1,1730,155,True,
2025-08-29T22:06:24.760339,toxicity,qwen2.5-coder-14b-instruct,514,1,1411,125,True,
2025-08-29T22:06:26.493931,empathy,qwen2.5-coder-14b-instruct,637,1,1732,153,True,
2025-08-29T22:06:28.205631,bridge,qwen2.5-coder-14b-instruct,831,1,1710,187,True,
2025-08-29T22:06:36.965124,generate,qwen2.5-coder-14b-instruct,2173,224,8757,519,True,
2025-08-29T22:06:38.709175,kindness,qwen2.5-coder-14b-instruct,519,1,1742,140,True,
2025-08-29T22:06:40.109199,toxicity,qwen2.5-coder-14b-instruct,388,1,1399,110,True,
2025-08-29T22:06:41.693583,empathy,qwen2.5-coder-14b-instruct,511,1,1583,138,True,
2025-08-29T22:06:51.513028,generate,qwen2.5-coder-14b-instruct,2131,251,9817,492,True,
2025-08-29T22:06:53.354597,kindness,qwen2.5-coder-14b-instruct,546,1,1840,146,True,
2025-08-29T22:06:54.764001,toxicity,qwen2.5-coder-14b-instruct,415,1,1408,116,True,
2025-08-29T22:06:56.320030,empathy,qwen2.5-coder-14b-instruct,538,1,1555,144,True,
2025-08-29T22:07:05.027485,generate,qwen2.5-coder-14b-instruct,824,218,7694,261,True,
2025-08-29T22:07:06.869068,kindness,qwen2.5-coder-14b-instruct,530,1,1840,138,True,
2025-08-29T22:07:08.293167,toxicity,qwen2.5-coder-14b-instruct,382,1,1423,109,True,
2025-08-29T22:07:09.840353,empathy,qwen2.5-coder-14b-instruct,522,1,1546,136,True,
2025-08-29T22:07:22.144659,generate,qwen2.5-coder-14b-instruct,1059,307,12301,357,True,
2025-08-29T22:07:23.888222,kindness,qwen2.5-coder-14b-instruct,619,1,1742,165,True,
2025-08-29T22:07:25.403655,toxicity,qwen2.5-coder-14b-instruct,471,1,1514,136,True,
2025-08-29T22:07:27.144102,empathy,qwen2.5-coder-14b-instruct,611,1,1739,163,True,
2025-08-29T22:07:28.986717,bridge,qwen2.5-coder-14b-instruct,782,1,1841,197,True,
2025-08-29T22:07:36.664316,generate,qwen2.5-coder-14b-instruct,1362,204,7675,366,True,
2025-08-29T22:07:38.405406,kindness,qwen2.5-coder-14b-instruct,516,1,1740,135,True,
2025-08-29T22:07:39.837901,toxicity,qwen2.5-coder-14b-instruct,368,1,1431,106,True,
2025-08-29T22:07:41.290368,empathy,qwen2.5-coder-14b-instruct,508,1,1451,133,True,
2025-08-29T22:07:50.899931,generate,qwen2.5-coder-14b-instruct,1616,221,9607,449,True,
2025-08-29T22:07:52.641231,kindness,qwen2.5-coder-14b-instruct,533,1,1740,144,True,
2025-08-29T22:07:54.075437,toxicity,qwen2.5-coder-14b-instruct,385,1,1433,115,True,
2025-08-29T22:07:55.613506,empathy,qwen2.5-coder-14b-instruct,525,1,1537,142,True,
2025-08-29T22:07:57.348627,bridge,qwen2.5-coder-14b-instruct,682,1,1734,173,True,
2025-08-29T22:08:10.561726,generate,qwen2.5-coder-14b-instruct,1813,351,13211,482,True,
2025-08-29T22:08:12.419859,kindness,qwen2.5-coder-14b-instruct,663,1,1857,167,True,
2025-08-29T22:08:13.941009,toxicity,qwen2.5-coder-14b-instruct,515,1,1520,138,True,
2025-08-29T22:08:15.679645,empathy,qwen2.5-coder-14b-instruct,655,1,1737,165,True,
2025-08-29T22:08:27.134097,generate,qwen2.5-coder-14b-instruct,2233,288,11452,580,True,
2025-08-29T22:08:29.099086,kindness,qwen2.5-coder-14b-instruct,600,1,1963,147,True,
2025-08-29T22:08:30.530292,toxicity,qwen2.5-coder-14b-instruct,452,1,1430,118,True,
2025-08-29T22:08:32.064145,empathy,qwen2.5-coder-14b-instruct,592,1,1532,145,True,
2025-08-29T22:08:33.909537,bridge,qwen2.5-coder-14b-instruct,896,1,1844,208,True,
2025-08-29T22:08:43.943461,generate,qwen2.5-coder-14b-instruct,2247,239,10031,543,True,
2025-08-29T22:08:45.788094,kindness,qwen2.5-coder-14b-instruct,551,1,1843,146,True,
2025-08-29T22:08:47.221216,toxicity,qwen2.5-coder-14b-instruct,403,1,1432,117,True,
2025-08-29T22:08:48.677975,empathy,qwen2.5-coder-14b-instruct,543,1,1455,144,True,
2025-08-29T22:08:50.496884,bridge,qwen2.5-coder-14b-instruct,784,1,1817,187,True,
2025-08-29T22:09:04.757582,generate,qwen2.5-coder-14b-instruct,2234,445,14258,590,True,
2025-08-29T22:09:06.493302,kindness,qwen2.5-coder-14b-instruct,757,1,1734,168,True,
2025-08-29T22:09:08.010261,toxicity,qwen2.5-coder-14b-instruct,609,1,1516,139,True,
2025-08-29T22:09:09.749590,empathy,qwen2.5-coder-14b-instruct,749,1,1738,166,True,
2025-08-29T22:09:19.854153,generate,qwen2.5-coder-14b-instruct,2439,230,10102,567,True,
2025-08-29T22:09:21.625585,kindness,qwen2.5-coder-14b-instruct,542,1,1770,141,True,
2025-08-29T22:09:23.166134,toxicity,qwen2.5-coder-14b-instruct,394,1,1539,112,True,
2025-08-29T22:09:24.698391,empathy,qwen2.5-coder-14b-instruct,534,1,1531,139,True,
2025-08-29T22:09:33.405609,generate,qwen2.5-coder-14b-instruct,2438,199,8705,546,True,
2025-08-29T22:09:35.142937,kindness,qwen2.5-coder-14b-instruct,511,1,1736,138,True,
2025-08-29T22:09:36.540430,toxicity,qwen2.5-coder-14b-instruct,363,1,1396,109,True,
2025-08-29T22:09:38.114570,empathy,qwen2.5-coder-14b-instruct,503,1,1573,136,True,
2025-08-29T22:09:47.907372,generate,qwen2.5-coder-14b-instruct,860,270,9783,311,True,
2025-08-29T22:09:49.683801,kindness,qwen2.5-coder-14b-instruct,574,1,1775,153,True,
2025-08-29T22:09:51.117407,toxicity,qwen2.5-coder-14b-instruct,434,1,1432,120,True,
2025-08-29T22:09:52.959104,empathy,qwen2.5-coder-14b-instruct,566,1,1840,151,True,
2025-08-29T22:10:01.050006,generate,qwen2.5-coder-14b-instruct,1074,202,8088,313,True,
2025-08-29T22:10:02.898110,kindness,qwen2.5-coder-14b-instruct,506,1,1847,142,True,
2025-08-29T22:10:04.316698,toxicity,qwen2.5-coder-14b-instruct,366,1,1417,109,True,
2025-08-29T22:10:05.778473,empathy,qwen2.5-coder-14b-instruct,498,1,1460,140,True,
2025-08-29T22:10:16.418986,generate,qwen2.5-coder-14b-instruct,1333,289,10638,407,True,
2025-08-29T22:10:18.135048,kindness,qwen2.5-coder-14b-instruct,593,1,1714,158,True,
2025-08-29T22:10:19.688427,toxicity,qwen2.5-coder-14b-instruct,453,1,1552,125,True,
2025-08-29T22:10:21.527582,empathy,qwen2.5-coder-14b-instruct,585,1,1838,156,True,
2025-08-29T22:10:23.277780,bridge,qwen2.5-coder-14b-instruct,749,1,1749,187,True,
2025-08-29T22:10:32.693310,generate,qwen2.5-coder-14b-instruct,1625,204,9413,452,True,
2025-08-29T22:10:34.434156,kindness,qwen2.5-coder-14b-instruct,508,1,1739,147,True,
2025-08-29T22:10:35.837012,toxicity,qwen2.5-coder-14b-instruct,368,1,1401,114,True,
2025-08-29T22:10:37.299217,empathy,qwen2.5-coder-14b-instruct,500,1,1461,145,True,
2025-08-29T22:10:48.155372,generate,qwen2.5-coder-14b-instruct,1869,355,10854,520,True,
2025-08-29T22:10:49.893784,kindness,qwen2.5-coder-14b-instruct,659,1,1737,156,True,
2025-08-29T22:10:51.399630,toxicity,qwen2.5-coder-14b-instruct,519,1,1504,123,True,
2025-08-29T22:10:53.374665,empathy,qwen2.5-coder-14b-instruct,651,1,1974,154,True,
2025-08-29T22:10:55.226136,bridge,qwen2.5-coder-14b-instruct,816,1,1850,189,True,
2025-08-29T22:11:05.866875,generate,qwen2.5-coder-14b-instruct,2206,308,10638,543,True,
2025-08-29T22:11:07.713564,kindness,qwen2.5-coder-14b-instruct,612,1,1845,153,True,
2025-08-29T22:11:09.234425,toxicity,qwen2.5-coder-14b-instruct,472,1,1519,120,True,
2025-08-29T22:11:11.090260,empathy,qwen2.5-coder-14b-instruct,604,1,1854,151,True,
2025-08-29T22:11:25.224399,generate,qwen2.5-coder-14b-instruct,2249,305,14132,579,True,
2025-08-29T22:11:27.066110,kindness,qwen2.5-coder-14b-instruct,609,1,1840,176,True,
2025-08-29T22:11:28.609607,toxicity,qwen2.5-coder-14b-instruct,469,1,1542,143,True,
2025-08-29T22:11:30.322638,empathy,qwen2.5-coder-14b-instruct,601,1,1712,174,True,
2025-08-29T22:11:42.105797,generate,qwen2.5-coder-14b-instruct,2358,307,11781,597,True,
2025-08-29T22:11:43.864213,kindness,qwen2.5-coder-14b-instruct,611,1,1757,155,True,
2025-08-29T22:11:45.304696,toxicity,qwen2.5-coder-14b-instruct,471,1,1439,122,True,
2025-08-29T22:11:47.093393,empathy,qwen2.5-coder-14b-instruct,603,1,1787,153,True,
2025-08-29T22:12:00.593243,generate,qwen2.5-coder-14b-instruct,2359,376,13497,581,True,
2025-08-29T22:12:02.347607,kindness,qwen2.5-coder-14b-instruct,680,1,1753,170,True,
2025-08-29T22:12:03.939020,toxicity,qwen2.5-coder-14b-instruct,540,1,1590,137,True,
2025-08-29T22:12:05.671951,empathy,qwen2.5-coder-14b-instruct,672,1,1732,168,True,
2025-08-29T22:12:17.647971,generate,qwen2.5-coder-14b-instruct,2546,271,11974,602,True,
2025-08-29T22:12:19.392380,kindness,qwen2.5-coder-14b-instruct,575,1,1743,156,True,
2025-08-29T22:12:20.815249,toxicity,qwen2.5-coder-14b-instruct,435,1,1421,123,True,
2025-08-29T22:12:22.566141,empathy,qwen2.5-coder-14b-instruct,567,1,1750,154,True,
2025-08-29T22:12:31.370310,generate,qwen2.5-coder-14b-instruct,845,212,7798,278,True,
2025-08-29T22:12:33.121003,kindness,qwen2.5-coder-14b-instruct,524,1,1749,139,True,
2025-08-29T22:12:34.535072,toxicity,qwen2.5-coder-14b-instruct,376,1,1413,110,True,
2025-08-29T22:12:36.001671,empathy,qwen2.5-coder-14b-instruct,516,1,1465,137,True,
2025-08-29T22:12:46.636400,generate,qwen2.5-coder-14b-instruct,1083,342,10632,358,True,
2025-08-29T22:12:48.474926,kindness,qwen2.5-coder-14b-instruct,654,1,1837,154,True,
2025-08-29T22:12:49.923563,toxicity,qwen2.5-coder-14b-instruct,506,1,1447,125,True,
2025-08-29T22:12:51.643597,empathy,qwen2.5-coder-14b-instruct,646,1,1719,152,True,
2025-08-29T22:13:03.365405,generate,qwen2.5-coder-14b-instruct,1429,336,11719,412,True,
2025-08-29T22:13:05.113614,kindness,qwen2.5-coder-14b-instruct,648,1,1747,160,True,
2025-08-29T22:13:06.564109,toxicity,qwen2.5-coder-14b-instruct,500,1,1449,131,True,
2025-08-29T22:13:08.337860,empathy,qwen2.5-coder-14b-instruct,640,1,1772,158,True,
2025-08-29T22:13:10.128768,bridge,qwen2.5-coder-14b-instruct,935,1,1790,208,True,
2025-08-29T22:13:21.240387,generate,qwen2.5-coder-14b-instruct,1768,248,11109,470,True,
2025-08-29T22:13:23.093749,kindness,qwen2.5-coder-14b-instruct,560,1,1852,154,True,
2025-08-29T22:13:24.554382,toxicity,qwen2.5-coder-14b-instruct,412,1,1459,125,True,
2025-08-29T22:13:26.288805,empathy,qwen2.5-coder-14b-instruct,552,1,1733,152,True,
2025-08-29T22:13:40.948667,generate,qwen2.5-coder-14b-instruct,2028,350,14657,547,True,
2025-08-29T22:13:42.742388,kindness,qwen2.5-coder-14b-instruct,662,1,1792,176,True,
2025-08-29T22:13:44.277363,toxicity,qwen2.5-coder-14b-instruct,514,1,1534,147,True,
2025-08-29T22:13:46.021942,empathy,qwen2.5-coder-14b-instruct,654,1,1743,174,True,
2025-08-29T22:13:47.866266,bridge,qwen2.5-coder-14b-instruct,855,1,1843,224,True,
2025-08-29T22:13:59.100263,generate,qwen2.5-coder-14b-instruct,2386,256,11231,582,True,
2025-08-29T22:14:00.808409,kindness,qwen2.5-coder-14b-instruct,568,1,1707,146,True,
2025-08-29T22:14:02.190171,toxicity,qwen2.5-coder-14b-instruct,420,1,1380,117,True,
2025-08-29T22:14:03.732942,empathy,qwen2.5-coder-14b-instruct,560,1,1541,144,True,
2025-08-29T22:14:16.685385,generate,qwen2.5-coder-14b-instruct,2452,345,12950,617,True,
2025-08-29T22:14:18.478153,kindness,qwen2.5-coder-14b-instruct,657,1,1791,158,True,
2025-08-29T22:14:19.931665,toxicity,qwen2.5-coder-14b-instruct,509,1,1452,129,True,
2025-08-29T22:14:21.656569,empathy,qwen2.5-coder-14b-instruct,649,1,1724,156,True,
2025-08-29T22:14:35.873070,generate,qwen2.5-coder-14b-instruct,2444,384,14214,631,True,
2025-08-29T22:14:37.630051,kindness,qwen2.5-coder-14b-instruct,696,1,1755,166,True,
2025-08-29T22:14:39.166114,toxicity,qwen2.5-coder-14b-instruct,548,1,1535,137,True,
2025-08-29T22:14:40.881113,empathy,qwen2.5-coder-14b-instruct,688,1,1714,164,True,
2025-08-29T22:14:54.933116,generate,qwen2.5-coder-14b-instruct,2452,379,14049,599,True,
2025-08-29T22:14:56.611484,kindness,qwen2.5-coder-14b-instruct,691,1,1677,163,True,
2025-08-29T22:14:58.110429,toxicity,qwen2.5-coder-14b-instruct,543,1,1498,134,True,
2025-08-29T22:14:59.861453,empathy,qwen2.5-coder-14b-instruct,683,1,1750,161,True,
2025-08-29T22:15:13.675908,generate,qwen2.5-coder-14b-instruct,2614,391,13812,624,True,
2025-08-29T22:15:15.366922,kindness,qwen2.5-coder-14b-instruct,703,1,1689,163,True,
2025-08-29T22:15:16.849174,toxicity,qwen2.5-coder-14b-instruct,555,1,1481,134,True,
2025-08-29T22:15:18.586173,empathy,qwen2.5-coder-14b-instruct,695,1,1736,161,True,
2025-08-29T22:15:28.216384,generate,qwen2.5-coder-14b-instruct,811,247,9627,270,True,
2025-08-29T22:15:29.941541,kindness,qwen2.5-coder-14b-instruct,551,1,1724,148,True,
2025-08-29T22:15:31.365302,toxicity,qwen2.5-coder-14b-instruct,411,1,1422,122,True,
2025-08-29T22:15:32.923147,empathy,qwen2.5-coder-14b-instruct,543,1,1556,146,True,
2025-08-29T22:15:42.653965,generate,qwen2.5-coder-14b-instruct,1091,271,9728,346,True,
2025-08-29T22:15:44.402554,kindness,qwen2.5-coder-14b-instruct,575,1,1747,145,True,
2025-08-29T22:15:45.930972,toxicity,qwen2.5-coder-14b-instruct,435,1,1527,119,True,
2025-08-29T22:15:47.370914,empathy,qwen2.5-coder-14b-instruct,567,1,1438,143,True,
2025-08-29T22:15:58.323804,generate,qwen2.5-coder-14b-instruct,1357,310,10950,391,True,
2025-08-29T22:16:00.096976,kindness,qwen2.5-coder-14b-instruct,614,1,1772,153,True,
2025-08-29T22:16:01.700952,toxicity,qwen2.5-coder-14b-instruct,474,1,1603,127,True,
2025-08-29T22:16:03.437838,empathy,qwen2.5-coder-14b-instruct,606,1,1735,151,True,
2025-08-29T22:16:13.066391,generate,qwen2.5-coder-14b-instruct,1685,233,9626,447,True,
2025-08-29T22:16:14.806868,kindness,qwen2.5-coder-14b-instruct,537,1,1739,142,True,
2025-08-29T22:16:16.250569,toxicity,qwen2.5-coder-14b-instruct,397,1,1442,116,True,
2025-08-29T22:16:17.773842,empathy,qwen2.5-coder-14b-instruct,529,1,1522,140,True,
2025-08-29T22:16:19.527649,bridge,qwen2.5-coder-14b-instruct,801,1,1752,196,True,
2025-08-29T22:16:31.291700,generate,qwen2.5-coder-14b-instruct,1935,354,11761,501,True,
2025-08-29T22:16:32.995990,kindness,qwen2.5-coder-14b-instruct,658,1,1703,154,True,
2025-08-29T22:16:34.454763,toxicity,qwen2.5-coder-14b-instruct,518,1,1457,128,True,
2025-08-29T22:16:36.277990,empathy,qwen2.5-coder-14b-instruct,650,1,1822,152,True,
2025-08-29T22:16:38.051885,bridge,qwen2.5-coder-14b-instruct,845,1,1772,197,True,
2025-08-29T22:16:46.958824,generate,qwen2.5-coder-14b-instruct,2323,164,8904,559,True,
2025-08-29T22:16:48.489321,kindness,qwen2.5-coder-14b-instruct,468,1,1529,131,True,
2025-08-29T22:16:49.896410,toxicity,qwen2.5-coder-14b-instruct,328,1,1406,105,True,
2025-08-29T22:16:51.356832,empathy,qwen2.5-coder-14b-instruct,460,1,1459,129,True,
2025-08-29T22:17:02.727755,generate,qwen2.5-coder-14b-instruct,2257,291,11368,572,True,
2025-08-29T22:17:04.456073,kindness,qwen2.5-coder-14b-instruct,595,1,1727,148,True,
2025-08-29T22:17:05.888442,toxicity,qwen2.5-coder-14b-instruct,455,1,1431,122,True,
2025-08-29T22:17:07.348849,empathy,qwen2.5-coder-14b-instruct,587,1,1459,146,True,
2025-08-29T22:17:09.080215,bridge,qwen2.5-coder-14b-instruct,713,1,1730,179,True,
2025-08-29T22:17:21.409210,generate,qwen2.5-coder-14b-instruct,2252,351,12326,574,True,
2025-08-29T22:17:23.210093,kindness,qwen2.5-coder-14b-instruct,655,1,1799,158,True,
2025-08-29T22:17:24.746264,toxicity,qwen2.5-coder-14b-instruct,515,1,1535,132,True,
2025-08-29T22:17:26.486970,empathy,qwen2.5-coder-14b-instruct,647,1,1739,156,True,
2025-08-29T22:17:28.213333,bridge,qwen2.5-coder-14b-instruct,899,1,1725,206,True,
2025-08-29T22:17:39.088673,generate,qwen2.5-coder-14b-instruct,2290,291,10873,566,True,
2025-08-29T22:17:40.820777,kindness,qwen2.5-coder-14b-instruct,595,1,1731,148,True,
2025-08-29T22:17:42.245529,toxicity,qwen2.5-coder-14b-instruct,455,1,1423,122,True,
2025-08-29T22:17:43.729286,empathy,qwen2.5-coder-14b-instruct,587,1,1482,146,True,
2025-08-29T22:17:58.865990,generate,qwen2.5-coder-14b-instruct,2323,430,15134,569,True,
2025-08-29T22:18:00.615271,kindness,qwen2.5-coder-14b-instruct,734,1,1748,176,True,
2025-08-29T22:18:02.022492,toxicity,qwen2.5-coder-14b-instruct,594,1,1406,150,True,
2025-08-29T22:18:03.760514,empathy,qwen2.5-coder-14b-instruct,726,1,1737,174,True,
2025-08-29T22:18:05.547958,bridge,qwen2.5-coder-14b-instruct,977,1,1786,224,True,
2025-08-29T22:18:14.818981,generate,qwen2.5-coder-14b-instruct,827,218,8245,273,True,
2025-08-29T22:18:16.559749,kindness,qwen2.5-coder-14b-instruct,520,1,1739,144,True,
2025-08-29T22:18:17.993807,toxicity,qwen2.5-coder-14b-instruct,382,1,1433,113,True,
2025-08-29T22:18:19.459824,empathy,qwen2.5-coder-14b-instruct,512,1,1465,142,True,
2025-08-29T22:18:31.120718,generate,qwen2.5-coder-14b-instruct,1026,318,11658,325,True,
2025-08-29T22:18:32.942504,kindness,qwen2.5-coder-14b-instruct,620,1,1820,163,True,
2025-08-29T22:18:34.398379,toxicity,qwen2.5-coder-14b-instruct,482,1,1454,132,True,
2025-08-29T22:18:36.117067,empathy,qwen2.5-coder-14b-instruct,612,1,1717,161,True,
2025-08-29T22:18:45.638081,generate,qwen2.5-coder-14b-instruct,1403,247,9519,424,True,
2025-08-29T22:18:47.379795,kindness,qwen2.5-coder-14b-instruct,549,1,1740,148,True,
2025-08-29T22:18:48.812918,toxicity,qwen2.5-coder-14b-instruct,411,1,1432,117,True,
2025-08-29T22:18:50.272082,empathy,qwen2.5-coder-14b-instruct,541,1,1458,146,True,
2025-08-29T22:18:58.852380,generate,qwen2.5-coder-14b-instruct,1644,194,8577,436,True,
2025-08-29T22:19:00.565512,kindness,qwen2.5-coder-14b-instruct,496,1,1712,140,True,
2025-08-29T22:19:02.022422,toxicity,qwen2.5-coder-14b-instruct,358,1,1455,109,True,
2025-08-29T22:19:03.560111,empathy,qwen2.5-coder-14b-instruct,488,1,1536,138,True,
2025-08-29T22:19:05.276883,bridge,qwen2.5-coder-14b-instruct,699,1,1715,179,True,
2025-08-29T22:19:16.358165,generate,qwen2.5-coder-14b-instruct,1869,277,11079,511,True,
2025-08-29T22:19:18.208719,kindness,qwen2.5-coder-14b-instruct,579,1,1849,155,True,
2025-08-29T22:19:19.652243,toxicity,qwen2.5-coder-14b-instruct,441,1,1442,124,True,
2025-08-29T22:19:21.376471,empathy,qwen2.5-coder-14b-instruct,571,1,1723,153,True,
2025-08-29T22:19:23.220628,bridge,qwen2.5-coder-14b-instruct,730,1,1843,187,True,
2025-08-29T22:19:35.884669,generate,qwen2.5-coder-14b-instruct,2160,301,12661,578,True,
2025-08-29T22:19:37.640947,kindness,qwen2.5-coder-14b-instruct,603,1,1755,163,True,
2025-08-29T22:19:39.196386,toxicity,qwen2.5-coder-14b-instruct,465,1,1554,132,True,
2025-08-29T22:19:40.904995,empathy,qwen2.5-coder-14b-instruct,595,1,1707,161,True,
2025-08-29T22:19:52.930692,generate,qwen2.5-coder-14b-instruct,2228,246,12023,583,True,
2025-08-29T22:19:54.758153,kindness,qwen2.5-coder-14b-instruct,548,1,1826,154,True,
2025-08-29T22:19:56.193888,toxicity,qwen2.5-coder-14b-instruct,410,1,1434,123,True,
2025-08-29T22:19:57.935402,empathy,qwen2.5-coder-14b-instruct,540,1,1740,152,True,
2025-08-29T22:19:59.676097,bridge,qwen2.5-coder-14b-instruct,804,1,1739,207,True,
2025-08-29T22:20:13.776473,generate,qwen2.5-coder-14b-instruct,2168,344,14098,593,True,
2025-08-29T22:20:15.548380,kindness,qwen2.5-coder-14b-instruct,646,1,1770,168,True,
2025-08-29T22:20:17.023133,toxicity,qwen2.5-coder-14b-instruct,508,1,1473,137,True,
2025-08-29T22:20:18.719120,empathy,qwen2.5-coder-14b-instruct,638,1,1695,166,True,
2025-08-29T22:20:29.064832,generate,qwen2.5-coder-14b-instruct,2247,251,10343,565,True,
2025-08-29T22:20:30.814082,kindness,qwen2.5-coder-14b-instruct,553,1,1748,145,True,
2025-08-29T22:20:32.220821,toxicity,qwen2.5-coder-14b-instruct,415,1,1405,114,True,
2025-08-29T22:20:33.775373,empathy,qwen2.5-coder-14b-instruct,545,1,1553,143,True,
2025-08-29T22:20:35.502513,bridge,qwen2.5-coder-14b-instruct,853,1,1726,204,True,
2025-08-29T22:20:47.463381,generate,qwen2.5-coder-14b-instruct,2335,322,11958,613,True,
2025-08-29T22:20:49.212682,kindness,qwen2.5-coder-14b-instruct,624,1,1748,154,True,
2025-08-29T22:20:50.636392,toxicity,qwen2.5-coder-14b-instruct,486,1,1422,123,True,
2025-08-29T22:20:52.409093,empathy,qwen2.5-coder-14b-instruct,616,1,1771,152,True,
2025-08-29T22:21:02.258569,generate,qwen2.5-coder-14b-instruct,836,268,9842,281,True,
2025-08-29T22:21:03.997889,kindness,qwen2.5-coder-14b-instruct,579,1,1738,155,True,
2025-08-29T22:21:05.424315,toxicity,qwen2.5-coder-14b-instruct,432,1,1425,124,True,
2025-08-29T22:21:07.126864,empathy,qwen2.5-coder-14b-instruct,571,1,1701,153,True,
2025-08-29T22:21:20.706558,generate,qwen2.5-coder-14b-instruct,1140,413,13577,395,True,
2025-08-29T22:21:22.518091,kindness,qwen2.5-coder-14b-instruct,724,1,1810,175,True,
2025-08-29T22:21:24.053118,toxicity,qwen2.5-coder-14b-instruct,577,1,1533,144,True,
2025-08-29T22:21:25.894194,empathy,qwen2.5-coder-14b-instruct,716,1,1840,173,True,
2025-08-29T22:21:38.798516,generate,qwen2.5-coder-14b-instruct,1542,333,12902,452,True,
2025-08-29T22:21:40.536832,kindness,qwen2.5-coder-14b-instruct,644,1,1737,169,True,
2025-08-29T22:21:42.071831,toxicity,qwen2.5-coder-14b-instruct,497,1,1534,138,True,
2025-08-29T22:21:43.822243,empathy,qwen2.5-coder-14b-instruct,636,1,1749,167,True,
2025-08-29T22:21:55.079808,generate,qwen2.5-coder-14b-instruct,1902,276,11255,525,True,
2025-08-29T22:21:56.817993,kindness,qwen2.5-coder-14b-instruct,587,1,1737,156,True,
2025-08-29T22:21:58.253977,toxicity,qwen2.5-coder-14b-instruct,440,1,1434,125,True,
2025-08-29T22:21:59.974367,empathy,qwen2.5-coder-14b-instruct,579,1,1719,154,True,
2025-08-29T22:22:01.733966,bridge,qwen2.5-coder-14b-instruct,866,1,1758,215,True,
2025-08-29T22:22:12.154012,generate,qwen2.5-coder-14b-instruct,2177,327,10418,547,True,
2025-08-29T22:22:13.883119,kindness,qwen2.5-coder-14b-instruct,638,1,1728,151,True,
2025-08-29T22:22:15.305301,toxicity,qwen2.5-coder-14b-instruct,491,1,1421,120,True,
2025-08-29T22:22:16.790197,empathy,qwen2.5-coder-14b-instruct,630,1,1483,149,True,
2025-08-29T22:22:29.895168,generate,qwen2.5-coder-14b-instruct,2515,328,13103,611,True,
2025-08-29T22:22:31.633323,kindness,qwen2.5-coder-14b-instruct,639,1,1737,161,True,
2025-08-29T22:22:33.066902,toxicity,qwen2.5-coder-14b-instruct,492,1,1432,130,True,
2025-08-29T22:22:34.814683,empathy,qwen2.5-coder-14b-instruct,631,1,1746,159,True,
2025-08-29T22:22:49.028124,generate,qwen2.5-coder-14b-instruct,2576,335,14211,623,True,
2025-08-29T22:22:50.784655,kindness,qwen2.5-coder-14b-instruct,646,1,1755,168,True,
2025-08-29T22:22:52.231812,toxicity,qwen2.5-coder-14b-instruct,499,1,1446,137,True,
2025-08-29T22:22:54.061418,empathy,qwen2.5-coder-14b-instruct,638,1,1828,166,True,
2025-08-29T22:23:04.958922,generate,qwen2.5-coder-14b-instruct,2510,216,10895,612,True,
2025-08-29T22:23:06.756475,kindness,qwen2.5-coder-14b-instruct,527,1,1796,147,True,
2025-08-29T22:23:08.192561,toxicity,qwen2.5-coder-14b-instruct,380,1,1435,116,True,
2025-08-29T22:23:09.641651,empathy,qwen2.5-coder-14b-instruct,519,1,1448,145,True,
2025-08-29T22:23:21.491066,generate,qwen2.5-coder-14b-instruct,2361,317,11847,570,True,
2025-08-29T22:23:23.246044,kindness,qwen2.5-coder-14b-instruct,628,1,1753,160,True,
2025-08-29T22:23:24.781751,toxicity,qwen2.5-coder-14b-instruct,481,1,1534,129,True,
2025-08-29T22:23:26.519582,empathy,qwen2.5-coder-14b-instruct,620,1,1736,158,True,
2025-08-29T22:23:38.396959,generate,qwen2.5-coder-14b-instruct,2445,319,11875,614,True,
2025-08-29T22:23:40.148777,kindness,qwen2.5-coder-14b-instruct,630,1,1750,153,True,
2025-08-29T22:23:41.573220,toxicity,qwen2.5-coder-14b-instruct,483,1,1423,122,True,
2025-08-29T22:23:43.315951,empathy,qwen2.5-coder-14b-instruct,622,1,1741,151,True,
2025-08-29T22:23:45.086952,bridge,qwen2.5-coder-14b-instruct,893,1,1770,203,True,
2025-08-29T22:23:54.458938,generate,qwen2.5-coder-14b-instruct,860,246,8340,302,True,
2025-08-29T22:23:56.178866,kindness,qwen2.5-coder-14b-instruct,562,1,1718,147,True,
2025-08-29T22:23:57.568700,toxicity,qwen2.5-coder-14b-instruct,410,1,1388,114,True,
2025-08-29T22:23:59.005719,empathy,qwen2.5-coder-14b-instruct,554,1,1435,145,True,
2025-08-29T22:24:10.981578,generate,qwen2.5-coder-14b-instruct,1092,404,11974,346,True,
2025-08-29T22:24:12.726082,kindness,qwen2.5-coder-14b-instruct,720,1,1743,167,True,
2025-08-29T22:24:14.237368,toxicity,qwen2.5-coder-14b-instruct,568,1,1510,134,True,
2025-08-29T22:24:15.955106,empathy,qwen2.5-coder-14b-instruct,712,1,1716,165,True,
2025-08-29T22:24:27.281333,generate,qwen2.5-coder-14b-instruct,1530,282,11324,428,True,
2025-08-29T22:24:28.969942,kindness,qwen2.5-coder-14b-instruct,598,1,1687,162,True,
2025-08-29T22:24:30.398150,toxicity,qwen2.5-coder-14b-instruct,446,1,1427,129,True,
2025-08-29T22:24:32.142416,empathy,qwen2.5-coder-14b-instruct,590,1,1743,160,True,
2025-08-29T22:24:41.970375,generate,qwen2.5-coder-14b-instruct,1808,271,9826,460,True,
2025-08-29T22:24:43.830892,kindness,qwen2.5-coder-14b-instruct,587,1,1859,150,True,
2025-08-29T22:24:45.235820,toxicity,qwen2.5-coder-14b-instruct,435,1,1404,117,True,
2025-08-29T22:24:46.701112,empathy,qwen2.5-coder-14b-instruct,579,1,1464,148,True,
2025-08-29T22:24:58.886255,generate,qwen2.5-coder-14b-instruct,2117,317,12183,547,True,
2025-08-29T22:25:00.591137,kindness,qwen2.5-coder-14b-instruct,633,1,1703,164,True,
2025-08-29T22:25:02.057781,toxicity,qwen2.5-coder-14b-instruct,481,1,1465,131,True,
2025-08-29T22:25:03.789546,empathy,qwen2.5-coder-14b-instruct,625,1,1730,162,True,
2025-08-29T22:25:05.562807,bridge,qwen2.5-coder-14b-instruct,845,1,1772,200,True,
2025-08-29T22:25:18.035568,generate,qwen2.5-coder-14b-instruct,2452,267,12470,616,True,
2025-08-29T22:25:19.754259,kindness,qwen2.5-coder-14b-instruct,583,1,1717,159,True,
2025-08-29T22:25:21.175472,toxicity,qwen2.5-coder-14b-instruct,431,1,1420,126,True,
2025-08-29T22:25:22.917934,empathy,qwen2.5-coder-14b-instruct,575,1,1741,157,True,
2025-08-29T22:25:24.688408,bridge,qwen2.5-coder-14b-instruct,841,1,1769,209,True,
2025-08-29T22:25:39.364904,generate,qwen2.5-coder-14b-instruct,2460,409,14674,631,True,
2025-08-29T22:25:41.177656,kindness,qwen2.5-coder-14b-instruct,725,1,1811,173,True,
2025-08-29T22:25:42.617921,toxicity,qwen2.5-coder-14b-instruct,573,1,1439,140,True,
2025-08-29T22:25:44.455193,empathy,qwen2.5-coder-14b-instruct,717,1,1836,171,True,
2025-08-29T22:25:46.226528,bridge,qwen2.5-coder-14b-instruct,933,1,1770,218,True,
2025-08-29T22:26:00.071654,generate,qwen2.5-coder-14b-instruct,2458,368,13843,611,True,
2025-08-29T22:26:01.870843,kindness,qwen2.5-coder-14b-instruct,684,1,1798,168,True,
2025-08-29T22:26:03.394769,toxicity,qwen2.5-coder-14b-instruct,532,1,1523,135,True,
2025-08-29T22:26:05.111828,empathy,qwen2.5-coder-14b-instruct,676,1,1716,166,True,
2025-08-29T22:26:19.168444,generate,qwen2.5-coder-14b-instruct,2529,332,14054,603,True,
2025-08-29T22:26:20.916596,kindness,qwen2.5-coder-14b-instruct,648,1,1747,166,True,
2025-08-29T22:26:22.350458,toxicity,qwen2.5-coder-14b-instruct,496,1,1432,133,True,
2025-08-29T22:26:24.185013,empathy,qwen2.5-coder-14b-instruct,640,1,1833,164,True,
2025-08-29T22:26:37.391603,generate,qwen2.5-coder-14b-instruct,2629,287,13204,664,True,
2025-08-29T22:26:39.107051,kindness,qwen2.5-coder-14b-instruct,603,1,1714,163,True,
2025-08-29T22:26:40.537978,toxicity,qwen2.5-coder-14b-instruct,451,1,1429,130,True,
2025-08-29T22:26:42.279572,empathy,qwen2.5-coder-14b-instruct,595,1,1740,161,True,
2025-08-29T22:26:49.380059,generate,qwen2.5-coder-14b-instruct,809,189,7097,259,True,
2025-08-29T22:26:51.103212,kindness,qwen2.5-coder-14b-instruct,491,1,1722,137,True,
2025-08-29T22:26:52.546350,toxicity,qwen2.5-coder-14b-instruct,353,1,1442,106,True,
2025-08-29T22:26:54.083802,empathy,qwen2.5-coder-14b-instruct,483,1,1536,135,True,
2025-08-29T22:27:03.298307,generate,qwen2.5-coder-14b-instruct,988,207,9212,301,True,
2025-08-29T22:27:05.147402,kindness,qwen2.5-coder-14b-instruct,509,1,1848,151,True,
2025-08-29T22:27:06.679733,toxicity,qwen2.5-coder-14b-instruct,371,1,1531,120,True,
2025-08-29T22:27:08.132633,empathy,qwen2.5-coder-14b-instruct,501,1,1451,149,True,
2025-08-29T22:27:09.834130,bridge,qwen2.5-coder-14b-instruct,652,1,1700,178,True,
2025-08-29T22:27:19.827989,generate,qwen2.5-coder-14b-instruct,1211,238,9991,358,True,
2025-08-29T22:27:21.630373,kindness,qwen2.5-coder-14b-instruct,540,1,1801,153,True,
2025-08-29T22:27:23.169394,toxicity,qwen2.5-coder-14b-instruct,402,1,1538,122,True,
2025-08-29T22:27:25.009394,empathy,qwen2.5-coder-14b-instruct,532,1,1839,151,True,
2025-08-29T22:27:26.725857,bridge,qwen2.5-coder-14b-instruct,702,1,1715,194,True,
2025-08-29T22:27:37.253447,generate,qwen2.5-coder-14b-instruct,1487,272,10524,428,True,
2025-08-29T22:27:39.038597,kindness,qwen2.5-coder-14b-instruct,574,1,1783,156,True,
2025-08-29T22:27:40.478885,toxicity,qwen2.5-coder-14b-instruct,436,1,1439,125,True,
2025-08-29T22:27:42.169450,empathy,qwen2.5-coder-14b-instruct,566,1,1689,154,True,
2025-08-29T22:27:43.919932,bridge,qwen2.5-coder-14b-instruct,767,1,1749,199,True,
2025-08-29T22:27:54.266602,generate,qwen2.5-coder-14b-instruct,1770,220,10344,485,True,
2025-08-29T22:27:56.153788,kindness,qwen2.5-coder-14b-instruct,522,1,1886,153,True,
2025-08-29T22:27:57.673782,toxicity,qwen2.5-coder-14b-instruct,384,1,1518,121,True,
2025-08-29T22:27:59.110021,empathy,qwen2.5-coder-14b-instruct,514,1,1435,150,True,
2025-08-29T22:28:09.883059,generate,qwen2.5-coder-14b-instruct,2017,240,10770,556,True,
2025-08-29T22:28:11.713158,kindness,qwen2.5-coder-14b-instruct,542,1,1828,154,True,
2025-08-29T22:28:13.252920,toxicity,qwen2.5-coder-14b-instruct,404,1,1538,123,True,
2025-08-29T22:28:15.083612,empathy,qwen2.5-coder-14b-instruct,534,1,1829,152,True,
2025-08-29T22:28:24.714298,generate,qwen2.5-coder-14b-instruct,2054,209,9628,538,True,
2025-08-29T22:28:26.553099,kindness,qwen2.5-coder-14b-instruct,511,1,1837,147,True,
2025-08-29T22:28:27.985653,toxicity,qwen2.5-coder-14b-instruct,373,1,1431,116,True,
2025-08-29T22:28:29.518277,empathy,qwen2.5-coder-14b-instruct,503,1,1531,145,True,
2025-08-29T22:28:41.706959,generate,qwen2.5-coder-14b-instruct,2089,243,12186,577,True,
2025-08-29T22:28:43.549997,kindness,qwen2.5-coder-14b-instruct,545,1,1842,157,True,
2025-08-29T22:28:45.086199,toxicity,qwen2.5-coder-14b-instruct,407,1,1535,126,True,
2025-08-29T22:28:46.828402,empathy,qwen2.5-coder-14b-instruct,537,1,1741,155,True,
2025-08-29T22:28:48.676009,bridge,qwen2.5-coder-14b-instruct,709,1,1846,194,True,
2025-08-29T22:29:01.159263,generate,qwen2.5-coder-14b-instruct,2085,228,12480,581,True,
2025-08-29T22:29:02.900356,kindness,qwen2.5-coder-14b-instruct,530,1,1740,157,True,
2025-08-29T22:29:04.436653,toxicity,qwen2.5-coder-14b-instruct,392,1,1535,126,True,
2025-08-29T22:29:06.177714,empathy,qwen2.5-coder-14b-instruct,522,1,1740,155,True,
2025-08-29T22:29:18.570979,generate,qwen2.5-coder-14b-instruct,2060,246,12391,601,True,
2025-08-29T22:29:20.281284,kindness,qwen2.5-coder-14b-instruct,548,1,1709,158,True,
2025-08-29T22:29:21.707658,toxicity,qwen2.5-coder-14b-instruct,410,1,1425,127,True,
2025-08-29T22:29:23.486314,empathy,qwen2.5-coder-14b-instruct,540,1,1777,156,True,
2025-08-29T22:29:25.254416,bridge,qwen2.5-coder-14b-instruct,731,1,1767,205,True,
2025-08-29T22:29:34.852152,generate,qwen2.5-coder-14b-instruct,866,181,8581,310,True,
2025-08-29T22:29:36.592834,kindness,qwen2.5-coder-14b-instruct,485,1,1739,138,True,
2025-08-29T22:29:38.025351,toxicity,qwen2.5-coder-14b-instruct,345,1,1431,112,True,
2025-08-29T22:29:39.562503,empathy,qwen2.5-coder-14b-instruct,477,1,1536,136,True,
2025-08-29T22:29:51.031451,generate,qwen2.5-coder-14b-instruct,1027,296,11467,364,True,
2025-08-29T22:29:52.772642,kindness,qwen2.5-coder-14b-instruct,600,1,1740,156,True,
2025-08-29T22:29:54.229754,toxicity,qwen2.5-coder-14b-instruct,460,1,1456,130,True,
2025-08-29T22:29:55.943501,empathy,qwen2.5-coder-14b-instruct,592,1,1712,154,True,
2025-08-29T22:29:57.786960,bridge,qwen2.5-coder-14b-instruct,734,1,1842,194,True,
2025-08-29T22:30:07.467215,generate,qwen2.5-coder-14b-instruct,1316,246,9678,385,True,
2025-08-29T22:30:09.254900,kindness,qwen2.5-coder-14b-instruct,550,1,1786,145,True,
2025-08-29T22:30:10.688839,toxicity,qwen2.5-coder-14b-instruct,410,1,1433,119,True,
2025-08-29T22:30:12.228003,empathy,qwen2.5-coder-14b-instruct,542,1,1538,143,True,
2025-08-29T22:30:25.453292,generate,qwen2.5-coder-14b-instruct,1610,383,13223,487,True,
2025-08-29T22:30:27.178062,kindness,qwen2.5-coder-14b-instruct,687,1,1723,165,True,
2025-08-29T22:30:28.714284,toxicity,qwen2.5-coder-14b-instruct,547,1,1535,139,True,
2025-08-29T22:30:30.464122,empathy,qwen2.5-coder-14b-instruct,679,1,1748,163,True,
2025-08-29T22:30:32.400822,bridge,qwen2.5-coder-14b-instruct,887,1,1935,210,True,
2025-08-29T22:30:41.822398,generate,qwen2.5-coder-14b-instruct,1991,265,9419,525,True,
2025-08-29T22:30:43.665541,kindness,qwen2.5-coder-14b-instruct,569,1,1842,140,True,
2025-08-29T22:30:45.099547,toxicity,qwen2.5-coder-14b-instruct,429,1,1433,114,True,
2025-08-29T22:30:46.632341,empathy,qwen2.5-coder-14b-instruct,561,1,1531,138,True,
2025-08-29T22:30:48.477178,bridge,qwen2.5-coder-14b-instruct,906,1,1843,206,True,
2025-08-29T22:30:58.820552,generate,qwen2.5-coder-14b-instruct,2255,266,10341,558,True,
2025-08-29T22:31:00.663390,kindness,qwen2.5-coder-14b-instruct,570,1,1841,145,True,
2025-08-29T22:31:02.060087,toxicity,qwen2.5-coder-14b-instruct,430,1,1395,119,True,
2025-08-29T22:31:03.632882,empathy,qwen2.5-coder-14b-instruct,562,1,1571,143,True,
2025-08-29T22:31:05.381255,bridge,qwen2.5-coder-14b-instruct,789,1,1747,187,True,
2025-08-29T22:31:17.660722,generate,qwen2.5-coder-14b-instruct,2378,339,12277,600,True,
2025-08-29T22:31:19.501917,kindness,qwen2.5-coder-14b-instruct,643,1,1840,151,True,
2025-08-29T22:31:21.041297,toxicity,qwen2.5-coder-14b-instruct,503,1,1538,125,True,
2025-08-29T22:31:22.575319,empathy,qwen2.5-coder-14b-instruct,635,1,1533,149,True,
2025-08-29T22:31:34.455980,generate,qwen2.5-coder-14b-instruct,2368,305,11878,550,True,
2025-08-29T22:31:36.298008,kindness,qwen2.5-coder-14b-instruct,609,1,1841,156,True,
2025-08-29T22:31:37.830484,toxicity,qwen2.5-coder-14b-instruct,469,1,1531,130,True,
2025-08-29T22:31:39.574377,empathy,qwen2.5-coder-14b-instruct,601,1,1743,154,True,
2025-08-29T22:31:50.342650,generate,qwen2.5-coder-14b-instruct,2470,170,10766,581,True,
2025-08-29T22:31:52.068554,kindness,qwen2.5-coder-14b-instruct,474,1,1724,140,True,
2025-08-29T22:31:53.465502,toxicity,qwen2.5-coder-14b-instruct,334,1,1395,114,True,
2025-08-29T22:31:55.039404,empathy,qwen2.5-coder-14b-instruct,466,1,1572,138,True,
2025-08-29T22:31:56.793674,bridge,qwen2.5-coder-14b-instruct,732,1,1753,196,True,
2025-08-29T22:32:09.168658,generate,qwen2.5-coder-14b-instruct,2261,327,12373,586,True,
2025-08-29T22:32:10.891955,kindness,qwen2.5-coder-14b-instruct,631,1,1722,151,True,
2025-08-29T22:32:12.338560,toxicity,qwen2.5-coder-14b-instruct,491,1,1445,125,True,
2025-08-29T22:32:13.878852,empathy,qwen2.5-coder-14b-instruct,623,1,1539,149,True,
2025-08-29T22:32:15.721811,bridge,qwen2.5-coder-14b-instruct,754,1,1841,191,True,
2025-08-29T22:32:24.834973,generate,qwen2.5-coder-14b-instruct,827,253,9110,276,True,
2025-08-29T22:32:26.590206,kindness,qwen2.5-coder-14b-instruct,555,1,1754,150,True,
2025-08-29T22:32:28.111482,toxicity,qwen2.5-coder-14b-instruct,417,1,1520,119,True,
2025-08-29T22:32:29.644451,empathy,qwen2.5-coder-14b-instruct,547,1,1532,148,True,
2025-08-29T22:32:41.201429,generate,qwen2.5-coder-14b-instruct,1096,314,11555,367,True,
2025-08-29T22:32:42.922223,kindness,qwen2.5-coder-14b-instruct,616,1,1719,162,True,
2025-08-29T22:32:44.393468,toxicity,qwen2.5-coder-14b-instruct,478,1,1470,131,True,
2025-08-29T22:32:46.134089,empathy,qwen2.5-coder-14b-instruct,608,1,1739,160,True,
2025-08-29T22:32:47.874871,bridge,qwen2.5-coder-14b-instruct,824,1,1739,203,True,
2025-08-29T22:32:56.681408,generate,qwen2.5-coder-14b-instruct,1408,239,8804,393,True,
2025-08-29T22:32:58.403531,kindness,qwen2.5-coder-14b-instruct,541,1,1721,144,True,
2025-08-29T22:32:59.855583,toxicity,qwen2.5-coder-14b-instruct,403,1,1451,113,True,
2025-08-29T22:33:01.389681,empathy,qwen2.5-coder-14b-instruct,533,1,1533,142,True,
2025-08-29T22:33:03.234815,bridge,qwen2.5-coder-14b-instruct,811,1,1844,197,True,
2025-08-29T22:33:14.295116,generate,qwen2.5-coder-14b-instruct,1671,269,11058,466,True,
2025-08-29T22:33:16.005785,kindness,qwen2.5-coder-14b-instruct,571,1,1709,155,True,
2025-08-29T22:33:17.468420,toxicity,qwen2.5-coder-14b-instruct,433,1,1461,124,True,
2025-08-29T22:33:19.206061,empathy,qwen2.5-coder-14b-instruct,563,1,1736,153,True,
2025-08-29T22:33:29.960648,generate,qwen2.5-coder-14b-instruct,1925,254,10752,488,True,
2025-08-29T22:33:31.800717,kindness,qwen2.5-coder-14b-instruct,556,1,1839,153,True,
2025-08-29T22:33:33.237760,toxicity,qwen2.5-coder-14b-instruct,418,1,1436,122,True,
2025-08-29T22:33:34.978540,empathy,qwen2.5-coder-14b-instruct,548,1,1739,151,True,
2025-08-29T22:33:36.822508,bridge,qwen2.5-coder-14b-instruct,779,1,1843,198,True,
2025-08-29T22:33:47.573802,generate,qwen2.5-coder-14b-instruct,2216,274,10749,561,True,
2025-08-29T22:33:49.417665,kindness,qwen2.5-coder-14b-instruct,576,1,1842,153,True,
2025-08-29T22:33:50.952921,toxicity,qwen2.5-coder-14b-instruct,438,1,1534,122,True,
2025-08-29T22:33:52.693542,empathy,qwen2.5-coder-14b-instruct,568,1,1739,151,True,
2025-08-29T22:33:54.435861,bridge,qwen2.5-coder-14b-instruct,786,1,1741,197,True,
2025-08-29T22:34:05.807748,generate,qwen2.5-coder-14b-instruct,2242,357,11369,565,True,
2025-08-29T22:34:07.612908,kindness,qwen2.5-coder-14b-instruct,659,1,1804,157,True,
2025-08-29T22:34:09.078231,toxicity,qwen2.5-coder-14b-instruct,521,1,1464,126,True,
2025-08-29T22:34:10.815598,empathy,qwen2.5-coder-14b-instruct,651,1,1736,155,True,
2025-08-29T22:34:22.285074,generate,qwen2.5-coder-14b-instruct,2289,323,11467,558,True,
2025-08-29T22:34:24.024977,kindness,qwen2.5-coder-14b-instruct,625,1,1738,157,True,
2025-08-29T22:34:25.459235,toxicity,qwen2.5-coder-14b-instruct,487,1,1433,126,True,
2025-08-29T22:34:27.201934,empathy,qwen2.5-coder-14b-instruct,617,1,1741,155,True,
2025-08-29T22:34:29.046035,bridge,qwen2.5-coder-14b-instruct,937,1,1843,204,True,
2025-08-29T22:34:39.797232,generate,qwen2.5-coder-14b-instruct,2388,201,10749,593,True,
2025-08-29T22:34:41.642659,kindness,qwen2.5-coder-14b-instruct,503,1,1844,146,True,
2025-08-29T22:34:43.073712,toxicity,qwen2.5-coder-14b-instruct,365,1,1430,115,True,
2025-08-29T22:34:44.528072,empathy,qwen2.5-coder-14b-instruct,495,1,1453,144,True,
2025-08-29T22:34:46.347966,bridge,qwen2.5-coder-14b-instruct,781,1,1818,193,True,
2025-08-29T22:34:59.457639,generate,qwen2.5-coder-14b-instruct,2322,307,13107,591,True,
2025-08-29T22:35:01.170216,kindness,qwen2.5-coder-14b-instruct,609,1,1711,160,True,
2025-08-29T22:35:02.633112,toxicity,qwen2.5-coder-14b-instruct,471,1,1461,129,True,
2025-08-29T22:35:04.373230,empathy,qwen2.5-coder-14b-instruct,601,1,1739,158,True,
2025-08-29T22:35:12.054403,generate,qwen2.5-coder-14b-instruct,838,199,6637,274,True,
2025-08-29T22:35:13.793937,kindness,qwen2.5-coder-14b-instruct,503,1,1738,136,True,
2025-08-29T22:35:15.190558,toxicity,qwen2.5-coder-14b-instruct,363,1,1395,103,True,
2025-08-29T22:35:16.763220,empathy,qwen2.5-coder-14b-instruct,495,1,1571,134,True,
2025-08-29T22:35:25.482060,generate,qwen2.5-coder-14b-instruct,1050,245,8716,347,True,
2025-08-29T22:35:27.310161,kindness,qwen2.5-coder-14b-instruct,549,1,1827,146,True,
2025-08-29T22:35:28.745555,toxicity,qwen2.5-coder-14b-instruct,409,1,1434,113,True,
2025-08-29T22:35:30.280262,empathy,qwen2.5-coder-14b-instruct,541,1,1533,144,True,
2025-08-29T22:35:41.544056,generate,qwen2.5-coder-14b-instruct,1268,309,11261,358,True,
2025-08-29T22:35:43.255202,kindness,qwen2.5-coder-14b-instruct,613,1,1710,163,True,
2025-08-29T22:35:44.823493,toxicity,qwen2.5-coder-14b-instruct,473,1,1567,130,True,
2025-08-29T22:35:46.660648,empathy,qwen2.5-coder-14b-instruct,605,1,1836,161,True,
2025-08-29T22:35:58.234803,generate,qwen2.5-coder-14b-instruct,1643,254,11572,471,True,
2025-08-29T22:35:59.975560,kindness,qwen2.5-coder-14b-instruct,558,1,1739,162,True,
2025-08-29T22:36:01.512852,toxicity,qwen2.5-coder-14b-instruct,418,1,1536,129,True,
2025-08-29T22:36:03.239675,empathy,qwen2.5-coder-14b-instruct,550,1,1725,160,True,
2025-08-29T22:36:14.413955,generate,qwen2.5-coder-14b-instruct,1913,310,11172,526,True,
2025-08-29T22:36:16.131149,kindness,qwen2.5-coder-14b-instruct,614,1,1716,159,True,
2025-08-29T22:36:17.589362,toxicity,qwen2.5-coder-14b-instruct,474,1,1457,126,True,
2025-08-29T22:36:19.325542,empathy,qwen2.5-coder-14b-instruct,606,1,1735,157,True,
2025-08-29T22:36:21.083138,bridge,qwen2.5-coder-14b-instruct,821,1,1756,207,True,
2025-08-29T22:36:30.184023,generate,qwen2.5-coder-14b-instruct,2179,234,9098,525,True,
2025-08-29T22:36:32.026748,kindness,qwen2.5-coder-14b-instruct,538,1,1841,145,True,
2025-08-29T22:36:33.458924,toxicity,qwen2.5-coder-14b-instruct,398,1,1431,112,True,
2025-08-29T22:36:34.995611,empathy,qwen2.5-coder-14b-instruct,530,1,1535,143,True,
2025-08-29T22:36:36.839955,bridge,qwen2.5-coder-14b-instruct,801,1,1843,190,True,
2025-08-29T22:36:46.667421,generate,qwen2.5-coder-14b-instruct,2240,282,9825,554,True,
2025-08-29T22:36:48.407095,kindness,qwen2.5-coder-14b-instruct,586,1,1738,150,True,
2025-08-29T22:36:49.843836,toxicity,qwen2.5-coder-14b-instruct,446,1,1435,117,True,
2025-08-29T22:36:51.377330,empathy,qwen2.5-coder-14b-instruct,578,1,1532,148,True,
2025-08-29T22:37:04.279391,generate,qwen2.5-coder-14b-instruct,2295,240,12900,587,True,
2025-08-29T22:37:06.078239,kindness,qwen2.5-coder-14b-instruct,544,1,1797,161,True,
2025-08-29T22:37:07.559572,toxicity,qwen2.5-coder-14b-instruct,404,1,1480,128,True,
2025-08-29T22:37:09.402006,empathy,qwen2.5-coder-14b-instruct,536,1,1841,159,True,
2025-08-29T22:37:19.949371,generate,qwen2.5-coder-14b-instruct,2202,180,10545,563,True,
2025-08-29T22:37:21.794300,kindness,qwen2.5-coder-14b-instruct,484,1,1843,152,True,
2025-08-29T22:37:23.326062,toxicity,qwen2.5-coder-14b-instruct,344,1,1530,119,True,
2025-08-29T22:37:24.762050,empathy,qwen2.5-coder-14b-instruct,476,1,1435,150,True,
2025-08-29T22:37:35.818383,generate,qwen2.5-coder-14b-instruct,2136,303,11054,566,True,
2025-08-29T22:37:37.562496,kindness,qwen2.5-coder-14b-instruct,607,1,1743,157,True,
2025-08-29T22:37:39.099008,toxicity,qwen2.5-coder-14b-instruct,467,1,1535,124,True,
2025-08-29T22:37:40.835833,empathy,qwen2.5-coder-14b-instruct,599,1,1735,155,True,
2025-08-29T22:37:42.580617,bridge,qwen2.5-coder-14b-instruct,740,1,1743,196,True,
2025-08-29T22:37:50.871179,generate,qwen2.5-coder-14b-instruct,846,238,8265,280,True,
2025-08-29T22:37:52.717591,kindness,qwen2.5-coder-14b-instruct,550,1,1845,142,True,
2025-08-29T22:37:54.151025,toxicity,qwen2.5-coder-14b-instruct,402,1,1432,113,True,
2025-08-29T22:37:55.686711,empathy,qwen2.5-coder-14b-instruct,542,1,1534,140,True,
2025-08-29T22:38:06.435517,generate,qwen2.5-coder-14b-instruct,1067,316,10746,321,True,
2025-08-29T22:38:08.181027,kindness,qwen2.5-coder-14b-instruct,628,1,1744,155,True,
2025-08-29T22:38:09.662834,toxicity,qwen2.5-coder-14b-instruct,480,1,1480,126,True,
2025-08-29T22:38:11.456528,empathy,qwen2.5-coder-14b-instruct,620,1,1792,153,True,
2025-08-29T22:38:22.104347,generate,qwen2.5-coder-14b-instruct,1412,289,10645,394,True,
2025-08-29T22:38:23.948777,kindness,qwen2.5-coder-14b-instruct,601,1,1843,154,True,
2025-08-29T22:38:25.385611,toxicity,qwen2.5-coder-14b-instruct,453,1,1435,125,True,
2025-08-29T22:38:27.123409,empathy,qwen2.5-coder-14b-instruct,593,1,1736,152,True,
2025-08-29T22:38:38.489627,generate,qwen2.5-coder-14b-instruct,1722,341,11364,451,True,
2025-08-29T22:38:40.329311,kindness,qwen2.5-coder-14b-instruct,653,1,1838,156,True,
2025-08-29T22:38:41.869560,toxicity,qwen2.5-coder-14b-instruct,505,1,1539,127,True,
2025-08-29T22:38:43.711845,empathy,qwen2.5-coder-14b-instruct,645,1,1841,154,True,
2025-08-29T22:38:56.509959,generate,qwen2.5-coder-14b-instruct,2096,328,12795,553,True,
2025-08-29T22:38:58.226876,kindness,qwen2.5-coder-14b-instruct,640,1,1715,164,True,
2025-08-29T22:38:59.788605,toxicity,qwen2.5-coder-14b-instruct,492,1,1560,135,True,
2025-08-29T22:39:01.530345,empathy,qwen2.5-coder-14b-instruct,632,1,1740,162,True,
2025-08-29T22:39:03.369530,bridge,qwen2.5-coder-14b-instruct,926,1,1838,214,True,
2025-08-29T22:39:17.605690,generate,qwen2.5-coder-14b-instruct,2447,369,14233,621,True,
2025-08-29T22:39:19.326640,kindness,qwen2.5-coder-14b-instruct,681,1,1719,166,True,
2025-08-29T22:39:20.880605,toxicity,qwen2.5-coder-14b-instruct,533,1,1553,137,True,
2025-08-29T22:39:22.623513,empathy,qwen2.5-coder-14b-instruct,673,1,1741,164,True,
2025-08-29T22:39:36.756109,generate,qwen2.5-coder-14b-instruct,2543,343,14130,615,True,
2025-08-29T22:39:38.447766,kindness,qwen2.5-coder-14b-instruct,655,1,1690,165,True,
2025-08-29T22:39:39.928980,toxicity,qwen2.5-coder-14b-instruct,507,1,1480,136,True,
2025-08-29T22:39:41.669934,empathy,qwen2.5-coder-14b-instruct,647,1,1739,163,True,
2025-08-29T22:39:43.449246,bridge,qwen2.5-coder-14b-instruct,971,1,1778,226,True,
2025-08-29T22:39:57.706647,generate,qwen2.5-coder-14b-instruct,2571,352,14255,630,True,
2025-08-29T22:39:59.401315,kindness,qwen2.5-coder-14b-instruct,664,1,1693,165,True,
2025-08-29T22:40:00.837662,toxicity,qwen2.5-coder-14b-instruct,516,1,1435,136,True,
2025-08-29T22:40:02.579717,empathy,qwen2.5-coder-14b-instruct,656,1,1741,163,True,
2025-08-29T22:40:04.319418,bridge,qwen2.5-coder-14b-instruct,954,1,1738,226,True,
2025-08-29T22:40:09.849360,generate,qwen2.5-coder-14b-instruct,2621,44,5508,584,True,
2025-08-29T22:40:11.285458,kindness,qwen2.5-coder-14b-instruct,356,1,1435,112,True,
2025-08-29T22:40:12.614219,toxicity,qwen2.5-coder-14b-instruct,208,1,1327,83,True,
2025-08-29T22:40:14.047713,empathy,qwen2.5-coder-14b-instruct,348,1,1432,110,True,
2025-08-29T22:40:15.691325,bridge,qwen2.5-coder-14b-instruct,653,1,1642,172,True,
2025-08-29T22:40:31.280304,generate,qwen2.5-coder-14b-instruct,2348,460,15587,626,True,
2025-08-29T22:40:33.020633,kindness,qwen2.5-coder-14b-instruct,772,1,1739,179,True,
2025-08-29T22:40:34.361028,toxicity,qwen2.5-coder-14b-instruct,624,1,1339,150,True,
2025-08-29T22:40:36.076345,empathy,qwen2.5-coder-14b-instruct,764,1,1714,177,True,
2025-08-29T22:40:44.906528,generate,qwen2.5-coder-14b-instruct,809,178,7790,296,True,
2025-08-29T22:40:46.647620,kindness,qwen2.5-coder-14b-instruct,437,1,1739,136,True,
2025-08-29T22:40:48.081812,toxicity,qwen2.5-coder-14b-instruct,342,1,1432,112,True,
2025-08-29T22:40:49.484901,empathy,qwen2.5-coder-14b-instruct,429,1,1401,134,True,
2025-08-29T22:41:00.582280,generate,qwen2.5-coder-14b-instruct,980,295,11094,364,True,
2025-08-29T22:41:02.320575,kindness,qwen2.5-coder-14b-instruct,554,1,1736,155,True,
2025-08-29T22:41:03.703140,toxicity,qwen2.5-coder-14b-instruct,459,1,1381,131,True,
2025-08-29T22:41:05.395023,empathy,qwen2.5-coder-14b-instruct,546,1,1690,153,True,
2025-08-29T22:41:16.353176,generate,qwen2.5-coder-14b-instruct,1272,288,10955,398,True,
2025-08-29T22:41:18.094547,kindness,qwen2.5-coder-14b-instruct,547,1,1739,154,True,
2025-08-29T22:41:19.488744,toxicity,qwen2.5-coder-14b-instruct,452,1,1392,130,True,
2025-08-29T22:41:21.165410,empathy,qwen2.5-coder-14b-instruct,539,1,1675,152,True,
2025-08-29T22:41:31.675772,generate,qwen2.5-coder-14b-instruct,1568,269,10507,441,True,
2025-08-29T22:41:33.558611,kindness,qwen2.5-coder-14b-instruct,528,1,1881,151,True,
2025-08-29T22:41:34.991483,toxicity,qwen2.5-coder-14b-instruct,433,1,1431,126,True,
2025-08-29T22:41:36.425546,empathy,qwen2.5-coder-14b-instruct,520,1,1432,148,True,
2025-08-29T22:41:45.334772,generate,qwen2.5-coder-14b-instruct,1871,170,8906,519,True,
2025-08-29T22:41:47.075691,kindness,qwen2.5-coder-14b-instruct,429,1,1739,138,True,
2025-08-29T22:41:48.509366,toxicity,qwen2.5-coder-14b-instruct,334,1,1432,114,True,
2025-08-29T22:41:49.939984,empathy,qwen2.5-coder-14b-instruct,421,1,1429,136,True,
2025-08-29T22:41:51.680713,bridge,qwen2.5-coder-14b-instruct,696,1,1739,192,True,
2025-08-29T22:42:04.480752,generate,qwen2.5-coder-14b-instruct,2068,296,12796,589,True,
2025-08-29T22:42:06.225292,kindness,qwen2.5-coder-14b-instruct,555,1,1742,156,True,
2025-08-29T22:42:07.658321,toxicity,qwen2.5-coder-14b-instruct,460,1,1431,132,True,
2025-08-29T22:42:09.399733,empathy,qwen2.5-coder-14b-instruct,547,1,1739,154,True,
2025-08-29T22:42:11.137950,bridge,qwen2.5-coder-14b-instruct,723,1,1736,198,True,
2025-08-29T22:42:22.609524,generate,qwen2.5-coder-14b-instruct,2149,279,11468,570,True,
2025-08-29T22:42:24.465054,kindness,qwen2.5-coder-14b-instruct,538,1,1853,156,True,
2025-08-29T22:42:25.994251,toxicity,qwen2.5-coder-14b-instruct,443,1,1527,131,True,
2025-08-29T22:42:27.657493,empathy,qwen2.5-coder-14b-instruct,530,1,1661,153,True,
2025-08-29T22:42:38.175848,generate,qwen2.5-coder-14b-instruct,2154,194,10515,573,True,
2025-08-29T22:42:40.018095,kindness,qwen2.5-coder-14b-instruct,453,1,1840,142,True,
2025-08-29T22:42:41.367624,toxicity,qwen2.5-coder-14b-instruct,358,1,1348,117,True,
2025-08-29T22:42:42.886886,empathy,qwen2.5-coder-14b-instruct,445,1,1517,139,True,
2025-08-29T22:42:44.728408,bridge,qwen2.5-coder-14b-instruct,731,1,1840,201,True,
2025-08-29T22:42:56.611551,generate,qwen2.5-coder-14b-instruct,2080,232,11880,586,True,
2025-08-29T22:42:58.348318,kindness,qwen2.5-coder-14b-instruct,491,1,1735,150,True,
2025-08-29T22:42:59.782051,toxicity,qwen2.5-coder-14b-instruct,396,1,1432,126,True,
2025-08-29T22:43:01.215086,empathy,qwen2.5-coder-14b-instruct,483,1,1431,148,True,
2025-08-29T22:43:14.631024,generate,qwen2.5-coder-14b-instruct,2031,319,13413,596,True,
2025-08-29T22:43:16.352255,kindness,qwen2.5-coder-14b-instruct,578,1,1719,159,True,
2025-08-29T22:43:17.805502,toxicity,qwen2.5-coder-14b-instruct,483,1,1451,135,True,
2025-08-29T22:43:19.496036,empathy,qwen2.5-coder-14b-instruct,570,1,1689,157,True,
2025-08-29T22:43:28.042026,generate,qwen2.5-coder-14b-instruct,748,214,8505,254,True,
2025-08-29T22:43:29.885898,kindness,qwen2.5-coder-14b-instruct,455,1,1842,136,True,
2025-08-29T22:43:31.320242,toxicity,qwen2.5-coder-14b-instruct,378,1,1432,119,True,
2025-08-29T22:43:32.756243,empathy,qwen2.5-coder-14b-instruct,447,1,1434,133,True,
2025-08-29T22:43:44.122263,generate,qwen2.5-coder-14b-instruct,1005,319,11363,360,True,
2025-08-29T22:43:45.820377,kindness,qwen2.5-coder-14b-instruct,560,1,1696,150,True,
2025-08-29T22:43:47.297295,toxicity,qwen2.5-coder-14b-instruct,483,1,1475,134,True,
2025-08-29T22:43:48.692979,empathy,qwen2.5-coder-14b-instruct,552,1,1394,148,True,
2025-08-29T22:43:50.408550,bridge,qwen2.5-coder-14b-instruct,790,1,1714,205,True,
2025-08-29T22:44:01.124724,generate,qwen2.5-coder-14b-instruct,1328,259,10713,424,True,
2025-08-29T22:44:02.863649,kindness,qwen2.5-coder-14b-instruct,500,1,1737,145,True,
2025-08-29T22:44:04.296332,toxicity,qwen2.5-coder-14b-instruct,423,1,1431,129,True,
2025-08-29T22:44:05.711853,empathy,qwen2.5-coder-14b-instruct,492,1,1414,143,True,
2025-08-29T22:44:14.640734,generate,qwen2.5-coder-14b-instruct,1588,226,8925,460,True,
2025-08-29T22:44:16.073165,kindness,qwen2.5-coder-14b-instruct,467,1,1430,131,True,
2025-08-29T22:44:17.505758,toxicity,qwen2.5-coder-14b-instruct,390,1,1431,115,True,
2025-08-29T22:44:18.939938,empathy,qwen2.5-coder-14b-instruct,459,1,1432,129,True,
2025-08-29T22:44:20.629186,bridge,qwen2.5-coder-14b-instruct,742,1,1687,196,True,
2025-08-29T22:44:32.707357,generate,qwen2.5-coder-14b-instruct,1814,339,12075,510,True,
2025-08-29T22:44:34.408946,kindness,qwen2.5-coder-14b-instruct,580,1,1700,152,True,
2025-08-29T22:44:35.836761,toxicity,qwen2.5-coder-14b-instruct,503,1,1426,136,True,
2025-08-29T22:44:37.368423,empathy,qwen2.5-coder-14b-instruct,572,1,1530,151,True,
2025-08-29T22:44:39.113116,bridge,qwen2.5-coder-14b-instruct,822,1,1743,203,True,
2025-08-29T22:44:50.787810,generate,qwen2.5-coder-14b-instruct,2190,245,11671,587,True,
2025-08-29T22:44:52.435646,kindness,qwen2.5-coder-14b-instruct,486,1,1646,139,True,
2025-08-29T22:44:53.860919,toxicity,qwen2.5-coder-14b-instruct,409,1,1423,123,True,
2025-08-29T22:44:55.293446,empathy,qwen2.5-coder-14b-instruct,478,1,1431,137,True,
2025-08-29T22:44:57.034111,bridge,qwen2.5-coder-14b-instruct,842,1,1739,212,True,
2025-08-29T22:45:10.346701,generate,qwen2.5-coder-14b-instruct,2243,328,13309,621,True,
2025-08-29T22:45:12.190142,kindness,qwen2.5-coder-14b-instruct,569,1,1841,153,True,
2025-08-29T22:45:13.619698,toxicity,qwen2.5-coder-14b-instruct,492,1,1428,136,True,
2025-08-29T22:45:15.056758,empathy,qwen2.5-coder-14b-instruct,561,1,1435,150,True,
2025-08-29T22:45:28.267146,generate,qwen2.5-coder-14b-instruct,2221,339,13207,589,True,
2025-08-29T22:45:30.211955,kindness,qwen2.5-coder-14b-instruct,580,1,1943,153,True,
2025-08-29T22:45:31.622679,toxicity,qwen2.5-coder-14b-instruct,503,1,1409,136,True,
2025-08-29T22:45:32.963002,empathy,qwen2.5-coder-14b-instruct,572,1,1338,150,True,
2025-08-29T22:45:34.687952,bridge,qwen2.5-coder-14b-instruct,925,1,1723,225,True,
2025-08-29T22:45:47.557372,generate,qwen2.5-coder-14b-instruct,2311,376,12866,591,True,
2025-08-29T22:45:49.261899,kindness,qwen2.5-coder-14b-instruct,617,1,1703,149,True,
2025-08-29T22:45:50.692470,toxicity,qwen2.5-coder-14b-instruct,540,1,1429,133,True,
2025-08-29T22:45:52.126429,empathy,qwen2.5-coder-14b-instruct,609,1,1432,147,True,
2025-08-29T22:46:04.767667,generate,qwen2.5-coder-14b-instruct,2474,239,12638,632,True,
2025-08-29T22:46:06.462473,kindness,qwen2.5-coder-14b-instruct,480,1,1693,147,True,
2025-08-29T22:46:07.896686,toxicity,qwen2.5-coder-14b-instruct,403,1,1432,131,True,
2025-08-29T22:46:09.330552,empathy,qwen2.5-coder-14b-instruct,472,1,1432,145,True,
2025-08-29T22:46:11.032075,bridge,qwen2.5-coder-14b-instruct,872,1,1700,216,True,
2025-08-29T22:46:20.684648,generate,qwen2.5-coder-14b-instruct,823,259,8638,274,True,
2025-08-29T22:46:22.377514,kindness,qwen2.5-coder-14b-instruct,575,1,1691,152,True,
2025-08-29T22:46:23.751356,toxicity,qwen2.5-coder-14b-instruct,423,1,1372,119,True,
2025-08-29T22:46:25.202780,empathy,qwen2.5-coder-14b-instruct,567,1,1450,150,True,
2025-08-29T22:46:34.696641,generate,qwen2.5-coder-14b-instruct,1116,225,9490,357,True,
2025-08-29T22:46:36.467001,kindness,qwen2.5-coder-14b-instruct,541,1,1768,154,True,
2025-08-29T22:46:37.900948,toxicity,qwen2.5-coder-14b-instruct,389,1,1432,121,True,
2025-08-29T22:46:39.641307,empathy,qwen2.5-coder-14b-instruct,533,1,1738,152,True,
2025-08-29T22:46:49.062310,generate,qwen2.5-coder-14b-instruct,1370,268,9418,425,True,
2025-08-29T22:46:50.805008,kindness,qwen2.5-coder-14b-instruct,584,1,1741,152,True,
2025-08-29T22:46:52.238212,toxicity,qwen2.5-coder-14b-instruct,432,1,1431,119,True,
2025-08-29T22:46:53.577263,empathy,qwen2.5-coder-14b-instruct,576,1,1337,150,True,
2025-08-29T22:47:05.140469,generate,qwen2.5-coder-14b-instruct,1642,356,11560,488,True,
2025-08-29T22:47:06.778792,kindness,qwen2.5-coder-14b-instruct,672,1,1636,164,True,
2025-08-29T22:47:08.211975,toxicity,qwen2.5-coder-14b-instruct,520,1,1431,131,True,
2025-08-29T22:47:09.949051,empathy,qwen2.5-coder-14b-instruct,664,1,1735,162,True,
2025-08-29T22:47:11.690016,bridge,qwen2.5-coder-14b-instruct,882,1,1739,203,True,
2025-08-29T22:47:23.523599,generate,qwen2.5-coder-14b-instruct,1989,312,11830,528,True,
2025-08-29T22:47:25.211057,kindness,qwen2.5-coder-14b-instruct,628,1,1685,166,True,
2025-08-29T22:47:26.640869,toxicity,qwen2.5-coder-14b-instruct,476,1,1428,133,True,
2025-08-29T22:47:28.385422,empathy,qwen2.5-coder-14b-instruct,620,1,1743,164,True,
2025-08-29T22:47:39.037359,generate,qwen2.5-coder-14b-instruct,2354,250,10649,610,True,
2025-08-29T22:47:40.777359,kindness,qwen2.5-coder-14b-instruct,566,1,1738,150,True,
2025-08-29T22:47:42.209715,toxicity,qwen2.5-coder-14b-instruct,414,1,1430,117,True,
2025-08-29T22:47:43.592334,empathy,qwen2.5-coder-14b-instruct,558,1,1381,148,True,
2025-08-29T22:47:54.579225,generate,qwen2.5-coder-14b-instruct,2323,303,10983,576,True,
2025-08-29T22:47:56.339189,kindness,qwen2.5-coder-14b-instruct,619,1,1758,154,True,
2025-08-29T22:47:57.775563,toxicity,qwen2.5-coder-14b-instruct,467,1,1434,121,True,
2025-08-29T22:47:59.512731,empathy,qwen2.5-coder-14b-instruct,611,1,1735,152,True,
2025-08-29T22:48:13.144774,generate,qwen2.5-coder-14b-instruct,2429,420,13628,623,True,
2025-08-29T22:48:14.816768,kindness,qwen2.5-coder-14b-instruct,736,1,1670,171,True,
2025-08-29T22:48:16.310124,toxicity,qwen2.5-coder-14b-instruct,584,1,1491,138,True,
2025-08-29T22:48:18.049476,empathy,qwen2.5-coder-14b-instruct,728,1,1737,169,True,
2025-08-29T22:48:29.418597,generate,qwen2.5-coder-14b-instruct,2540,286,11366,592,True,
2025-08-29T22:48:31.155937,kindness,qwen2.5-coder-14b-instruct,602,1,1735,152,True,
2025-08-29T22:48:32.594721,toxicity,qwen2.5-coder-14b-instruct,450,1,1437,119,True,
2025-08-29T22:48:33.932942,empathy,qwen2.5-coder-14b-instruct,594,1,1336,150,True,
2025-08-29T22:48:47.645838,generate,qwen2.5-coder-14b-instruct,2507,420,13709,628,True,
2025-08-29T22:48:49.337039,kindness,qwen2.5-coder-14b-instruct,736,1,1689,171,True,
2025-08-29T22:48:50.819987,toxicity,qwen2.5-coder-14b-instruct,584,1,1481,138,True,
2025-08-29T22:48:52.563381,empathy,qwen2.5-coder-14b-instruct,728,1,1741,169,True,
2025-08-29T22:48:54.289142,bridge,qwen2.5-coder-14b-instruct,964,1,1724,209,True,
2025-08-29T22:49:03.392373,generate,qwen2.5-coder-14b-instruct,862,233,9095,307,True,
2025-08-29T22:49:05.086019,kindness,qwen2.5-coder-14b-instruct,539,1,1692,149,True,
2025-08-29T22:49:06.587931,toxicity,qwen2.5-coder-14b-instruct,397,1,1500,122,True,
2025-08-29T22:49:08.021334,empathy,qwen2.5-coder-14b-instruct,531,1,1432,147,True,
2025-08-29T22:49:17.590748,generate,qwen2.5-coder-14b-instruct,1070,257,9566,336,True,
2025-08-29T22:49:19.290182,kindness,qwen2.5-coder-14b-instruct,563,1,1697,149,True,
2025-08-29T22:49:20.678534,toxicity,qwen2.5-coder-14b-instruct,421,1,1386,122,True,
2025-08-29T22:49:22.156966,empathy,qwen2.5-coder-14b-instruct,555,1,1477,147,True,
2025-08-29T22:49:32.392226,generate,qwen2.5-coder-14b-instruct,1359,341,10232,412,True,
2025-08-29T22:49:34.099667,kindness,qwen2.5-coder-14b-instruct,647,1,1705,152,True,
2025-08-29T22:49:35.488371,toxicity,qwen2.5-coder-14b-instruct,505,1,1387,125,True,
2025-08-29T22:49:36.898340,empathy,qwen2.5-coder-14b-instruct,639,1,1408,150,True,
2025-08-29T22:49:46.732291,generate,qwen2.5-coder-14b-instruct,1689,260,9830,449,True,
2025-08-29T22:49:48.396718,kindness,qwen2.5-coder-14b-instruct,566,1,1662,147,True,
2025-08-29T22:49:49.805671,toxicity,qwen2.5-coder-14b-instruct,424,1,1407,120,True,
2025-08-29T22:49:51.237878,empathy,qwen2.5-coder-14b-instruct,558,1,1430,145,True,
2025-08-29T22:50:02.503127,generate,qwen2.5-coder-14b-instruct,2004,325,11262,545,True,
2025-08-29T22:50:04.185927,kindness,qwen2.5-coder-14b-instruct,631,1,1681,156,True,
2025-08-29T22:50:05.674941,toxicity,qwen2.5-coder-14b-instruct,489,1,1487,129,True,
2025-08-29T22:50:07.414929,empathy,qwen2.5-coder-14b-instruct,623,1,1738,154,True,
2025-08-29T22:50:09.126952,bridge,qwen2.5-coder-14b-instruct,844,1,1710,202,True,
2025-08-29T22:50:21.549663,generate,qwen2.5-coder-14b-instruct,2332,261,12419,605,True,
2025-08-29T22:50:23.242282,kindness,qwen2.5-coder-14b-instruct,567,1,1691,156,True,
2025-08-29T22:50:24.646391,toxicity,qwen2.5-coder-14b-instruct,425,1,1402,129,True,
2025-08-29T22:50:26.363102,empathy,qwen2.5-coder-14b-instruct,559,1,1715,154,True,
2025-08-29T22:50:38.242532,generate,qwen2.5-coder-14b-instruct,2313,319,11876,565,True,
2025-08-29T22:50:39.913892,kindness,qwen2.5-coder-14b-instruct,625,1,1669,159,True,
2025-08-29T22:50:41.413520,toxicity,qwen2.5-coder-14b-instruct,483,1,1498,132,True,
2025-08-29T22:50:43.077683,empathy,qwen2.5-coder-14b-instruct,617,1,1662,157,True,
2025-08-29T22:50:44.731349,bridge,qwen2.5-coder-14b-instruct,837,1,1652,213,True,
2025-08-29T22:50:54.830566,generate,qwen2.5-coder-14b-instruct,2375,273,10096,564,True,
2025-08-29T22:50:56.572075,kindness,qwen2.5-coder-14b-instruct,579,1,1739,146,True,
2025-08-29T22:50:58.002505,toxicity,qwen2.5-coder-14b-instruct,437,1,1429,119,True,
2025-08-29T22:50:59.420009,empathy,qwen2.5-coder-14b-instruct,571,1,1416,144,True,
2025-08-29T22:51:01.175438,bridge,qwen2.5-coder-14b-instruct,849,1,1754,203,True,
2025-08-29T22:51:14.606395,generate,qwen2.5-coder-14b-instruct,2327,347,13427,592,True,
2025-08-29T22:51:16.261470,kindness,qwen2.5-coder-14b-instruct,653,1,1653,164,True,
2025-08-29T22:51:17.691566,toxicity,qwen2.5-coder-14b-instruct,511,1,1428,137,True,
2025-08-29T22:51:19.365823,empathy,qwen2.5-coder-14b-instruct,645,1,1672,162,True,
2025-08-29T22:51:21.146534,bridge,qwen2.5-coder-14b-instruct,878,1,1779,209,True,
2025-08-29T22:51:36.218326,generate,qwen2.5-coder-14b-instruct,2432,361,15068,640,True,
2025-08-29T22:51:37.923763,kindness,qwen2.5-coder-14b-instruct,667,1,1703,174,True,
2025-08-29T22:51:39.362292,toxicity,qwen2.5-coder-14b-instruct,525,1,1437,147,True,
2025-08-29T22:51:41.117947,empathy,qwen2.5-coder-14b-instruct,659,1,1754,172,True,
2025-08-29T22:51:42.866777,bridge,qwen2.5-coder-14b-instruct,965,1,1747,237,True,
2025-08-29T22:51:57.706605,generate,qwen2.5-coder-14b-instruct,832,388,13797,327,True,
2025-08-29T22:51:59.548105,kindness,qwen2.5-coder-14b-instruct,690,1,1839,184,True,
2025-08-29T22:52:01.289414,toxicity,qwen2.5-coder-14b-instruct,552,1,1739,153,True,
2025-08-29T22:52:02.926298,empathy,qwen2.5-coder-14b-instruct,682,1,1635,182,True,
2025-08-29T22:52:13.442875,generate,qwen2.5-coder-14b-instruct,1204,357,10513,365,True,
2025-08-29T22:52:15.105403,kindness,qwen2.5-coder-14b-instruct,659,1,1660,159,True,
2025-08-29T22:52:16.548836,toxicity,qwen2.5-coder-14b-instruct,521,1,1442,128,True,
2025-08-29T22:52:18.221645,empathy,qwen2.5-coder-14b-instruct,651,1,1671,157,True,
2025-08-29T22:52:26.378940,generate,qwen2.5-coder-14b-instruct,1608,183,8154,451,True,
2025-08-29T22:52:28.116052,kindness,qwen2.5-coder-14b-instruct,485,1,1735,140,True,
2025-08-29T22:52:29.467506,toxicity,qwen2.5-coder-14b-instruct,347,1,1350,109,True,
2025-08-29T22:52:30.882779,empathy,qwen2.5-coder-14b-instruct,477,1,1413,138,True,
2025-08-29T22:52:32.561930,bridge,qwen2.5-coder-14b-instruct,797,1,1677,189,True,
2025-08-29T22:52:45.729867,generate,qwen2.5-coder-14b-instruct,1817,382,13164,529,True,
2025-08-29T22:52:47.473071,kindness,qwen2.5-coder-14b-instruct,684,1,1741,173,True,
2025-08-29T22:52:48.878434,toxicity,qwen2.5-coder-14b-instruct,546,1,1403,142,True,
2025-08-29T22:52:50.749875,empathy,qwen2.5-coder-14b-instruct,676,1,1870,171,True,
2025-08-29T22:53:00.547119,generate,qwen2.5-coder-14b-instruct,2182,283,9794,548,True,
2025-08-29T22:53:02.244835,kindness,qwen2.5-coder-14b-instruct,585,1,1696,150,True,
2025-08-29T22:53:03.620964,toxicity,qwen2.5-coder-14b-instruct,447,1,1374,119,True,
2025-08-29T22:53:05.026717,empathy,qwen2.5-coder-14b-instruct,577,1,1404,148,True,
2025-08-29T22:53:06.729621,bridge,qwen2.5-coder-14b-instruct,924,1,1701,214,True,
2025-08-29T22:53:18.942480,generate,qwen2.5-coder-14b-instruct,2501,337,12209,624,True,
2025-08-29T22:53:20.652561,kindness,qwen2.5-coder-14b-instruct,639,1,1708,159,True,
2025-08-29T22:53:22.086366,toxicity,qwen2.5-coder-14b-instruct,501,1,1432,128,True,
2025-08-29T22:53:23.748946,empathy,qwen2.5-coder-14b-instruct,631,1,1661,157,True,
2025-08-29T22:53:37.562451,generate,qwen2.5-coder-14b-instruct,2437,432,13810,594,True,
2025-08-29T22:53:39.290716,kindness,qwen2.5-coder-14b-instruct,734,1,1726,171,True,
2025-08-29T22:53:40.723714,toxicity,qwen2.5-coder-14b-instruct,596,1,1431,140,True,
2025-08-29T22:53:42.461140,empathy,qwen2.5-coder-14b-instruct,726,1,1736,169,True,
2025-08-29T22:53:53.728133,generate,qwen2.5-coder-14b-instruct,2508,250,11263,588,True,
2025-08-29T22:53:55.425407,kindness,qwen2.5-coder-14b-instruct,552,1,1695,150,True,
2025-08-29T22:53:56.901535,toxicity,qwen2.5-coder-14b-instruct,414,1,1474,119,True,
2025-08-29T22:53:58.335340,empathy,qwen2.5-coder-14b-instruct,544,1,1432,148,True,
2025-08-29T22:54:08.270151,generate,qwen2.5-coder-14b-instruct,2600,255,9931,622,True,
2025-08-29T22:54:09.969266,kindness,qwen2.5-coder-14b-instruct,557,1,1697,143,True,
2025-08-29T22:54:11.342654,toxicity,qwen2.5-coder-14b-instruct,419,1,1372,112,True,
2025-08-29T22:54:12.765747,empathy,qwen2.5-coder-14b-instruct,549,1,1421,141,True,
2025-08-29T22:54:24.959462,generate,qwen2.5-coder-14b-instruct,2446,347,12190,581,True,
2025-08-29T22:54:26.616889,kindness,qwen2.5-coder-14b-instruct,649,1,1655,163,True,
2025-08-29T22:54:28.034510,toxicity,qwen2.5-coder-14b-instruct,511,1,1416,132,True,
2025-08-29T22:54:29.697503,empathy,qwen2.5-coder-14b-instruct,641,1,1661,161,True,
2025-08-29T22:54:31.403304,bridge,qwen2.5-coder-14b-instruct,859,1,1704,196,True,
2025-08-29T22:54:40.012846,generate,qwen2.5-coder-14b-instruct,803,226,8605,306,True,
2025-08-29T22:54:41.757694,kindness,qwen2.5-coder-14b-instruct,467,1,1743,134,True,
2025-08-29T22:54:43.112336,toxicity,qwen2.5-coder-14b-instruct,390,1,1353,118,True,
2025-08-29T22:54:44.517958,empathy,qwen2.5-coder-14b-instruct,459,1,1404,132,True,
2025-08-29T22:54:53.518091,generate,qwen2.5-coder-14b-instruct,1008,258,8997,332,True,
2025-08-29T22:54:55.273083,kindness,qwen2.5-coder-14b-instruct,499,1,1753,134,True,
2025-08-29T22:54:56.706935,toxicity,qwen2.5-coder-14b-instruct,422,1,1432,118,True,
2025-08-29T22:54:58.141500,empathy,qwen2.5-coder-14b-instruct,491,1,1433,132,True,
2025-08-29T22:55:09.098011,generate,qwen2.5-coder-14b-instruct,1256,306,10953,380,True,
2025-08-29T22:55:10.838738,kindness,qwen2.5-coder-14b-instruct,547,1,1739,146,True,
2025-08-29T22:55:12.272692,toxicity,qwen2.5-coder-14b-instruct,470,1,1432,130,True,
2025-08-29T22:55:13.670073,empathy,qwen2.5-coder-14b-instruct,539,1,1396,144,True,
2025-08-29T22:55:24.868996,generate,qwen2.5-coder-14b-instruct,1586,297,11195,446,True,
2025-08-29T22:55:26.609594,kindness,qwen2.5-coder-14b-instruct,538,1,1738,147,True,
2025-08-29T22:55:28.039059,toxicity,qwen2.5-coder-14b-instruct,461,1,1428,131,True,
2025-08-29T22:55:29.438164,empathy,qwen2.5-coder-14b-instruct,530,1,1397,145,True,
2025-08-29T22:55:39.867524,generate,qwen2.5-coder-14b-instruct,1873,273,10426,484,True,
2025-08-29T22:55:41.764434,kindness,qwen2.5-coder-14b-instruct,514,1,1895,142,True,
2025-08-29T22:55:43.158746,toxicity,qwen2.5-coder-14b-instruct,437,1,1392,125,True,
2025-08-29T22:55:44.573742,empathy,qwen2.5-coder-14b-instruct,506,1,1413,139,True,
2025-08-29T22:55:54.178121,generate,qwen2.5-coder-14b-instruct,2161,225,9601,536,True,
2025-08-29T22:55:55.896347,kindness,qwen2.5-coder-14b-instruct,466,1,1716,135,True,
2025-08-29T22:55:57.330502,toxicity,qwen2.5-coder-14b-instruct,389,1,1432,119,True,
2025-08-29T22:55:58.760397,empathy,qwen2.5-coder-14b-instruct,458,1,1428,133,True,
2025-08-29T22:56:09.513000,generate,qwen2.5-coder-14b-instruct,2216,216,10749,584,True,
2025-08-29T22:56:10.950036,kindness,qwen2.5-coder-14b-instruct,457,1,1435,131,True,
2025-08-29T22:56:12.383335,toxicity,qwen2.5-coder-14b-instruct,380,1,1431,115,True,
2025-08-29T22:56:13.783110,empathy,qwen2.5-coder-14b-instruct,449,1,1398,129,True,
2025-08-29T22:56:15.597217,bridge,qwen2.5-coder-14b-instruct,698,1,1812,187,True,
2025-08-29T22:56:23.915874,generate,qwen2.5-coder-14b-instruct,2138,173,8315,548,True,
2025-08-29T22:56:25.349331,kindness,qwen2.5-coder-14b-instruct,414,1,1431,125,True,
2025-08-29T22:56:26.820881,toxicity,qwen2.5-coder-14b-instruct,337,1,1470,109,True,
2025-08-29T22:56:28.255719,empathy,qwen2.5-coder-14b-instruct,406,1,1433,123,True,
2025-08-29T22:56:37.778908,generate,qwen2.5-coder-14b-instruct,1999,220,9520,516,True,
2025-08-29T22:56:39.423196,kindness,qwen2.5-coder-14b-instruct,461,1,1642,134,True,
2025-08-29T22:56:40.852350,toxicity,qwen2.5-coder-14b-instruct,384,1,1427,118,True,
2025-08-29T22:56:42.285805,empathy,qwen2.5-coder-14b-instruct,453,1,1432,132,True,
2025-08-29T22:56:52.443835,generate,qwen2.5-coder-14b-instruct,1930,249,10155,522,True,
2025-08-29T22:56:54.271084,kindness,qwen2.5-coder-14b-instruct,490,1,1825,140,True,
2025-08-29T22:56:55.699287,toxicity,qwen2.5-coder-14b-instruct,413,1,1426,123,True,
2025-08-29T22:56:57.119694,empathy,qwen2.5-coder-14b-instruct,482,1,1419,137,True,
2025-08-29T22:57:09.216338,generate,qwen2.5-coder-14b-instruct,866,278,11054,329,True,
2025-08-29T22:57:10.957279,kindness,qwen2.5-coder-14b-instruct,582,1,1739,157,True,
2025-08-29T22:57:12.389182,toxicity,qwen2.5-coder-14b-instruct,442,1,1430,131,True,
2025-08-29T22:57:14.029674,empathy,qwen2.5-coder-14b-instruct,574,1,1639,155,True,
2025-08-29T22:57:22.836933,generate,qwen2.5-coder-14b-instruct,1095,224,8804,324,True,
2025-08-29T22:57:24.576938,kindness,qwen2.5-coder-14b-instruct,528,1,1738,143,True,
2025-08-29T22:57:26.010520,toxicity,qwen2.5-coder-14b-instruct,388,1,1432,117,True,
2025-08-29T22:57:27.410932,empathy,qwen2.5-coder-14b-instruct,520,1,1399,141,True,
2025-08-29T22:57:38.839435,generate,qwen2.5-coder-14b-instruct,1319,303,11425,389,True,
2025-08-29T22:57:40.552437,kindness,qwen2.5-coder-14b-instruct,607,1,1711,161,True,
2025-08-29T22:57:41.974671,toxicity,qwen2.5-coder-14b-instruct,467,1,1421,135,True,
2025-08-29T22:57:43.634648,empathy,qwen2.5-coder-14b-instruct,599,1,1658,159,True,
2025-08-29T22:57:56.015001,generate,qwen2.5-coder-14b-instruct,1637,338,12377,458,True,
2025-08-29T22:57:57.753251,kindness,qwen2.5-coder-14b-instruct,642,1,1736,163,True,
2025-08-29T22:57:59.190256,toxicity,qwen2.5-coder-14b-instruct,502,1,1435,137,True,
2025-08-29T22:58:00.866228,empathy,qwen2.5-coder-14b-instruct,634,1,1674,161,True,
2025-08-29T22:58:02.623517,bridge,qwen2.5-coder-14b-instruct,897,1,1756,224,True,
2025-08-29T22:58:14.003458,generate,qwen2.5-coder-14b-instruct,2008,266,11377,531,True,
2025-08-29T22:58:15.698071,kindness,qwen2.5-coder-14b-instruct,570,1,1693,157,True,
2025-08-29T22:58:17.097787,toxicity,qwen2.5-coder-14b-instruct,430,1,1398,131,True,
2025-08-29T22:58:18.760014,empathy,qwen2.5-coder-14b-instruct,562,1,1661,155,True,
2025-08-29T22:58:20.490452,bridge,qwen2.5-coder-14b-instruct,861,1,1729,220,True,
2025-08-29T22:58:32.960658,generate,qwen2.5-coder-14b-instruct,2292,231,12467,608,True,
2025-08-29T22:58:34.615582,kindness,qwen2.5-coder-14b-instruct,535,1,1653,157,True,
2025-08-29T22:58:36.053018,toxicity,qwen2.5-coder-14b-instruct,395,1,1436,131,True,
2025-08-29T22:58:37.726272,empathy,qwen2.5-coder-14b-instruct,527,1,1672,155,True,
2025-08-29T22:58:49.781517,generate,qwen2.5-coder-14b-instruct,2244,304,12053,587,True,
2025-08-29T22:58:51.488665,kindness,qwen2.5-coder-14b-instruct,608,1,1706,153,True,
2025-08-29T22:58:52.897521,toxicity,qwen2.5-coder-14b-instruct,468,1,1407,127,True,
2025-08-29T22:58:54.589635,empathy,qwen2.5-coder-14b-instruct,600,1,1691,151,True,
2025-08-29T22:59:07.414238,generate,qwen2.5-coder-14b-instruct,2322,303,12822,615,True,
2025-08-29T22:59:09.096591,kindness,qwen2.5-coder-14b-instruct,607,1,1681,159,True,
2025-08-29T22:59:10.563829,toxicity,qwen2.5-coder-14b-instruct,467,1,1466,133,True,
2025-08-29T22:59:12.216760,empathy,qwen2.5-coder-14b-instruct,599,1,1652,157,True,
2025-08-29T22:59:22.738613,generate,qwen2.5-coder-14b-instruct,2334,254,10519,599,True,
2025-08-29T22:59:24.488444,kindness,qwen2.5-coder-14b-instruct,558,1,1748,144,True,
2025-08-29T22:59:25.925703,toxicity,qwen2.5-coder-14b-instruct,418,1,1436,118,True,
2025-08-29T22:59:27.359080,empathy,qwen2.5-coder-14b-instruct,550,1,1432,142,True,
2025-08-29T22:59:41.592138,generate,qwen2.5-coder-14b-instruct,2271,423,14231,622,True,
2025-08-29T22:59:43.298148,kindness,qwen2.5-coder-14b-instruct,727,1,1705,167,True,
2025-08-29T22:59:44.710041,toxicity,qwen2.5-coder-14b-instruct,587,1,1411,141,True,
2025-08-29T22:59:46.359618,empathy,qwen2.5-coder-14b-instruct,719,1,1648,165,True,
2025-08-29T22:59:54.349730,generate,qwen2.5-coder-14b-instruct,791,215,7987,290,True,
2025-08-29T22:59:55.826069,kindness,qwen2.5-coder-14b-instruct,456,1,1475,130,True,
2025-08-29T22:59:57.191494,toxicity,qwen2.5-coder-14b-instruct,379,1,1364,114,True,
2025-08-29T22:59:58.690933,empathy,qwen2.5-coder-14b-instruct,448,1,1498,128,True,
2025-08-29T23:00:08.421570,generate,qwen2.5-coder-14b-instruct,956,288,9728,307,True,
2025-08-29T23:00:10.109835,kindness,qwen2.5-coder-14b-instruct,529,1,1687,142,True,
2025-08-29T23:00:11.594220,toxicity,qwen2.5-coder-14b-instruct,452,1,1483,126,True,
2025-08-29T23:00:13.003874,empathy,qwen2.5-coder-14b-instruct,521,1,1408,140,True,
2025-08-29T23:00:14.718011,bridge,qwen2.5-coder-14b-instruct,760,1,1713,192,True,
2025-08-29T23:00:25.934384,generate,qwen2.5-coder-14b-instruct,1299,287,11214,417,True,
2025-08-29T23:00:27.673486,kindness,qwen2.5-coder-14b-instruct,528,1,1738,148,True,
2025-08-29T23:00:29.107614,toxicity,qwen2.5-coder-14b-instruct,451,1,1433,132,True,
2025-08-29T23:00:30.518784,empathy,qwen2.5-coder-14b-instruct,520,1,1410,146,True,
2025-08-29T23:00:32.166744,bridge,qwen2.5-coder-14b-instruct,832,1,1647,210,True,
2025-08-29T23:00:41.396048,generate,qwen2.5-coder-14b-instruct,1568,226,9227,424,True,
2025-08-29T23:00:43.078747,kindness,qwen2.5-coder-14b-instruct,467,1,1681,134,True,
2025-08-29T23:00:44.432176,toxicity,qwen2.5-coder-14b-instruct,390,1,1352,118,True,
2025-08-29T23:00:45.834149,empathy,qwen2.5-coder-14b-instruct,459,1,1401,132,True,
2025-08-29T23:00:55.809103,generate,qwen2.5-coder-14b-instruct,1827,265,9973,499,True,
2025-08-29T23:00:57.575371,kindness,qwen2.5-coder-14b-instruct,506,1,1765,137,True,
2025-08-29T23:00:59.010115,toxicity,qwen2.5-coder-14b-instruct,429,1,1433,121,True,
2025-08-29T23:01:00.431871,empathy,qwen2.5-coder-14b-instruct,498,1,1420,135,True,
2025-08-29T23:01:02.127034,bridge,qwen2.5-coder-14b-instruct,749,1,1694,193,True,
2025-08-29T23:01:13.675412,generate,qwen2.5-coder-14b-instruct,2081,300,11546,539,True,
2025-08-29T23:01:15.325219,kindness,qwen2.5-coder-14b-instruct,541,1,1648,147,True,
2025-08-29T23:01:16.722364,toxicity,qwen2.5-coder-14b-instruct,464,1,1396,131,True,
2025-08-29T23:01:18.114289,empathy,qwen2.5-coder-14b-instruct,533,1,1391,145,True,
2025-08-29T23:01:29.320906,generate,qwen2.5-coder-14b-instruct,2190,266,11205,568,True,
2025-08-29T23:01:31.061754,kindness,qwen2.5-coder-14b-instruct,507,1,1740,144,True,
2025-08-29T23:01:32.492364,toxicity,qwen2.5-coder-14b-instruct,430,1,1429,128,True,
2025-08-29T23:01:33.901040,empathy,qwen2.5-coder-14b-instruct,499,1,1407,142,True,
2025-08-29T23:01:35.553920,bridge,qwen2.5-coder-14b-instruct,824,1,1652,212,True,
2025-08-29T23:01:48.265131,generate,qwen2.5-coder-14b-instruct,2193,280,12709,604,True,
2025-08-29T23:01:50.005819,kindness,qwen2.5-coder-14b-instruct,521,1,1739,148,True,
2025-08-29T23:01:51.439684,toxicity,qwen2.5-coder-14b-instruct,444,1,1433,132,True,
2025-08-29T23:01:52.860820,empathy,qwen2.5-coder-14b-instruct,513,1,1420,146,True,
2025-08-29T23:02:06.183072,generate,qwen2.5-coder-14b-instruct,2184,336,13320,598,True,
2025-08-29T23:02:07.923401,kindness,qwen2.5-coder-14b-instruct,577,1,1739,149,True,
2025-08-29T23:02:09.362857,toxicity,qwen2.5-coder-14b-instruct,500,1,1438,133,True,
2025-08-29T23:02:10.794592,empathy,qwen2.5-coder-14b-instruct,569,1,1430,147,True,
2025-08-29T23:02:23.800048,generate,qwen2.5-coder-14b-instruct,2301,336,13003,621,True,
2025-08-29T23:02:25.541370,kindness,qwen2.5-coder-14b-instruct,577,1,1740,149,True,
2025-08-29T23:02:26.973625,toxicity,qwen2.5-coder-14b-instruct,500,1,1431,133,True,
2025-08-29T23:02:28.380611,empathy,qwen2.5-coder-14b-instruct,569,1,1406,147,True,
2025-08-29T23:02:38.957815,generate,qwen2.5-coder-14b-instruct,832,264,9541,287,True,
2025-08-29T23:02:40.695798,kindness,qwen2.5-coder-14b-instruct,566,1,1737,155,True,
2025-08-29T23:02:42.130316,toxicity,qwen2.5-coder-14b-instruct,428,1,1433,124,True,
2025-08-29T23:02:43.869844,empathy,qwen2.5-coder-14b-instruct,558,1,1738,153,True,
2025-08-29T23:02:52.878709,generate,qwen2.5-coder-14b-instruct,1111,247,9007,353,True,
2025-08-29T23:02:54.522213,kindness,qwen2.5-coder-14b-instruct,549,1,1642,148,True,
2025-08-29T23:02:55.955461,toxicity,qwen2.5-coder-14b-instruct,411,1,1432,117,True,
2025-08-29T23:02:57.387005,empathy,qwen2.5-coder-14b-instruct,541,1,1430,146,True,
2025-08-29T23:02:59.127857,bridge,qwen2.5-coder-14b-instruct,768,1,1740,193,True,
2025-08-29T23:03:10.290000,generate,qwen2.5-coder-14b-instruct,1385,298,11160,438,True,
2025-08-29T23:03:11.936146,kindness,qwen2.5-coder-14b-instruct,600,1,1645,162,True,
2025-08-29T23:03:13.363268,toxicity,qwen2.5-coder-14b-instruct,462,1,1426,131,True,
2025-08-29T23:03:15.103317,empathy,qwen2.5-coder-14b-instruct,592,1,1739,160,True,
2025-08-29T23:03:24.931813,generate,qwen2.5-coder-14b-instruct,1660,262,9826,443,True,
2025-08-29T23:03:26.642371,kindness,qwen2.5-coder-14b-instruct,564,1,1709,151,True,
2025-08-29T23:03:28.105613,toxicity,qwen2.5-coder-14b-instruct,426,1,1462,120,True,
2025-08-29T23:03:29.539718,empathy,qwen2.5-coder-14b-instruct,556,1,1433,149,True,
2025-08-29T23:03:31.281692,bridge,qwen2.5-coder-14b-instruct,816,1,1741,203,True,
2025-08-29T23:03:41.726025,generate,qwen2.5-coder-14b-instruct,1979,260,10442,548,True,
2025-08-29T23:03:43.468669,kindness,qwen2.5-coder-14b-instruct,562,1,1741,154,True,
2025-08-29T23:03:44.902641,toxicity,qwen2.5-coder-14b-instruct,424,1,1433,123,True,
2025-08-29T23:03:46.569267,empathy,qwen2.5-coder-14b-instruct,554,1,1665,152,True,
2025-08-29T23:03:57.601562,generate,qwen2.5-coder-14b-instruct,2230,359,11030,572,True,
2025-08-29T23:03:59.271012,kindness,qwen2.5-coder-14b-instruct,661,1,1668,156,True,
2025-08-29T23:04:00.672500,toxicity,qwen2.5-coder-14b-instruct,523,1,1400,125,True,
2025-08-29T23:04:02.410177,empathy,qwen2.5-coder-14b-instruct,653,1,1736,154,True,
2025-08-29T23:04:04.154247,bridge,qwen2.5-coder-14b-instruct,876,1,1743,200,True,
2025-08-29T23:04:12.588717,generate,qwen2.5-coder-14b-instruct,2297,219,8433,541,True,
2025-08-29T23:04:14.289991,kindness,qwen2.5-coder-14b-instruct,521,1,1700,141,True,
2025-08-29T23:04:15.726327,toxicity,qwen2.5-coder-14b-instruct,383,1,1435,110,True,
2025-08-29T23:04:17.156695,empathy,qwen2.5-coder-14b-instruct,513,1,1429,139,True,
2025-08-29T23:04:28.014957,generate,qwen2.5-coder-14b-instruct,2308,257,10856,586,True,
2025-08-29T23:04:29.755380,kindness,qwen2.5-coder-14b-instruct,559,1,1739,147,True,
2025-08-29T23:04:31.186772,toxicity,qwen2.5-coder-14b-instruct,421,1,1430,116,True,
2025-08-29T23:04:32.599147,empathy,qwen2.5-coder-14b-instruct,551,1,1411,145,True,
2025-08-29T23:04:34.261142,bridge,qwen2.5-coder-14b-instruct,733,1,1661,178,True,
2025-08-29T23:04:43.374938,generate,qwen2.5-coder-14b-instruct,2236,264,9112,526,True,
2025-08-29T23:04:45.113223,kindness,qwen2.5-coder-14b-instruct,566,1,1737,146,True,
2025-08-29T23:04:46.455253,toxicity,qwen2.5-coder-14b-instruct,428,1,1341,115,True,
2025-08-29T23:04:47.880174,empathy,qwen2.5-coder-14b-instruct,558,1,1424,144,True,
2025-08-29T23:04:58.049523,generate,qwen2.5-coder-14b-instruct,2228,284,10167,527,True,
2025-08-29T23:04:59.759378,kindness,qwen2.5-coder-14b-instruct,586,1,1709,153,True,
2025-08-29T23:05:01.190109,toxicity,qwen2.5-coder-14b-instruct,448,1,1429,122,True,
2025-08-29T23:05:02.933724,empathy,qwen2.5-coder-14b-instruct,578,1,1742,151,True,
2025-08-29T23:05:11.328681,generate,qwen2.5-coder-14b-instruct,768,252,8393,258,True,
2025-08-29T23:05:12.764475,kindness,qwen2.5-coder-14b-instruct,493,1,1435,133,True,
2025-08-29T23:05:14.198520,toxicity,qwen2.5-coder-14b-instruct,416,1,1433,117,True,
2025-08-29T23:05:15.631868,empathy,qwen2.5-coder-14b-instruct,485,1,1432,131,True,
2025-08-29T23:05:26.278672,generate,qwen2.5-coder-14b-instruct,1011,304,10645,327,True,
2025-08-29T23:05:28.024530,kindness,qwen2.5-coder-14b-instruct,545,1,1745,145,True,
2025-08-29T23:05:29.456936,toxicity,qwen2.5-coder-14b-instruct,468,1,1431,129,True,
2025-08-29T23:05:30.890096,empathy,qwen2.5-coder-14b-instruct,537,1,1432,143,True,
2025-08-29T23:05:42.264172,generate,qwen2.5-coder-14b-instruct,1315,317,11372,375,True,
2025-08-29T23:05:44.203492,kindness,qwen2.5-coder-14b-instruct,558,1,1938,152,True,
2025-08-29T23:05:45.739654,toxicity,qwen2.5-coder-14b-instruct,481,1,1535,135,True,
2025-08-29T23:05:47.172112,empathy,qwen2.5-coder-14b-instruct,550,1,1431,149,True,
2025-08-29T23:05:48.913247,bridge,qwen2.5-coder-14b-instruct,878,1,1740,216,True,
2025-08-29T23:05:58.333766,generate,qwen2.5-coder-14b-instruct,1654,239,9419,432,True,
2025-08-29T23:06:00.148204,kindness,qwen2.5-coder-14b-instruct,480,1,1813,138,True,
2025-08-29T23:06:01.530240,toxicity,qwen2.5-coder-14b-instruct,403,1,1381,121,True,
2025-08-29T23:06:03.041362,empathy,qwen2.5-coder-14b-instruct,472,1,1510,135,True,
2025-08-29T23:06:04.733762,bridge,qwen2.5-coder-14b-instruct,814,1,1691,209,True,
2025-08-29T23:06:14.306593,generate,qwen2.5-coder-14b-instruct,1927,248,9571,507,True,
2025-08-29T23:06:16.051254,kindness,qwen2.5-coder-14b-instruct,489,1,1743,134,True,
2025-08-29T23:06:17.392392,toxicity,qwen2.5-coder-14b-instruct,412,1,1340,118,True,
2025-08-29T23:06:18.811400,empathy,qwen2.5-coder-14b-instruct,481,1,1418,132,True,
2025-08-29T23:06:20.557054,bridge,qwen2.5-coder-14b-instruct,746,1,1744,193,True,
2025-08-29T23:06:32.639260,generate,qwen2.5-coder-14b-instruct,2214,236,12080,590,True,
2025-08-29T23:06:34.378757,kindness,qwen2.5-coder-14b-instruct,477,1,1738,142,True,
2025-08-29T23:06:35.814030,toxicity,qwen2.5-coder-14b-instruct,400,1,1434,126,True,
2025-08-29T23:06:37.244016,empathy,qwen2.5-coder-14b-instruct,469,1,1429,140,True,
2025-08-29T23:06:46.666725,generate,qwen2.5-coder-14b-instruct,2153,235,9421,542,True,
2025-08-29T23:06:48.098766,kindness,qwen2.5-coder-14b-instruct,476,1,1431,133,True,
2025-08-29T23:06:49.532889,toxicity,qwen2.5-coder-14b-instruct,399,1,1433,117,True,
2025-08-29T23:06:50.970307,empathy,qwen2.5-coder-14b-instruct,468,1,1436,131,True,
2025-08-29T23:06:52.645812,bridge,qwen2.5-coder-14b-instruct,728,1,1674,196,True,
2025-08-29T23:07:03.872972,generate,qwen2.5-coder-14b-instruct,2131,254,11225,578,True,
2025-08-29T23:07:05.613267,kindness,qwen2.5-coder-14b-instruct,495,1,1739,138,True,
2025-08-29T23:07:07.047128,toxicity,qwen2.5-coder-14b-instruct,418,1,1433,122,True,
2025-08-29T23:07:08.477803,empathy,qwen2.5-coder-14b-instruct,487,1,1429,136,True,
2025-08-29T23:07:10.221596,bridge,qwen2.5-coder-14b-instruct,747,1,1742,192,True,
2025-08-29T23:07:19.335059,generate,qwen2.5-coder-14b-instruct,2036,228,9111,529,True,
2025-08-29T23:07:20.754290,kindness,qwen2.5-coder-14b-instruct,469,1,1418,131,True,
2025-08-29T23:07:22.202623,toxicity,qwen2.5-coder-14b-instruct,392,1,1447,115,True,
2025-08-29T23:07:23.636233,empathy,qwen2.5-coder-14b-instruct,461,1,1432,129,True,
2025-08-29T23:07:25.337000,bridge,qwen2.5-coder-14b-instruct,740,1,1700,189,True,
2025-08-29T23:07:37.768333,generate,qwen2.5-coder-14b-instruct,2061,322,12429,580,True,
2025-08-29T23:07:39.506537,kindness,qwen2.5-coder-14b-instruct,563,1,1737,150,True,
2025-08-29T23:07:40.942385,toxicity,qwen2.5-coder-14b-instruct,486,1,1435,134,True,
2025-08-29T23:07:42.373970,empathy,qwen2.5-coder-14b-instruct,555,1,1430,148,True,
2025-08-29T23:07:44.116960,bridge,qwen2.5-coder-14b-instruct,807,1,1742,201,True,
2025-08-29T23:07:53.025986,generate,qwen2.5-coder-14b-instruct,838,230,7898,282,True,
2025-08-29T23:07:54.767107,kindness,qwen2.5-coder-14b-instruct,541,1,1740,144,True,
2025-08-29T23:07:56.197165,toxicity,qwen2.5-coder-14b-instruct,394,1,1429,113,True,
2025-08-29T23:07:57.634226,empathy,qwen2.5-coder-14b-instruct,533,1,1436,142,True,
2025-08-29T23:08:06.338785,generate,qwen2.5-coder-14b-instruct,1099,215,8702,360,True,
2025-08-29T23:08:08.077670,kindness,qwen2.5-coder-14b-instruct,526,1,1738,146,True,
2025-08-29T23:08:09.427078,toxicity,qwen2.5-coder-14b-instruct,379,1,1348,115,True,
2025-08-29T23:08:10.845502,empathy,qwen2.5-coder-14b-instruct,518,1,1417,144,True,
2025-08-29T23:08:12.585579,bridge,qwen2.5-coder-14b-instruct,702,1,1739,180,True,
2025-08-29T23:08:22.109994,generate,qwen2.5-coder-14b-instruct,1272,262,9522,364,True,
2025-08-29T23:08:23.849540,kindness,qwen2.5-coder-14b-instruct,573,1,1738,152,True,
2025-08-29T23:08:25.284025,toxicity,qwen2.5-coder-14b-instruct,426,1,1433,121,True,
2025-08-29T23:08:26.716362,empathy,qwen2.5-coder-14b-instruct,565,1,1431,150,True,
2025-08-29T23:08:37.366617,generate,qwen2.5-coder-14b-instruct,1566,253,10648,442,True,
2025-08-29T23:08:39.107907,kindness,qwen2.5-coder-14b-instruct,564,1,1740,160,True,
2025-08-29T23:08:40.542041,toxicity,qwen2.5-coder-14b-instruct,417,1,1433,129,True,
2025-08-29T23:08:42.279633,empathy,qwen2.5-coder-14b-instruct,556,1,1736,158,True,
2025-08-29T23:08:53.854234,generate,qwen2.5-coder-14b-instruct,1842,285,11572,515,True,
2025-08-29T23:08:55.594313,kindness,qwen2.5-coder-14b-instruct,596,1,1739,162,True,
2025-08-29T23:08:57.028199,toxicity,qwen2.5-coder-14b-instruct,449,1,1433,131,True,
2025-08-29T23:08:58.716063,empathy,qwen2.5-coder-14b-instruct,588,1,1687,160,True,
2025-08-29T23:09:00.541930,bridge,qwen2.5-coder-14b-instruct,794,1,1825,212,True,
2025-08-29T23:09:11.877291,generate,qwen2.5-coder-14b-instruct,2142,347,11333,567,True,
2025-08-29T23:09:13.617297,kindness,qwen2.5-coder-14b-instruct,658,1,1739,160,True,
2025-08-29T23:09:15.048194,toxicity,qwen2.5-coder-14b-instruct,511,1,1430,129,True,
2025-08-29T23:09:16.712084,empathy,qwen2.5-coder-14b-instruct,650,1,1663,158,True,
2025-08-29T23:09:18.394890,bridge,qwen2.5-coder-14b-instruct,889,1,1682,212,True,
2025-08-29T23:09:28.668514,generate,qwen2.5-coder-14b-instruct,2247,317,10272,563,True,
2025-08-29T23:09:30.355145,kindness,qwen2.5-coder-14b-instruct,628,1,1685,153,True,
2025-08-29T23:09:31.731083,toxicity,qwen2.5-coder-14b-instruct,481,1,1375,122,True,
2025-08-29T23:09:33.483933,empathy,qwen2.5-coder-14b-instruct,620,1,1752,151,True,
2025-08-29T23:09:35.224183,bridge,qwen2.5-coder-14b-instruct,921,1,1739,203,True,
2025-08-29T23:09:49.820205,generate,qwen2.5-coder-14b-instruct,2342,416,14594,595,True,
2025-08-29T23:09:51.581286,kindness,qwen2.5-coder-14b-instruct,727,1,1760,180,True,
2025-08-29T23:09:53.039967,toxicity,qwen2.5-coder-14b-instruct,580,1,1457,149,True,
2025-08-29T23:09:54.783889,empathy,qwen2.5-coder-14b-instruct,719,1,1743,178,True,
2025-08-29T23:10:06.355475,generate,qwen2.5-coder-14b-instruct,2518,268,11570,610,True,
2025-08-29T23:10:08.092698,kindness,qwen2.5-coder-14b-instruct,579,1,1736,155,True,
2025-08-29T23:10:09.526495,toxicity,qwen2.5-coder-14b-instruct,432,1,1433,124,True,
2025-08-29T23:10:11.165851,empathy,qwen2.5-coder-14b-instruct,571,1,1638,153,True,
2025-08-29T23:10:20.326987,generate,qwen2.5-coder-14b-instruct,2557,162,9159,621,True,
2025-08-29T23:10:22.023851,kindness,qwen2.5-coder-14b-instruct,473,1,1695,139,True,
2025-08-29T23:10:23.454871,toxicity,qwen2.5-coder-14b-instruct,326,1,1430,108,True,
2025-08-29T23:10:24.891088,empathy,qwen2.5-coder-14b-instruct,465,1,1435,137,True,
2025-08-29T23:10:33.287548,generate,qwen2.5-coder-14b-instruct,847,246,8394,303,True,
2025-08-29T23:10:35.025522,kindness,qwen2.5-coder-14b-instruct,542,1,1737,141,True,
2025-08-29T23:10:36.461826,toxicity,qwen2.5-coder-14b-instruct,410,1,1435,117,True,
2025-08-29T23:10:37.896319,empathy,qwen2.5-coder-14b-instruct,534,1,1433,140,True,
2025-08-29T23:10:47.335321,generate,qwen2.5-coder-14b-instruct,1037,282,9437,312,True,
2025-08-29T23:10:49.058016,kindness,qwen2.5-coder-14b-instruct,578,1,1721,145,True,
2025-08-29T23:10:50.432203,toxicity,qwen2.5-coder-14b-instruct,446,1,1373,121,True,
2025-08-29T23:10:51.924690,empathy,qwen2.5-coder-14b-instruct,570,1,1491,144,True,
2025-08-29T23:10:53.664897,bridge,qwen2.5-coder-14b-instruct,784,1,1739,190,True,
2025-08-29T23:11:00.683471,generate,qwen2.5-coder-14b-instruct,1356,217,7017,364,True,
2025-08-29T23:11:02.165028,kindness,qwen2.5-coder-14b-instruct,513,1,1480,128,True,
2025-08-29T23:11:03.513472,toxicity,qwen2.5-coder-14b-instruct,381,1,1347,104,True,
2025-08-29T23:11:04.927284,empathy,qwen2.5-coder-14b-instruct,505,1,1413,127,True,
2025-08-29T23:11:11.158790,generate,qwen2.5-coder-14b-instruct,1568,157,6230,381,True,
2025-08-29T23:11:12.611184,kindness,qwen2.5-coder-14b-instruct,453,1,1451,123,True,
2025-08-29T23:11:13.969862,toxicity,qwen2.5-coder-14b-instruct,321,1,1357,99,True,
2025-08-29T23:11:15.375124,empathy,qwen2.5-coder-14b-instruct,445,1,1404,122,True,
2025-08-29T23:11:27.234703,generate,qwen2.5-coder-14b-instruct,1792,322,11858,495,True,
2025-08-29T23:11:28.995332,kindness,qwen2.5-coder-14b-instruct,618,1,1759,157,True,
2025-08-29T23:11:30.389532,toxicity,qwen2.5-coder-14b-instruct,486,1,1393,133,True,
2025-08-29T23:11:32.058412,empathy,qwen2.5-coder-14b-instruct,610,1,1668,156,True,
2025-08-29T23:11:41.999896,generate,qwen2.5-coder-14b-instruct,2077,255,9939,502,True,
2025-08-29T23:11:43.738002,kindness,qwen2.5-coder-14b-instruct,551,1,1737,144,True,
2025-08-29T23:11:45.174834,toxicity,qwen2.5-coder-14b-instruct,419,1,1436,120,True,
2025-08-29T23:11:46.583327,empathy,qwen2.5-coder-14b-instruct,543,1,1407,143,True,
2025-08-29T23:11:48.348986,bridge,qwen2.5-coder-14b-instruct,836,1,1764,206,True,
2025-08-29T23:11:58.897235,generate,qwen2.5-coder-14b-instruct,2114,312,10546,520,True,
2025-08-29T23:12:00.550983,kindness,qwen2.5-coder-14b-instruct,608,1,1652,146,True,
2025-08-29T23:12:01.970242,toxicity,qwen2.5-coder-14b-instruct,476,1,1418,122,True,
2025-08-29T23:12:03.403138,empathy,qwen2.5-coder-14b-instruct,600,1,1432,145,True,
2025-08-29T23:12:14.460529,generate,qwen2.5-coder-14b-instruct,2167,290,11055,559,True,
2025-08-29T23:12:16.201923,kindness,qwen2.5-coder-14b-instruct,586,1,1740,151,True,
2025-08-29T23:12:17.625418,toxicity,qwen2.5-coder-14b-instruct,454,1,1422,127,True,
2025-08-29T23:12:19.069565,empathy,qwen2.5-coder-14b-instruct,578,1,1443,150,True,
2025-08-29T23:12:30.827191,generate,qwen2.5-coder-14b-instruct,2208,333,11756,543,True,
2025-08-29T23:12:32.502673,kindness,qwen2.5-coder-14b-instruct,629,1,1674,157,True,
2025-08-29T23:12:33.919323,toxicity,qwen2.5-coder-14b-instruct,497,1,1415,133,True,
2025-08-29T23:12:35.660155,empathy,qwen2.5-coder-14b-instruct,621,1,1740,156,True,
2025-08-29T23:12:37.312626,bridge,qwen2.5-coder-14b-instruct,880,1,1651,212,True,
2025-08-29T23:12:48.563098,generate,qwen2.5-coder-14b-instruct,2387,270,11249,571,True,
2025-08-29T23:12:50.265088,kindness,qwen2.5-coder-14b-instruct,566,1,1701,151,True,
2025-08-29T23:12:51.658999,toxicity,qwen2.5-coder-14b-instruct,434,1,1393,127,True,
2025-08-29T23:12:53.066106,empathy,qwen2.5-coder-14b-instruct,558,1,1406,150,True,
2025-08-29T23:13:02.186988,generate,qwen2.5-coder-14b-instruct,865,198,8100,314,True,
2025-08-29T23:13:03.923409,kindness,qwen2.5-coder-14b-instruct,509,1,1735,145,True,
2025-08-29T23:13:05.356428,toxicity,qwen2.5-coder-14b-instruct,362,1,1432,111,True,
2025-08-29T23:13:06.790373,empathy,qwen2.5-coder-14b-instruct,501,1,1433,143,True,
2025-08-29T23:13:16.003152,generate,qwen2.5-coder-14b-instruct,1015,264,9211,315,True,
2025-08-29T23:13:17.746721,kindness,qwen2.5-coder-14b-instruct,575,1,1742,153,True,
2025-08-29T23:13:19.181020,toxicity,qwen2.5-coder-14b-instruct,428,1,1433,119,True,
2025-08-29T23:13:20.846687,empathy,qwen2.5-coder-14b-instruct,567,1,1664,151,True,
2025-08-29T23:13:30.441844,generate,qwen2.5-coder-14b-instruct,1332,284,9593,414,True,
2025-08-29T23:13:32.186176,kindness,qwen2.5-coder-14b-instruct,595,1,1743,155,True,
2025-08-29T23:13:33.621064,toxicity,qwen2.5-coder-14b-instruct,448,1,1434,121,True,
2025-08-29T23:13:35.360695,empathy,qwen2.5-coder-14b-instruct,587,1,1738,153,True,
2025-08-29T23:13:37.100794,bridge,qwen2.5-coder-14b-instruct,806,1,1739,193,True,
2025-08-29T23:13:46.624944,generate,qwen2.5-coder-14b-instruct,1591,260,9522,423,True,
2025-08-29T23:13:48.368085,kindness,qwen2.5-coder-14b-instruct,571,1,1742,154,True,
2025-08-29T23:13:49.742497,toxicity,qwen2.5-coder-14b-instruct,424,1,1373,120,True,
2025-08-29T23:13:51.437698,empathy,qwen2.5-coder-14b-instruct,563,1,1694,152,True,
2025-08-29T23:13:53.178977,bridge,qwen2.5-coder-14b-instruct,801,1,1740,193,True,
2025-08-29T23:14:05.111849,generate,qwen2.5-coder-14b-instruct,1882,284,11931,497,True,
2025-08-29T23:14:06.900554,kindness,qwen2.5-coder-14b-instruct,595,1,1787,168,True,
2025-08-29T23:14:08.334845,toxicity,qwen2.5-coder-14b-instruct,448,1,1433,134,True,
2025-08-29T23:14:10.008278,empathy,qwen2.5-coder-14b-instruct,587,1,1672,166,True,
2025-08-29T23:14:21.235962,generate,qwen2.5-coder-14b-instruct,2223,287,11226,597,True,
2025-08-29T23:14:22.979238,kindness,qwen2.5-coder-14b-instruct,598,1,1742,156,True,
2025-08-29T23:14:24.411963,toxicity,qwen2.5-coder-14b-instruct,451,1,1431,122,True,
2025-08-29T23:14:26.150370,empathy,qwen2.5-coder-14b-instruct,590,1,1737,154,True,
2025-08-29T23:14:27.893949,bridge,qwen2.5-coder-14b-instruct,828,1,1742,208,True,
2025-08-29T23:14:39.472081,generate,qwen2.5-coder-14b-instruct,2274,309,11576,568,True,
2025-08-29T23:14:41.149765,kindness,qwen2.5-coder-14b-instruct,620,1,1676,166,True,
2025-08-29T23:14:42.544184,toxicity,qwen2.5-coder-14b-instruct,473,1,1393,132,True,
2025-08-29T23:14:44.218363,empathy,qwen2.5-coder-14b-instruct,612,1,1673,164,True,
2025-08-29T23:14:56.153110,generate,qwen2.5-coder-14b-instruct,2308,285,11933,577,True,
2025-08-29T23:14:57.898808,kindness,qwen2.5-coder-14b-instruct,596,1,1744,165,True,
2025-08-29T23:14:59.331569,toxicity,qwen2.5-coder-14b-instruct,449,1,1432,131,True,
2025-08-29T23:15:00.998664,empathy,qwen2.5-coder-14b-instruct,588,1,1666,163,True,
2025-08-29T23:15:12.132493,generate,qwen2.5-coder-14b-instruct,2361,279,11132,625,True,
2025-08-29T23:15:13.873765,kindness,qwen2.5-coder-14b-instruct,590,1,1740,155,True,
2025-08-29T23:15:15.305767,toxicity,qwen2.5-coder-14b-instruct,443,1,1431,121,True,
2025-08-29T23:15:17.047590,empathy,qwen2.5-coder-14b-instruct,582,1,1741,153,True,
2025-08-29T23:15:18.748536,bridge,qwen2.5-coder-14b-instruct,821,1,1700,204,True,
2025-08-29T23:15:31.650289,generate,qwen2.5-coder-14b-instruct,2343,368,12900,595,True,
2025-08-29T23:15:33.329074,kindness,qwen2.5-coder-14b-instruct,679,1,1677,165,True,
2025-08-29T23:15:34.728332,toxicity,qwen2.5-coder-14b-instruct,532,1,1398,131,True,
2025-08-29T23:15:36.399265,empathy,qwen2.5-coder-14b-instruct,671,1,1670,163,True,
2025-08-29T23:15:38.139602,bridge,qwen2.5-coder-14b-instruct,904,1,1739,204,True,
2025-08-29T23:15:44.696874,generate,qwen2.5-coder-14b-instruct,866,168,6555,305,True,
2025-08-29T23:15:46.381517,kindness,qwen2.5-coder-14b-instruct,479,1,1683,135,True,
2025-08-29T23:15:47.723174,toxicity,qwen2.5-coder-14b-instruct,332,1,1340,101,True,
2025-08-29T23:15:49.201343,empathy,qwen2.5-coder-14b-instruct,471,1,1477,133,True,
2025-08-29T23:15:58.828650,generate,qwen2.5-coder-14b-instruct,1010,333,9625,324,True,
2025-08-29T23:16:00.478494,kindness,qwen2.5-coder-14b-instruct,644,1,1649,156,True,
2025-08-29T23:16:01.901144,toxicity,qwen2.5-coder-14b-instruct,497,1,1421,122,True,
2025-08-29T23:16:03.640294,empathy,qwen2.5-coder-14b-instruct,636,1,1738,154,True,
2025-08-29T23:16:05.381844,bridge,qwen2.5-coder-14b-instruct,758,1,1740,175,True,
2025-08-29T23:16:14.491753,generate,qwen2.5-coder-14b-instruct,1346,249,9108,360,True,
2025-08-29T23:16:16.237791,kindness,qwen2.5-coder-14b-instruct,560,1,1745,153,True,
2025-08-29T23:16:17.670023,toxicity,qwen2.5-coder-14b-instruct,413,1,1431,119,True,
2025-08-29T23:16:19.410664,empathy,qwen2.5-coder-14b-instruct,552,1,1739,151,True,
2025-08-29T23:16:21.093843,bridge,qwen2.5-coder-14b-instruct,839,1,1682,193,True,
2025-08-29T23:16:31.272797,generate,qwen2.5-coder-14b-instruct,1595,285,10177,416,True,
2025-08-29T23:16:33.028237,kindness,qwen2.5-coder-14b-instruct,596,1,1754,159,True,
2025-08-29T23:16:34.415610,toxicity,qwen2.5-coder-14b-instruct,449,1,1386,125,True,
2025-08-29T23:16:36.102036,empathy,qwen2.5-coder-14b-instruct,588,1,1685,157,True,
2025-08-29T23:16:44.488042,generate,qwen2.5-coder-14b-instruct,1950,202,8384,510,True,
2025-08-29T23:16:46.240331,kindness,qwen2.5-coder-14b-instruct,513,1,1751,144,True,
2025-08-29T23:16:47.671494,toxicity,qwen2.5-coder-14b-instruct,366,1,1430,110,True,
2025-08-29T23:16:49.107948,empathy,qwen2.5-coder-14b-instruct,505,1,1435,142,True,
2025-08-29T23:16:50.796724,bridge,qwen2.5-coder-14b-instruct,745,1,1688,188,True,
2025-08-29T23:17:00.454487,generate,qwen2.5-coder-14b-instruct,2149,254,9656,548,True,
2025-08-29T23:17:02.215667,kindness,qwen2.5-coder-14b-instruct,565,1,1760,152,True,
2025-08-29T23:17:03.647657,toxicity,qwen2.5-coder-14b-instruct,418,1,1431,118,True,
2025-08-29T23:17:04.978007,empathy,qwen2.5-coder-14b-instruct,557,1,1329,150,True,
2025-08-29T23:17:06.637557,bridge,qwen2.5-coder-14b-instruct,715,1,1658,182,True,
2025-08-29T23:17:15.836435,generate,qwen2.5-coder-14b-instruct,2217,240,9197,541,True,
2025-08-29T23:17:17.576862,kindness,qwen2.5-coder-14b-instruct,551,1,1739,149,True,
2025-08-29T23:17:19.009733,toxicity,qwen2.5-coder-14b-instruct,404,1,1432,115,True,
2025-08-29T23:17:20.412802,empathy,qwen2.5-coder-14b-instruct,543,1,1402,147,True,
2025-08-29T23:17:22.078232,bridge,qwen2.5-coder-14b-instruct,752,1,1664,186,True,
2025-08-29T23:17:31.961284,generate,qwen2.5-coder-14b-instruct,2101,241,9881,520,True,
2025-08-29T23:17:33.622228,kindness,qwen2.5-coder-14b-instruct,552,1,1660,155,True,
2025-08-29T23:17:34.989666,toxicity,qwen2.5-coder-14b-instruct,405,1,1366,121,True,
2025-08-29T23:17:36.633436,empathy,qwen2.5-coder-14b-instruct,544,1,1643,153,True,
2025-08-29T23:17:38.299002,bridge,qwen2.5-coder-14b-instruct,738,1,1664,188,True,
2025-08-29T23:17:49.629034,generate,qwen2.5-coder-14b-instruct,2118,307,11328,560,True,
2025-08-29T23:17:51.272514,kindness,qwen2.5-coder-14b-instruct,618,1,1642,163,True,
2025-08-29T23:17:52.702785,toxicity,qwen2.5-coder-14b-instruct,471,1,1429,129,True,
2025-08-29T23:17:54.410020,empathy,qwen2.5-coder-14b-instruct,610,1,1706,161,True,
2025-08-29T23:18:03.967027,generate,qwen2.5-coder-14b-instruct,2126,234,9555,529,True,
2025-08-29T23:18:05.638774,kindness,qwen2.5-coder-14b-instruct,545,1,1670,153,True,
2025-08-29T23:18:07.003349,toxicity,qwen2.5-coder-14b-instruct,398,1,1363,119,True,
2025-08-29T23:18:08.649024,empathy,qwen2.5-coder-14b-instruct,537,1,1644,151,True,
2025-08-29T23:18:10.379222,bridge,qwen2.5-coder-14b-instruct,798,1,1729,201,True,
2025-08-29T23:18:17.993838,generate,qwen2.5-coder-14b-instruct,850,150,6598,301,True,
2025-08-29T23:18:19.425268,kindness,qwen2.5-coder-14b-instruct,445,1,1430,131,True,
2025-08-29T23:18:20.763741,toxicity,qwen2.5-coder-14b-instruct,314,1,1337,101,True,
2025-08-29T23:18:22.193015,empathy,qwen2.5-coder-14b-instruct,437,1,1428,129,True,
2025-08-29T23:18:30.314270,generate,qwen2.5-coder-14b-instruct,963,220,8119,309,True,
2025-08-29T23:18:32.023292,kindness,qwen2.5-coder-14b-instruct,515,1,1708,142,True,
2025-08-29T23:18:33.372991,toxicity,qwen2.5-coder-14b-instruct,384,1,1348,112,True,
2025-08-29T23:18:34.778395,empathy,qwen2.5-coder-14b-instruct,507,1,1404,140,True,
2025-08-29T23:18:36.424037,bridge,qwen2.5-coder-14b-instruct,627,1,1644,165,True,
2025-08-29T23:18:46.359424,generate,qwen2.5-coder-14b-instruct,1234,232,9933,400,True,
2025-08-29T23:18:48.098078,kindness,qwen2.5-coder-14b-instruct,527,1,1737,153,True,
2025-08-29T23:18:49.532812,toxicity,qwen2.5-coder-14b-instruct,396,1,1434,123,True,
2025-08-29T23:18:51.184460,empathy,qwen2.5-coder-14b-instruct,519,1,1650,151,True,
2025-08-29T23:18:52.913364,bridge,qwen2.5-coder-14b-instruct,709,1,1728,187,True,
2025-08-29T23:19:01.548840,generate,qwen2.5-coder-14b-instruct,1428,272,8633,398,True,
2025-08-29T23:19:03.214218,kindness,qwen2.5-coder-14b-instruct,567,1,1664,145,True,
2025-08-29T23:19:04.556633,toxicity,qwen2.5-coder-14b-instruct,436,1,1341,115,True,
2025-08-29T23:19:05.964958,empathy,qwen2.5-coder-14b-instruct,559,1,1407,143,True,
2025-08-29T23:19:07.659181,bridge,qwen2.5-coder-14b-instruct,761,1,1693,190,True,
2025-08-29T23:19:19.433861,generate,qwen2.5-coder-14b-instruct,1725,316,11773,464,True,
2025-08-29T23:19:21.092435,kindness,qwen2.5-coder-14b-instruct,611,1,1657,164,True,
2025-08-29T23:19:22.503896,toxicity,qwen2.5-coder-14b-instruct,480,1,1410,134,True,
2025-08-29T23:19:24.248507,empathy,qwen2.5-coder-14b-instruct,603,1,1743,162,True,
2025-08-29T23:19:25.968806,bridge,qwen2.5-coder-14b-instruct,845,1,1719,201,True,
2025-08-29T23:19:35.885137,generate,qwen2.5-coder-14b-instruct,2061,276,9914,518,True,
2025-08-29T23:19:37.570844,kindness,qwen2.5-coder-14b-instruct,571,1,1684,151,True,
2025-08-29T23:19:38.994978,toxicity,qwen2.5-coder-14b-instruct,440,1,1423,121,True,
2025-08-29T23:19:40.381931,empathy,qwen2.5-coder-14b-instruct,563,1,1386,149,True,
2025-08-29T23:19:49.030631,generate,qwen2.5-coder-14b-instruct,2181,192,8647,528,True,
2025-08-29T23:19:50.728107,kindness,qwen2.5-coder-14b-instruct,487,1,1696,142,True,
2025-08-29T23:19:52.079208,toxicity,qwen2.5-coder-14b-instruct,356,1,1350,112,True,
2025-08-29T23:19:53.537201,empathy,qwen2.5-coder-14b-instruct,479,1,1457,140,True,
2025-08-29T23:20:05.574532,generate,qwen2.5-coder-14b-instruct,2166,267,12035,558,True,
2025-08-29T23:20:07.215031,kindness,qwen2.5-coder-14b-instruct,562,1,1639,165,True,
2025-08-29T23:20:08.790857,toxicity,qwen2.5-coder-14b-instruct,431,1,1575,136,True,
2025-08-29T23:20:10.450790,empathy,qwen2.5-coder-14b-instruct,554,1,1659,163,True,
2025-08-29T23:20:22.721826,generate,qwen2.5-coder-14b-instruct,2216,408,12269,580,True,
2025-08-29T23:20:24.461824,kindness,qwen2.5-coder-14b-instruct,703,1,1739,163,True,
2025-08-29T23:20:25.858332,toxicity,qwen2.5-coder-14b-instruct,572,1,1395,133,True,
2025-08-29T23:20:27.541575,empathy,qwen2.5-coder-14b-instruct,695,1,1682,161,True,
2025-08-29T23:20:40.381073,generate,qwen2.5-coder-14b-instruct,2373,306,12837,630,True,
2025-08-29T23:20:42.027152,kindness,qwen2.5-coder-14b-instruct,601,1,1645,162,True,
2025-08-29T23:20:43.420136,toxicity,qwen2.5-coder-14b-instruct,470,1,1392,132,True,
2025-08-29T23:20:45.148260,empathy,qwen2.5-coder-14b-instruct,593,1,1727,160,True,
2025-08-29T23:20:53.345191,generate,qwen2.5-coder-14b-instruct,818,221,8195,264,True,
2025-08-29T23:20:55.006943,kindness,qwen2.5-coder-14b-instruct,527,1,1660,143,True,
2025-08-29T23:20:56.346831,toxicity,qwen2.5-coder-14b-instruct,385,1,1339,116,True,
2025-08-29T23:20:57.845719,empathy,qwen2.5-coder-14b-instruct,519,1,1498,141,True,
2025-08-29T23:21:04.604258,generate,qwen2.5-coder-14b-instruct,1048,164,6757,315,True,
2025-08-29T23:21:06.045035,kindness,qwen2.5-coder-14b-instruct,470,1,1439,129,True,
2025-08-29T23:21:07.397292,toxicity,qwen2.5-coder-14b-instruct,328,1,1351,102,True,
2025-08-29T23:21:08.905359,empathy,qwen2.5-coder-14b-instruct,462,1,1507,127,True,
2025-08-29T23:21:10.560730,bridge,qwen2.5-coder-14b-instruct,641,1,1654,170,True,
2025-08-29T23:21:19.751209,generate,qwen2.5-coder-14b-instruct,1230,278,9188,362,True,
2025-08-29T23:21:21.420449,kindness,qwen2.5-coder-14b-instruct,584,1,1668,146,True,
2025-08-29T23:21:22.832345,toxicity,qwen2.5-coder-14b-instruct,442,1,1411,119,True,
2025-08-29T23:21:24.266049,empathy,qwen2.5-coder-14b-instruct,576,1,1432,144,True,
2025-08-29T23:21:36.615350,generate,qwen2.5-coder-14b-instruct,1509,417,12347,421,True,
2025-08-29T23:21:38.312150,kindness,qwen2.5-coder-14b-instruct,723,1,1695,167,True,
2025-08-29T23:21:39.712682,toxicity,qwen2.5-coder-14b-instruct,581,1,1399,140,True,
2025-08-29T23:21:41.358717,empathy,qwen2.5-coder-14b-instruct,715,1,1645,165,True,
2025-08-29T23:21:51.848430,generate,qwen2.5-coder-14b-instruct,1979,289,10488,523,True,
2025-08-29T23:21:53.553079,kindness,qwen2.5-coder-14b-instruct,595,1,1703,151,True,
2025-08-29T23:21:54.930170,toxicity,qwen2.5-coder-14b-instruct,453,1,1376,124,True,
2025-08-29T23:21:56.327843,empathy,qwen2.5-coder-14b-instruct,587,1,1396,149,True,
2025-08-29T23:21:58.055629,bridge,qwen2.5-coder-14b-instruct,964,1,1727,217,True,
2025-08-29T23:22:06.986744,generate,qwen2.5-coder-14b-instruct,2236,231,8929,523,True,
2025-08-29T23:22:08.708226,kindness,qwen2.5-coder-14b-instruct,537,1,1720,141,True,
2025-08-29T23:22:10.068876,toxicity,qwen2.5-coder-14b-instruct,395,1,1359,114,True,
2025-08-29T23:22:11.484359,empathy,qwen2.5-coder-14b-instruct,529,1,1414,139,True,
2025-08-29T23:22:26.748016,generate,qwen2.5-coder-14b-instruct,2301,431,15262,607,True,
2025-08-29T23:22:28.469169,kindness,qwen2.5-coder-14b-instruct,737,1,1720,176,True,
2025-08-29T23:22:29.865611,toxicity,qwen2.5-coder-14b-instruct,595,1,1395,149,True,
2025-08-29T23:22:31.540779,empathy,qwen2.5-coder-14b-instruct,729,1,1674,174,True,
2025-08-29T23:22:43.526824,generate,qwen2.5-coder-14b-instruct,2569,322,11984,626,True,
2025-08-29T23:22:45.266773,kindness,qwen2.5-coder-14b-instruct,628,1,1739,153,True,
2025-08-29T23:22:46.697428,toxicity,qwen2.5-coder-14b-instruct,486,1,1429,126,True,
2025-08-29T23:22:48.337616,empathy,qwen2.5-coder-14b-instruct,620,1,1639,151,True,
2025-08-29T23:22:50.079077,bridge,qwen2.5-coder-14b-instruct,1010,1,1740,227,True,
2025-08-29T23:23:02.498984,generate,qwen2.5-coder-14b-instruct,2558,332,12418,592,True,
2025-08-29T23:23:04.148943,kindness,qwen2.5-coder-14b-instruct,638,1,1649,156,True,
2025-08-29T23:23:05.543417,toxicity,qwen2.5-coder-14b-instruct,496,1,1393,129,True,
2025-08-29T23:23:07.195014,empathy,qwen2.5-coder-14b-instruct,630,1,1650,154,True,
2025-08-29T23:23:08.920907,bridge,qwen2.5-coder-14b-instruct,912,1,1725,207,True,
2025-08-29T23:23:19.162442,generate,qwen2.5-coder-14b-instruct,2483,214,10239,569,True,
2025-08-29T23:23:20.858038,kindness,qwen2.5-coder-14b-instruct,520,1,1694,143,True,
2025-08-29T23:23:22.231376,toxicity,qwen2.5-coder-14b-instruct,378,1,1372,116,True,
2025-08-29T23:23:23.667549,empathy,qwen2.5-coder-14b-instruct,512,1,1435,141,True,
2025-08-29T23:23:25.409671,bridge,qwen2.5-coder-14b-instruct,803,1,1741,197,True,
2025-08-29T23:23:32.325026,generate,qwen2.5-coder-14b-instruct,835,178,5878,285,True,
2025-08-29T23:23:33.802762,kindness,qwen2.5-coder-14b-instruct,473,1,1476,130,True,
2025-08-29T23:23:35.153385,toxicity,qwen2.5-coder-14b-instruct,342,1,1349,100,True,
2025-08-29T23:23:36.529032,empathy,qwen2.5-coder-14b-instruct,465,1,1374,128,True,
2025-08-29T23:23:45.088576,generate,qwen2.5-coder-14b-instruct,982,257,8557,300,True,
2025-08-29T23:23:46.810980,kindness,qwen2.5-coder-14b-instruct,552,1,1721,148,True,
2025-08-29T23:23:48.168405,toxicity,qwen2.5-coder-14b-instruct,421,1,1356,118,True,
2025-08-29T23:23:49.594226,empathy,qwen2.5-coder-14b-instruct,544,1,1425,146,True,
2025-08-29T23:23:51.268527,bridge,qwen2.5-coder-14b-instruct,693,1,1673,171,True,
2025-08-29T23:24:02.684222,generate,qwen2.5-coder-14b-instruct,1273,321,11414,387,True,
2025-08-29T23:24:04.426262,kindness,qwen2.5-coder-14b-instruct,616,1,1741,163,True,
2025-08-29T23:24:05.842788,toxicity,qwen2.5-coder-14b-instruct,485,1,1403,133,True,
2025-08-29T23:24:07.511871,empathy,qwen2.5-coder-14b-instruct,608,1,1668,161,True,
2025-08-29T23:24:09.240241,bridge,qwen2.5-coder-14b-instruct,837,1,1727,205,True,
2025-08-29T23:24:21.384996,generate,qwen2.5-coder-14b-instruct,1600,311,12143,444,True,
2025-08-29T23:24:23.164300,kindness,qwen2.5-coder-14b-instruct,606,1,1778,168,True,
2025-08-29T23:24:24.728403,toxicity,qwen2.5-coder-14b-instruct,475,1,1563,139,True,
2025-08-29T23:24:26.397566,empathy,qwen2.5-coder-14b-instruct,598,1,1668,166,True,
2025-08-29T23:24:28.131302,bridge,qwen2.5-coder-14b-instruct,890,1,1733,224,True,
2025-08-29T23:24:36.329207,generate,qwen2.5-coder-14b-instruct,1911,243,8196,479,True,
2025-08-29T23:24:38.004714,kindness,qwen2.5-coder-14b-instruct,538,1,1674,139,True,
2025-08-29T23:24:39.446707,toxicity,qwen2.5-coder-14b-instruct,407,1,1441,109,True,
2025-08-29T23:24:40.865240,empathy,qwen2.5-coder-14b-instruct,530,1,1417,137,True,
2025-08-29T23:24:51.278230,generate,qwen2.5-coder-14b-instruct,2175,295,10411,537,True,
2025-08-29T23:24:52.964032,kindness,qwen2.5-coder-14b-instruct,590,1,1684,154,True,
2025-08-29T23:24:54.352687,toxicity,qwen2.5-coder-14b-instruct,459,1,1387,124,True,
2025-08-29T23:24:56.018176,empathy,qwen2.5-coder-14b-instruct,582,1,1664,152,True,
2025-08-29T23:24:57.774030,bridge,qwen2.5-coder-14b-instruct,796,1,1755,186,True,
2025-08-29T23:25:09.450966,generate,qwen2.5-coder-14b-instruct,2301,310,11675,578,True,
2025-08-29T23:25:11.099920,kindness,qwen2.5-coder-14b-instruct,605,1,1648,158,True,
2025-08-29T23:25:12.481895,toxicity,qwen2.5-coder-14b-instruct,474,1,1381,128,True,
2025-08-29T23:25:14.161371,empathy,qwen2.5-coder-14b-instruct,597,1,1678,156,True,
2025-08-29T23:25:24.969235,generate,qwen2.5-coder-14b-instruct,2365,227,10806,596,True,
2025-08-29T23:25:26.643245,kindness,qwen2.5-coder-14b-instruct,522,1,1673,149,True,
2025-08-29T23:25:28.089091,toxicity,qwen2.5-coder-14b-instruct,391,1,1445,119,True,
2025-08-29T23:25:29.519323,empathy,qwen2.5-coder-14b-instruct,514,1,1429,147,True,
2025-08-29T23:25:40.953177,generate,qwen2.5-coder-14b-instruct,2258,314,11432,565,True,
2025-08-29T23:25:42.630283,kindness,qwen2.5-coder-14b-instruct,609,1,1676,160,True,
2025-08-29T23:25:44.027989,toxicity,qwen2.5-coder-14b-instruct,478,1,1396,130,True,
2025-08-29T23:25:45.700904,empathy,qwen2.5-coder-14b-instruct,601,1,1672,158,True,
2025-08-29T23:25:47.439675,bridge,qwen2.5-coder-14b-instruct,798,1,1738,201,True,
2025-08-29T23:25:57.887551,generate,qwen2.5-coder-14b-instruct,2264,323,10446,549,True,
2025-08-29T23:25:59.628523,kindness,qwen2.5-coder-14b-instruct,618,1,1740,153,True,
2025-08-29T23:26:01.061771,toxicity,qwen2.5-coder-14b-instruct,487,1,1432,123,True,
2025-08-29T23:26:02.700326,empathy,qwen2.5-coder-14b-instruct,610,1,1637,151,True,
2025-08-29T23:26:10.484367,generate,qwen2.5-coder-14b-instruct,841,188,7782,289,True,
2025-08-29T23:26:12.224615,kindness,qwen2.5-coder-14b-instruct,499,1,1739,146,True,
2025-08-29T23:26:13.657230,toxicity,qwen2.5-coder-14b-instruct,352,1,1431,112,True,
2025-08-29T23:26:15.056559,empathy,qwen2.5-coder-14b-instruct,491,1,1398,144,True,
2025-08-29T23:26:24.614772,generate,qwen2.5-coder-14b-instruct,1000,261,9556,315,True,
2025-08-29T23:26:26.274377,kindness,qwen2.5-coder-14b-instruct,572,1,1658,155,True,
2025-08-29T23:26:27.645996,toxicity,qwen2.5-coder-14b-instruct,425,1,1370,121,True,
2025-08-29T23:26:29.324806,empathy,qwen2.5-coder-14b-instruct,564,1,1678,153,True,
2025-08-29T23:26:31.065913,bridge,qwen2.5-coder-14b-instruct,705,1,1740,185,True,
2025-08-29T23:26:42.413316,generate,qwen2.5-coder-14b-instruct,1305,388,11345,398,True,
2025-08-29T23:26:44.174518,kindness,qwen2.5-coder-14b-instruct,699,1,1760,167,True,
2025-08-29T23:26:45.607849,toxicity,qwen2.5-coder-14b-instruct,552,1,1432,133,True,
2025-08-29T23:26:47.348316,empathy,qwen2.5-coder-14b-instruct,691,1,1739,165,True,
2025-08-29T23:26:49.089174,bridge,qwen2.5-coder-14b-instruct,906,1,1740,206,True,
2025-08-29T23:26:57.719580,generate,qwen2.5-coder-14b-instruct,1726,225,8628,465,True,
2025-08-29T23:26:59.431444,kindness,qwen2.5-coder-14b-instruct,536,1,1711,146,True,
2025-08-29T23:27:00.866114,toxicity,qwen2.5-coder-14b-instruct,389,1,1433,112,True,
2025-08-29T23:27:02.299446,empathy,qwen2.5-coder-14b-instruct,528,1,1432,144,True,
2025-08-29T23:27:09.263533,generate,qwen2.5-coder-14b-instruct,1946,159,6962,477,True,
2025-08-29T23:27:10.941656,kindness,qwen2.5-coder-14b-instruct,470,1,1677,134,True,
2025-08-29T23:27:12.335210,toxicity,qwen2.5-coder-14b-instruct,323,1,1392,100,True,
2025-08-29T23:27:13.765343,empathy,qwen2.5-coder-14b-instruct,462,1,1429,132,True,
2025-08-29T23:27:15.509120,bridge,qwen2.5-coder-14b-instruct,643,1,1743,165,True,
2025-08-29T23:27:24.763523,generate,qwen2.5-coder-14b-instruct,2109,261,9252,513,True,
2025-08-29T23:27:26.445991,kindness,qwen2.5-coder-14b-instruct,572,1,1681,150,True,
2025-08-29T23:27:27.900054,toxicity,qwen2.5-coder-14b-instruct,425,1,1453,116,True,
2025-08-29T23:27:29.333755,empathy,qwen2.5-coder-14b-instruct,564,1,1432,148,True,
2025-08-29T23:27:38.247241,generate,qwen2.5-coder-14b-instruct,2231,253,8911,557,True,
2025-08-29T23:27:39.930444,kindness,qwen2.5-coder-14b-instruct,564,1,1682,146,True,
2025-08-29T23:27:41.289604,toxicity,qwen2.5-coder-14b-instruct,417,1,1358,112,True,
2025-08-29T23:27:42.684267,empathy,qwen2.5-coder-14b-instruct,556,1,1393,144,True,
2025-08-29T23:27:44.387398,bridge,qwen2.5-coder-14b-instruct,772,1,1702,181,True,
2025-08-29T23:27:54.320356,generate,qwen2.5-coder-14b-instruct,2163,264,9931,510,True,
2025-08-29T23:27:55.999086,kindness,qwen2.5-coder-14b-instruct,575,1,1677,154,True,
2025-08-29T23:27:57.390066,toxicity,qwen2.5-coder-14b-instruct,428,1,1390,120,True,
2025-08-29T23:27:59.132921,empathy,qwen2.5-coder-14b-instruct,567,1,1742,152,True,
2025-08-29T23:28:00.811167,bridge,qwen2.5-coder-14b-instruct,774,1,1677,184,True,
2025-08-29T23:28:10.049861,generate,qwen2.5-coder-14b-instruct,2054,225,9236,502,True,
2025-08-29T23:28:11.757117,kindness,qwen2.5-coder-14b-instruct,536,1,1706,150,True,
2025-08-29T23:28:13.132565,toxicity,qwen2.5-coder-14b-instruct,389,1,1374,116,True,
2025-08-29T23:28:14.539807,empathy,qwen2.5-coder-14b-instruct,528,1,1406,148,True,
2025-08-29T23:28:24.117471,generate,qwen2.5-coder-14b-instruct,2067,236,9576,533,True,
2025-08-29T23:28:25.804728,kindness,qwen2.5-coder-14b-instruct,547,1,1686,152,True,
2025-08-29T23:28:27.153692,toxicity,qwen2.5-coder-14b-instruct,400,1,1348,118,True,
2025-08-29T23:28:28.487091,empathy,qwen2.5-coder-14b-instruct,539,1,1332,150,True,
2025-08-29T23:28:38.492973,generate,qwen2.5-coder-14b-instruct,779,265,8978,273,True,
2025-08-29T23:28:40.197010,kindness,qwen2.5-coder-14b-instruct,506,1,1703,137,True,
2025-08-29T23:28:41.635037,toxicity,qwen2.5-coder-14b-instruct,429,1,1437,121,True,
2025-08-29T23:28:43.065789,empathy,qwen2.5-coder-14b-instruct,498,1,1429,135,True,
2025-08-29T23:28:53.527430,generate,qwen2.5-coder-14b-instruct,1015,335,10459,319,True,
2025-08-29T23:28:55.342326,kindness,qwen2.5-coder-14b-instruct,576,1,1814,148,True,
2025-08-29T23:28:56.744601,toxicity,qwen2.5-coder-14b-instruct,499,1,1401,131,True,
2025-08-29T23:28:58.311519,empathy,qwen2.5-coder-14b-instruct,568,1,1566,146,True,
2025-08-29T23:29:09.691384,generate,qwen2.5-coder-14b-instruct,1360,307,11378,379,True,
2025-08-29T23:29:11.532948,kindness,qwen2.5-coder-14b-instruct,548,1,1840,151,True,
2025-08-29T23:29:12.966096,toxicity,qwen2.5-coder-14b-instruct,471,1,1432,134,True,
2025-08-29T23:29:14.399657,empathy,qwen2.5-coder-14b-instruct,540,1,1432,148,True,
2025-08-29T23:29:16.138037,bridge,qwen2.5-coder-14b-instruct,900,1,1737,218,True,
2025-08-29T23:29:25.967894,generate,qwen2.5-coder-14b-instruct,1738,274,9828,486,True,
2025-08-29T23:29:27.618390,kindness,qwen2.5-coder-14b-instruct,515,1,1649,136,True,
2025-08-29T23:29:29.043605,toxicity,qwen2.5-coder-14b-instruct,438,1,1424,120,True,
2025-08-29T23:29:30.476819,empathy,qwen2.5-coder-14b-instruct,507,1,1432,134,True,
2025-08-29T23:29:32.219050,bridge,qwen2.5-coder-14b-instruct,839,1,1741,207,True,
2025-08-29T23:29:45.120675,generate,qwen2.5-coder-14b-instruct,2000,327,12899,542,True,
2025-08-29T23:29:46.790296,kindness,qwen2.5-coder-14b-instruct,568,1,1668,156,True,
2025-08-29T23:29:48.192752,toxicity,qwen2.5-coder-14b-instruct,491,1,1401,140,True,
2025-08-29T23:29:49.933942,empathy,qwen2.5-coder-14b-instruct,560,1,1740,154,True,
2025-08-29T23:30:02.732269,generate,qwen2.5-coder-14b-instruct,2331,269,12796,586,True,
2025-08-29T23:30:04.389231,kindness,qwen2.5-coder-14b-instruct,510,1,1655,149,True,
2025-08-29T23:30:05.781610,toxicity,qwen2.5-coder-14b-instruct,433,1,1391,133,True,
2025-08-29T23:30:07.238318,empathy,qwen2.5-coder-14b-instruct,502,1,1455,147,True,
2025-08-29T23:30:18.193798,generate,qwen2.5-coder-14b-instruct,2332,251,10952,579,True,
2025-08-29T23:30:19.938518,kindness,qwen2.5-coder-14b-instruct,492,1,1743,135,True,
2025-08-29T23:30:21.334359,toxicity,qwen2.5-coder-14b-instruct,415,1,1394,119,True,
2025-08-29T23:30:22.805715,empathy,qwen2.5-coder-14b-instruct,484,1,1470,133,True,
2025-08-29T23:30:24.543214,bridge,qwen2.5-coder-14b-instruct,777,1,1736,204,True,
2025-08-29T23:30:37.657812,generate,qwen2.5-coder-14b-instruct,2291,311,13111,632,True,
2025-08-29T23:30:39.399219,kindness,qwen2.5-coder-14b-instruct,552,1,1740,150,True,
2025-08-29T23:30:40.831573,toxicity,qwen2.5-coder-14b-instruct,475,1,1431,134,True,
2025-08-29T23:30:42.251106,empathy,qwen2.5-coder-14b-instruct,544,1,1418,148,True,
2025-08-29T23:30:55.354197,generate,qwen2.5-coder-14b-instruct,2264,330,13100,596,True,
2025-08-29T23:30:57.011344,kindness,qwen2.5-coder-14b-instruct,571,1,1655,148,True,
2025-08-29T23:30:58.441992,toxicity,qwen2.5-coder-14b-instruct,494,1,1429,132,True,
2025-08-29T23:30:59.856773,empathy,qwen2.5-coder-14b-instruct,563,1,1413,146,True,
2025-08-29T23:31:01.616286,bridge,qwen2.5-coder-14b-instruct,898,1,1758,218,True,
2025-08-29T23:31:14.416751,generate,qwen2.5-coder-14b-instruct,2295,313,12797,591,True,
2025-08-29T23:31:16.155131,kindness,qwen2.5-coder-14b-instruct,554,1,1736,147,True,
2025-08-29T23:31:17.551000,toxicity,qwen2.5-coder-14b-instruct,477,1,1394,131,True,
2025-08-29T23:31:19.024936,empathy,qwen2.5-coder-14b-instruct,546,1,1472,145,True,
2025-08-29T23:31:29.523585,generate,qwen2.5-coder-14b-instruct,866,315,10495,326,True,
2025-08-29T23:31:31.210205,kindness,qwen2.5-coder-14b-instruct,617,1,1685,159,True,
2025-08-29T23:31:32.644394,toxicity,qwen2.5-coder-14b-instruct,479,1,1432,128,True,
2025-08-29T23:31:34.386001,empathy,qwen2.5-coder-14b-instruct,609,1,1740,157,True,
2025-08-29T23:31:44.216370,generate,qwen2.5-coder-14b-instruct,1162,273,9827,370,True,
2025-08-29T23:31:45.957151,kindness,qwen2.5-coder-14b-instruct,575,1,1739,154,True,
2025-08-29T23:31:47.391657,toxicity,qwen2.5-coder-14b-instruct,437,1,1433,123,True,
2025-08-29T23:31:49.131297,empathy,qwen2.5-coder-14b-instruct,567,1,1738,152,True,
2025-08-29T23:31:59.065204,generate,qwen2.5-coder-14b-instruct,1433,305,9931,402,True,
2025-08-29T23:32:00.805674,kindness,qwen2.5-coder-14b-instruct,607,1,1739,154,True,
2025-08-29T23:32:02.178088,toxicity,qwen2.5-coder-14b-instruct,469,1,1371,123,True,
2025-08-29T23:32:03.878047,empathy,qwen2.5-coder-14b-instruct,599,1,1698,152,True,
2025-08-29T23:32:05.618377,bridge,qwen2.5-coder-14b-instruct,836,1,1739,199,True,
2025-08-29T23:32:16.434350,generate,qwen2.5-coder-14b-instruct,1737,292,10813,451,True,
2025-08-29T23:32:18.214732,kindness,qwen2.5-coder-14b-instruct,594,1,1778,158,True,
2025-08-29T23:32:19.648280,toxicity,qwen2.5-coder-14b-instruct,456,1,1432,127,True,
2025-08-29T23:32:21.389130,empathy,qwen2.5-coder-14b-instruct,586,1,1739,156,True,
2025-08-29T23:32:32.753901,generate,qwen2.5-coder-14b-instruct,2034,327,11361,512,True,
2025-08-29T23:32:34.449835,kindness,qwen2.5-coder-14b-instruct,629,1,1694,161,True,
2025-08-29T23:32:35.930310,toxicity,qwen2.5-coder-14b-instruct,491,1,1479,130,True,
2025-08-29T23:32:37.671128,empathy,qwen2.5-coder-14b-instruct,621,1,1739,159,True,
2025-08-29T23:32:48.648697,generate,qwen2.5-coder-14b-instruct,2427,229,10974,615,True,
2025-08-29T23:32:50.369002,kindness,qwen2.5-coder-14b-instruct,531,1,1718,151,True,
2025-08-29T23:32:51.733835,toxicity,qwen2.5-coder-14b-instruct,393,1,1363,120,True,
2025-08-29T23:32:53.237138,empathy,qwen2.5-coder-14b-instruct,523,1,1501,149,True,
2025-08-29T23:32:54.977837,bridge,qwen2.5-coder-14b-instruct,812,1,1739,202,True,
2025-08-29T23:33:04.600280,generate,qwen2.5-coder-14b-instruct,2302,293,9619,556,True,
2025-08-29T23:33:06.341280,kindness,qwen2.5-coder-14b-instruct,595,1,1739,148,True,
2025-08-29T23:33:07.687868,toxicity,qwen2.5-coder-14b-instruct,457,1,1345,117,True,
2025-08-29T23:33:09.212093,empathy,qwen2.5-coder-14b-instruct,587,1,1522,146,True,
2025-08-29T23:33:20.476282,generate,qwen2.5-coder-14b-instruct,2322,299,11261,561,True,
2025-08-29T23:33:22.216801,kindness,qwen2.5-coder-14b-instruct,601,1,1738,159,True,
2025-08-29T23:33:23.647773,toxicity,qwen2.5-coder-14b-instruct,463,1,1429,128,True,
2025-08-29T23:33:25.391015,empathy,qwen2.5-coder-14b-instruct,593,1,1741,157,True,
2025-08-29T23:33:35.167042,generate,qwen2.5-coder-14b-instruct,2332,175,9773,577,True,
2025-08-29T23:33:36.960462,kindness,qwen2.5-coder-14b-instruct,477,1,1791,141,True,
2025-08-29T23:33:38.396211,toxicity,qwen2.5-coder-14b-instruct,339,1,1434,110,True,
2025-08-29T23:33:39.829762,empathy,qwen2.5-coder-14b-instruct,469,1,1432,139,True,
2025-08-29T23:33:41.570588,bridge,qwen2.5-coder-14b-instruct,731,1,1739,190,True,
2025-08-29T23:33:51.606933,generate,qwen2.5-coder-14b-instruct,2212,251,10033,567,True,
2025-08-29T23:33:53.348465,kindness,qwen2.5-coder-14b-instruct,553,1,1740,148,True,
2025-08-29T23:33:54.781159,toxicity,qwen2.5-coder-14b-instruct,415,1,1431,117,True,
2025-08-29T23:33:56.211074,empathy,qwen2.5-coder-14b-instruct,545,1,1428,146,True,
2025-08-29T23:33:57.955751,bridge,qwen2.5-coder-14b-instruct,683,1,1743,179,True,
2025-08-29T23:34:07.475646,generate,qwen2.5-coder-14b-instruct,830,250,8495,275,True,
2025-08-29T23:34:09.219528,kindness,qwen2.5-coder-14b-instruct,566,1,1742,150,True,
2025-08-29T23:34:10.573816,toxicity,qwen2.5-coder-14b-instruct,414,1,1352,117,True,
2025-08-29T23:34:11.984873,empathy,qwen2.5-coder-14b-instruct,558,1,1409,148,True,
2025-08-29T23:34:25.606174,generate,qwen2.5-coder-14b-instruct,1095,320,13618,375,True,
2025-08-29T23:34:27.345031,kindness,qwen2.5-coder-14b-instruct,636,1,1737,182,True,
2025-08-29T23:34:28.776117,toxicity,qwen2.5-coder-14b-instruct,484,1,1429,149,True,
2025-08-29T23:34:30.519315,empathy,qwen2.5-coder-14b-instruct,628,1,1741,180,True,
2025-08-29T23:34:32.261072,bridge,qwen2.5-coder-14b-instruct,827,1,1740,218,True,
2025-08-29T23:34:41.988624,generate,qwen2.5-coder-14b-instruct,1414,259,9724,407,True,
2025-08-29T23:34:43.726218,kindness,qwen2.5-coder-14b-instruct,575,1,1736,155,True,
2025-08-29T23:34:45.163120,toxicity,qwen2.5-coder-14b-instruct,423,1,1435,122,True,
2025-08-29T23:34:46.903938,empathy,qwen2.5-coder-14b-instruct,567,1,1739,153,True,
2025-08-29T23:34:58.066353,generate,qwen2.5-coder-14b-instruct,1734,299,11159,516,True,
2025-08-29T23:34:59.725619,kindness,qwen2.5-coder-14b-instruct,615,1,1657,161,True,
2025-08-29T23:35:01.140383,toxicity,qwen2.5-coder-14b-instruct,463,1,1413,128,True,
2025-08-29T23:35:02.879107,empathy,qwen2.5-coder-14b-instruct,607,1,1737,159,True,
2025-08-29T23:35:04.616480,bridge,qwen2.5-coder-14b-instruct,816,1,1735,203,True,
2025-08-29T23:35:13.222941,generate,qwen2.5-coder-14b-instruct,2019,174,8603,541,True,
2025-08-29T23:35:14.963303,kindness,qwen2.5-coder-14b-instruct,490,1,1738,144,True,
2025-08-29T23:35:16.395848,toxicity,qwen2.5-coder-14b-instruct,338,1,1431,111,True,
2025-08-29T23:35:17.816598,empathy,qwen2.5-coder-14b-instruct,482,1,1419,142,True,
2025-08-29T23:35:30.835338,generate,qwen2.5-coder-14b-instruct,2186,348,13015,584,True,
2025-08-29T23:35:32.577243,kindness,qwen2.5-coder-14b-instruct,664,1,1740,172,True,
2025-08-29T23:35:33.994264,toxicity,qwen2.5-coder-14b-instruct,512,1,1415,139,True,
2025-08-29T23:35:35.755883,empathy,qwen2.5-coder-14b-instruct,656,1,1760,170,True,
2025-08-29T23:35:45.581325,generate,qwen2.5-coder-14b-instruct,2279,219,9822,574,True,
2025-08-29T23:35:47.321893,kindness,qwen2.5-coder-14b-instruct,535,1,1738,144,True,
2025-08-29T23:35:48.752266,toxicity,qwen2.5-coder-14b-instruct,383,1,1429,111,True,
2025-08-29T23:35:50.291918,empathy,qwen2.5-coder-14b-instruct,527,1,1538,142,True,
2025-08-29T23:35:52.033613,bridge,qwen2.5-coder-14b-instruct,825,1,1740,203,True,
2025-08-29T23:36:02.476661,generate,qwen2.5-coder-14b-instruct,2199,242,10440,559,True,
2025-08-29T23:36:04.223721,kindness,qwen2.5-coder-14b-instruct,558,1,1745,156,True,
2025-08-29T23:36:05.652362,toxicity,qwen2.5-coder-14b-instruct,406,1,1427,123,True,
2025-08-29T23:36:07.393150,empathy,qwen2.5-coder-14b-instruct,550,1,1739,154,True,
2025-08-29T23:36:09.130880,bridge,qwen2.5-coder-14b-instruct,718,1,1736,186,True,
2025-08-29T23:36:18.142609,generate,qwen2.5-coder-14b-instruct,2164,262,9008,543,True,
2025-08-29T23:36:19.886321,kindness,qwen2.5-coder-14b-instruct,578,1,1742,147,True,
2025-08-29T23:36:21.320893,toxicity,qwen2.5-coder-14b-instruct,426,1,1433,114,True,
2025-08-29T23:36:22.727450,empathy,qwen2.5-coder-14b-instruct,570,1,1405,145,True,
2025-08-29T23:36:33.507654,generate,qwen2.5-coder-14b-instruct,2150,304,10777,552,True,
2025-08-29T23:36:35.247387,kindness,qwen2.5-coder-14b-instruct,620,1,1738,158,True,
2025-08-29T23:36:36.639134,toxicity,qwen2.5-coder-14b-instruct,468,1,1390,125,True,
2025-08-29T23:36:38.283146,empathy,qwen2.5-coder-14b-instruct,612,1,1642,156,True,
2025-08-29T23:36:39.982204,bridge,qwen2.5-coder-14b-instruct,823,1,1697,191,True,
2025-08-29T23:36:47.330920,generate,qwen2.5-coder-14b-instruct,807,204,7344,261,True,
2025-08-29T23:36:49.067901,kindness,qwen2.5-coder-14b-instruct,499,1,1735,140,True,
2025-08-29T23:36:50.447381,toxicity,qwen2.5-coder-14b-instruct,368,1,1378,110,True,
2025-08-29T23:36:51.899331,empathy,qwen2.5-coder-14b-instruct,491,1,1450,138,True,
2025-08-29T23:37:00.541960,generate,qwen2.5-coder-14b-instruct,1002,232,8639,305,True,
2025-08-29T23:37:02.281562,kindness,qwen2.5-coder-14b-instruct,527,1,1738,145,True,
2025-08-29T23:37:03.711857,toxicity,qwen2.5-coder-14b-instruct,396,1,1428,115,True,
2025-08-29T23:37:05.148791,empathy,qwen2.5-coder-14b-instruct,519,1,1435,143,True,
2025-08-29T23:37:06.890174,bridge,qwen2.5-coder-14b-instruct,693,1,1739,177,True,
2025-08-29T23:37:16.717670,generate,qwen2.5-coder-14b-instruct,1264,280,9824,380,True,
2025-08-29T23:37:18.449866,kindness,qwen2.5-coder-14b-instruct,575,1,1730,153,True,
2025-08-29T23:37:19.895147,toxicity,qwen2.5-coder-14b-instruct,444,1,1443,123,True,
2025-08-29T23:37:21.562346,empathy,qwen2.5-coder-14b-instruct,567,1,1665,151,True,
2025-08-29T23:37:33.309409,generate,qwen2.5-coder-14b-instruct,1542,330,11743,430,True,
2025-08-29T23:37:35.050058,kindness,qwen2.5-coder-14b-instruct,625,1,1739,165,True,
2025-08-29T23:37:36.481876,toxicity,qwen2.5-coder-14b-instruct,494,1,1430,135,True,
2025-08-29T23:37:38.224518,empathy,qwen2.5-coder-14b-instruct,617,1,1741,163,True,
2025-08-29T23:37:48.155322,generate,qwen2.5-coder-14b-instruct,1911,275,9927,506,True,
2025-08-29T23:37:49.897032,kindness,qwen2.5-coder-14b-instruct,570,1,1740,150,True,
2025-08-29T23:37:51.332265,toxicity,qwen2.5-coder-14b-instruct,439,1,1433,120,True,
2025-08-29T23:37:52.766014,empathy,qwen2.5-coder-14b-instruct,562,1,1432,148,True,
2025-08-29T23:37:54.506833,bridge,qwen2.5-coder-14b-instruct,862,1,1739,207,True,
2025-08-29T23:38:05.157192,generate,qwen2.5-coder-14b-instruct,2226,264,10647,576,True,
2025-08-29T23:38:06.897767,kindness,qwen2.5-coder-14b-instruct,559,1,1739,147,True,
2025-08-29T23:38:08.331990,toxicity,qwen2.5-coder-14b-instruct,428,1,1432,117,True,
2025-08-29T23:38:09.867359,empathy,qwen2.5-coder-14b-instruct,551,1,1533,145,True,
2025-08-29T23:38:11.609322,bridge,qwen2.5-coder-14b-instruct,796,1,1740,189,True,
2025-08-29T23:38:21.712743,generate,qwen2.5-coder-14b-instruct,2237,281,10100,543,True,
2025-08-29T23:38:23.487849,kindness,qwen2.5-coder-14b-instruct,576,1,1773,151,True,
2025-08-29T23:38:24.920642,toxicity,qwen2.5-coder-14b-instruct,445,1,1431,121,True,
2025-08-29T23:38:26.354703,empathy,qwen2.5-coder-14b-instruct,568,1,1432,149,True,
2025-08-29T23:38:28.093237,bridge,qwen2.5-coder-14b-instruct,804,1,1737,191,True,
2025-08-29T23:38:39.461926,generate,qwen2.5-coder-14b-instruct,2310,254,11365,580,True,
2025-08-29T23:38:41.199396,kindness,qwen2.5-coder-14b-instruct,549,1,1735,153,True,
2025-08-29T23:38:42.581992,toxicity,qwen2.5-coder-14b-instruct,418,1,1381,123,True,
2025-08-29T23:38:44.274850,empathy,qwen2.5-coder-14b-instruct,541,1,1691,151,True,
2025-08-29T23:38:53.901040,generate,qwen2.5-coder-14b-instruct,2266,257,9623,547,True,
2025-08-29T23:38:55.579837,kindness,qwen2.5-coder-14b-instruct,552,1,1677,148,True,
2025-08-29T23:38:56.969627,toxicity,qwen2.5-coder-14b-instruct,421,1,1388,118,True,
2025-08-29T23:38:58.407033,empathy,qwen2.5-coder-14b-instruct,544,1,1436,146,True,
2025-08-29T23:39:00.144444,bridge,qwen2.5-coder-14b-instruct,769,1,1735,194,True,
2025-08-29T23:39:08.033902,generate,qwen2.5-coder-14b-instruct,2184,214,7886,518,True,
2025-08-29T23:39:09.718826,kindness,qwen2.5-coder-14b-instruct,509,1,1683,137,True,
2025-08-29T23:39:11.105109,toxicity,qwen2.5-coder-14b-instruct,378,1,1384,107,True,
2025-08-29T23:39:12.640409,empathy,qwen2.5-coder-14b-instruct,501,1,1533,135,True,
2025-08-29T23:39:22.155570,generate,qwen2.5-coder-14b-instruct,828,239,8468,272,True,
2025-08-29T23:39:23.833185,kindness,qwen2.5-coder-14b-instruct,555,1,1676,151,True,
2025-08-29T23:39:25.236809,toxicity,qwen2.5-coder-14b-instruct,403,1,1402,118,True,
2025-08-29T23:39:26.633118,empathy,qwen2.5-coder-14b-instruct,547,1,1394,149,True,
2025-08-29T23:39:35.579466,generate,qwen2.5-coder-14b-instruct,1086,309,8943,333,True,
2025-08-29T23:39:37.320626,kindness,qwen2.5-coder-14b-instruct,625,1,1739,150,True,
2025-08-29T23:39:38.750202,toxicity,qwen2.5-coder-14b-instruct,473,1,1428,117,True,
2025-08-29T23:39:40.187725,empathy,qwen2.5-coder-14b-instruct,617,1,1436,148,True,
2025-08-29T23:39:41.928488,bridge,qwen2.5-coder-14b-instruct,805,1,1739,187,True,
2025-08-29T23:39:52.168622,generate,qwen2.5-coder-14b-instruct,1411,326,10237,389,True,
2025-08-29T23:39:53.909463,kindness,qwen2.5-coder-14b-instruct,642,1,1739,158,True,
2025-08-29T23:39:55.343057,toxicity,qwen2.5-coder-14b-instruct,490,1,1432,125,True,
2025-08-29T23:39:57.084214,empathy,qwen2.5-coder-14b-instruct,634,1,1739,156,True,
2025-08-29T23:39:58.779593,bridge,qwen2.5-coder-14b-instruct,892,1,1693,194,True,
2025-08-29T23:40:07.525643,generate,qwen2.5-coder-14b-instruct,1727,245,8743,424,True,
2025-08-29T23:40:09.268600,kindness,qwen2.5-coder-14b-instruct,561,1,1741,148,True,
2025-08-29T23:40:10.703837,toxicity,qwen2.5-coder-14b-instruct,409,1,1433,115,True,
2025-08-29T23:40:12.137165,empathy,qwen2.5-coder-14b-instruct,553,1,1431,146,True,
2025-08-29T23:40:13.877846,bridge,qwen2.5-coder-14b-instruct,828,1,1739,192,True,
2025-08-29T23:40:21.862859,generate,qwen2.5-coder-14b-instruct,2006,212,7981,478,True,
2025-08-29T23:40:23.606209,kindness,qwen2.5-coder-14b-instruct,528,1,1741,140,True,
2025-08-29T23:40:25.037262,toxicity,qwen2.5-coder-14b-instruct,376,1,1429,107,True,
2025-08-29T23:40:26.453810,empathy,qwen2.5-coder-14b-instruct,520,1,1415,138,True,
2025-08-29T23:40:37.738374,generate,qwen2.5-coder-14b-instruct,2215,345,11281,527,True,
2025-08-29T23:40:39.478681,kindness,qwen2.5-coder-14b-instruct,661,1,1738,162,True,
2025-08-29T23:40:40.888144,toxicity,qwen2.5-coder-14b-instruct,509,1,1408,129,True,
2025-08-29T23:40:42.649894,empathy,qwen2.5-coder-14b-instruct,653,1,1760,160,True,
2025-08-29T23:40:51.969974,generate,qwen2.5-coder-14b-instruct,2327,261,9317,525,True,
2025-08-29T23:40:53.712520,kindness,qwen2.5-coder-14b-instruct,577,1,1741,149,True,
2025-08-29T23:40:55.146180,toxicity,qwen2.5-coder-14b-instruct,425,1,1432,116,True,
2025-08-29T23:40:56.580765,empathy,qwen2.5-coder-14b-instruct,569,1,1433,147,True,
2025-08-29T23:41:07.022210,generate,qwen2.5-coder-14b-instruct,2302,263,10438,552,True,
2025-08-29T23:41:08.710151,kindness,qwen2.5-coder-14b-instruct,579,1,1686,156,True,
2025-08-29T23:41:10.199986,toxicity,qwen2.5-coder-14b-instruct,427,1,1488,123,True,
2025-08-29T23:41:11.873082,empathy,qwen2.5-coder-14b-instruct,571,1,1671,154,True,
2025-08-29T23:41:24.278765,generate,qwen2.5-coder-14b-instruct,2266,325,12402,588,True,
2025-08-29T23:41:26.012200,kindness,qwen2.5-coder-14b-instruct,641,1,1731,164,True,
2025-08-29T23:41:27.448749,toxicity,qwen2.5-coder-14b-instruct,489,1,1435,131,True,
2025-08-29T23:41:29.189201,empathy,qwen2.5-coder-14b-instruct,633,1,1739,162,True,
2025-08-29T23:53:39.753887,generate,qwen2.5-coder-14b-instruct,2301,0,730561,0,False,"Request error: HTTPConnectionPool(host='localhost', port=1234): Read timed out. (read timeout=60)"
2025-08-29T23:53:41.314768,kindness,qwen2.5-coder-14b-instruct,346,1,1559,109,True,
2025-08-29T23:53:42.649315,toxicity,qwen2.5-coder-14b-instruct,194,1,1333,76,True,
2025-08-29T23:53:44.082884,empathy,qwen2.5-coder-14b-instruct,338,1,1432,107,True,
2025-08-29T23:53:45.745457,bridge,qwen2.5-coder-14b-instruct,615,1,1661,161,True,
2025-08-29T23:53:53.913514,generate,qwen2.5-coder-14b-instruct,859,223,8150,293,True,
2025-08-29T23:53:55.591354,kindness,qwen2.5-coder-14b-instruct,539,1,1676,148,True,
2025-08-29T23:53:56.984930,toxicity,qwen2.5-coder-14b-instruct,387,1,1392,115,True,
2025-08-29T23:53:58.420014,empathy,qwen2.5-coder-14b-instruct,531,1,1433,146,True,
2025-08-29T23:54:06.201003,generate,qwen2.5-coder-14b-instruct,1071,154,7777,340,True,
2025-08-29T23:54:07.938661,kindness,qwen2.5-coder-14b-instruct,470,1,1736,142,True,
2025-08-29T23:54:09.374408,toxicity,qwen2.5-coder-14b-instruct,318,1,1434,109,True,
2025-08-29T23:54:10.809730,empathy,qwen2.5-coder-14b-instruct,462,1,1433,140,True,
2025-08-29T23:54:22.275690,generate,qwen2.5-coder-14b-instruct,1267,315,11462,426,True,
2025-08-29T23:54:23.944564,kindness,qwen2.5-coder-14b-instruct,631,1,1667,166,True,
2025-08-29T23:54:25.347802,toxicity,qwen2.5-coder-14b-instruct,479,1,1401,133,True,
2025-08-29T23:54:27.090207,empathy,qwen2.5-coder-14b-instruct,623,1,1741,164,True,
2025-08-29T23:54:28.831891,bridge,qwen2.5-coder-14b-instruct,726,1,1740,194,True,
2025-08-29T23:54:37.637387,generate,qwen2.5-coder-14b-instruct,1545,254,8802,423,True,
2025-08-29T23:54:39.374948,kindness,qwen2.5-coder-14b-instruct,570,1,1736,148,True,
2025-08-29T23:54:40.811579,toxicity,qwen2.5-coder-14b-instruct,418,1,1435,115,True,
2025-08-29T23:54:42.244897,empathy,qwen2.5-coder-14b-instruct,562,1,1431,146,True,
2025-08-29T23:54:53.446264,generate,qwen2.5-coder-14b-instruct,1821,293,11198,486,True,
2025-08-29T23:54:55.153015,kindness,qwen2.5-coder-14b-instruct,609,1,1705,163,True,
2025-08-29T23:54:56.668639,toxicity,qwen2.5-coder-14b-instruct,457,1,1514,130,True,
2025-08-29T23:54:58.625893,empathy,qwen2.5-coder-14b-instruct,601,1,1955,161,True,
2025-08-29T23:55:00.368334,bridge,qwen2.5-coder-14b-instruct,805,1,1741,198,True,
2025-08-29T23:55:09.011873,generate,qwen2.5-coder-14b-instruct,2137,213,8640,532,True,
2025-08-29T23:55:10.711431,kindness,qwen2.5-coder-14b-instruct,529,1,1698,145,True,
2025-08-29T23:55:12.145679,toxicity,qwen2.5-coder-14b-instruct,377,1,1433,112,True,
2025-08-29T23:55:13.576113,empathy,qwen2.5-coder-14b-instruct,521,1,1429,143,True,
2025-08-29T23:55:24.328114,generate,qwen2.5-coder-14b-instruct,2129,293,10749,554,True,
2025-08-29T23:55:26.013557,kindness,qwen2.5-coder-14b-instruct,609,1,1684,159,True,
2025-08-29T23:55:27.439962,toxicity,qwen2.5-coder-14b-instruct,457,1,1425,126,True,
2025-08-29T23:55:29.245547,empathy,qwen2.5-coder-14b-instruct,601,1,1804,157,True,
2025-08-29T23:55:37.411930,generate,qwen2.5-coder-14b-instruct,2255,194,8163,539,True,
2025-08-29T23:55:39.178419,kindness,qwen2.5-coder-14b-instruct,510,1,1765,142,True,
2025-08-29T23:55:40.612127,toxicity,qwen2.5-coder-14b-instruct,358,1,1432,109,True,
2025-08-29T23:55:42.033390,empathy,qwen2.5-coder-14b-instruct,502,1,1420,140,True,
2025-08-29T23:55:51.566177,generate,qwen2.5-coder-14b-instruct,2163,245,9530,558,True,
2025-08-29T23:55:53.274680,kindness,qwen2.5-coder-14b-instruct,561,1,1707,150,True,
2025-08-29T23:55:54.640580,toxicity,qwen2.5-coder-14b-instruct,409,1,1364,117,True,
2025-08-29T23:55:56.043518,empathy,qwen2.5-coder-14b-instruct,553,1,1401,148,True,
2025-08-29T23:55:57.710028,bridge,qwen2.5-coder-14b-instruct,697,1,1665,179,True,
2025-08-29T23:56:08.067700,generate,qwen2.5-coder-14b-instruct,2168,253,10355,569,True,
2025-08-29T23:56:09.784629,kindness,qwen2.5-coder-14b-instruct,569,1,1715,151,True,
2025-08-29T23:56:11.155646,toxicity,qwen2.5-coder-14b-instruct,417,1,1369,118,True,
2025-08-29T23:56:12.665487,empathy,qwen2.5-coder-14b-instruct,561,1,1508,149,True,
2025-08-29T23:56:14.401732,bridge,qwen2.5-coder-14b-instruct,756,1,1735,188,True,
2025-08-29T23:56:22.390992,generate,qwen2.5-coder-14b-instruct,841,185,6977,292,True,
2025-08-29T23:56:24.058265,kindness,qwen2.5-coder-14b-instruct,487,1,1666,138,True,
2025-08-29T23:56:25.462700,toxicity,qwen2.5-coder-14b-instruct,349,1,1403,107,True,
2025-08-29T23:56:26.871787,empathy,qwen2.5-coder-14b-instruct,479,1,1408,136,True,
2025-08-29T23:56:35.146971,generate,qwen2.5-coder-14b-instruct,1019,207,8273,324,True,
2025-08-29T23:56:36.842942,kindness,qwen2.5-coder-14b-instruct,509,1,1694,144,True,
2025-08-29T23:56:38.198003,toxicity,qwen2.5-coder-14b-instruct,371,1,1354,113,True,
2025-08-29T23:56:39.692705,empathy,qwen2.5-coder-14b-instruct,501,1,1493,142,True,
2025-08-29T23:56:49.765217,generate,qwen2.5-coder-14b-instruct,1227,254,10070,376,True,
2025-08-29T23:56:51.472083,kindness,qwen2.5-coder-14b-instruct,556,1,1705,156,True,
2025-08-29T23:56:52.905302,toxicity,qwen2.5-coder-14b-instruct,418,1,1432,125,True,
2025-08-29T23:56:54.570721,empathy,qwen2.5-coder-14b-instruct,548,1,1664,154,True,
2025-08-29T23:57:04.634821,generate,qwen2.5-coder-14b-instruct,1500,252,10062,439,True,
2025-08-29T23:57:06.291241,kindness,qwen2.5-coder-14b-instruct,554,1,1655,155,True,
2025-08-29T23:57:07.753710,toxicity,qwen2.5-coder-14b-instruct,416,1,1461,124,True,
2025-08-29T23:57:09.493466,empathy,qwen2.5-coder-14b-instruct,546,1,1738,153,True,
2025-08-29T23:57:19.633425,generate,qwen2.5-coder-14b-instruct,1771,273,10138,496,True,
2025-08-29T23:57:21.369012,kindness,qwen2.5-coder-14b-instruct,575,1,1734,153,True,
2025-08-29T23:57:22.805041,toxicity,qwen2.5-coder-14b-instruct,437,1,1435,122,True,
2025-08-29T23:57:24.546659,empathy,qwen2.5-coder-14b-instruct,567,1,1740,151,True,
2025-08-29T23:57:26.251884,bridge,qwen2.5-coder-14b-instruct,782,1,1704,199,True,
2025-08-29T23:57:35.390835,generate,qwen2.5-coder-14b-instruct,2032,242,9137,519,True,
2025-08-29T23:57:37.049326,kindness,qwen2.5-coder-14b-instruct,544,1,1657,146,True,
2025-08-29T23:57:38.472232,toxicity,qwen2.5-coder-14b-instruct,406,1,1422,115,True,
2025-08-29T23:57:39.867955,empathy,qwen2.5-coder-14b-instruct,536,1,1395,144,True,
2025-08-29T23:57:50.759622,generate,qwen2.5-coder-14b-instruct,2120,361,10890,555,True,
2025-08-29T23:57:52.500498,kindness,qwen2.5-coder-14b-instruct,663,1,1740,157,True,
2025-08-29T23:57:53.944229,toxicity,qwen2.5-coder-14b-instruct,525,1,1443,126,True,
2025-08-29T23:57:55.634620,empathy,qwen2.5-coder-14b-instruct,655,1,1689,155,True,
2025-08-29T23:57:57.345573,bridge,qwen2.5-coder-14b-instruct,860,1,1710,193,True,
2025-08-29T23:58:07.002616,generate,qwen2.5-coder-14b-instruct,2272,284,9655,556,True,
2025-08-29T23:58:08.680232,kindness,qwen2.5-coder-14b-instruct,586,1,1676,149,True,
2025-08-29T23:58:10.113709,toxicity,qwen2.5-coder-14b-instruct,448,1,1432,118,True,
2025-08-29T23:58:11.512509,empathy,qwen2.5-coder-14b-instruct,578,1,1398,147,True,
2025-08-29T23:58:13.286834,bridge,qwen2.5-coder-14b-instruct,902,1,1773,196,True,
2025-08-29T23:58:23.525576,generate,qwen2.5-coder-14b-instruct,2335,229,10237,582,True,
2025-08-29T23:58:25.268108,kindness,qwen2.5-coder-14b-instruct,531,1,1741,143,True,
2025-08-29T23:58:26.619009,toxicity,qwen2.5-coder-14b-instruct,393,1,1350,112,True,
2025-08-29T23:58:28.024415,empathy,qwen2.5-coder-14b-instruct,523,1,1404,141,True,
2025-08-29T23:58:29.687985,bridge,qwen2.5-coder-14b-instruct,771,1,1662,183,True,
2025-08-29T23:58:39.296547,generate,qwen2.5-coder-14b-instruct,2310,229,9607,565,True,
2025-08-29T23:58:41.041819,kindness,qwen2.5-coder-14b-instruct,531,1,1744,143,True,
2025-08-29T23:58:42.400237,toxicity,qwen2.5-coder-14b-instruct,393,1,1357,112,True,
2025-08-29T23:58:43.903034,empathy,qwen2.5-coder-14b-instruct,523,1,1502,141,True,
2025-08-29T23:58:52.305301,generate,qwen2.5-coder-14b-instruct,816,244,8400,272,True,
2025-08-29T23:58:54.042935,kindness,qwen2.5-coder-14b-instruct,539,1,1736,147,True,
2025-08-29T23:58:55.488646,toxicity,qwen2.5-coder-14b-instruct,408,1,1445,117,True,
2025-08-29T23:58:56.911658,empathy,qwen2.5-coder-14b-instruct,531,1,1422,145,True,
2025-08-29T23:59:05.517010,generate,qwen2.5-coder-14b-instruct,1051,237,8604,314,True,
2025-08-29T23:59:07.232455,kindness,qwen2.5-coder-14b-instruct,532,1,1714,145,True,
2025-08-29T23:59:08.685229,toxicity,qwen2.5-coder-14b-instruct,401,1,1452,115,True,
2025-08-29T23:59:10.118572,empathy,qwen2.5-coder-14b-instruct,524,1,1432,143,True,
2025-08-29T23:59:17.799073,generate,qwen2.5-coder-14b-instruct,1326,235,7679,368,True,
2025-08-29T23:59:19.446085,kindness,qwen2.5-coder-14b-instruct,530,1,1646,138,True,
2025-08-29T23:59:20.789771,toxicity,qwen2.5-coder-14b-instruct,399,1,1343,108,True,
2025-08-29T23:59:22.302119,empathy,qwen2.5-coder-14b-instruct,522,1,1511,136,True,
2025-08-29T23:59:37.211369,generate,qwen2.5-coder-14b-instruct,1607,424,14907,490,True,
2025-08-29T23:59:38.994513,kindness,qwen2.5-coder-14b-instruct,719,1,1782,184,True,
2025-08-29T23:59:40.735656,toxicity,qwen2.5-coder-14b-instruct,588,1,1740,154,True,
2025-08-29T23:59:42.477219,empathy,qwen2.5-coder-14b-instruct,711,1,1740,182,True,
2025-08-29T23:59:50.244683,generate,qwen2.5-coder-14b-instruct,2019,226,7766,512,True,
2025-08-29T23:59:51.999760,kindness,qwen2.5-coder-14b-instruct,521,1,1754,136,True,
2025-08-29T23:59:53.355102,toxicity,qwen2.5-coder-14b-instruct,390,1,1354,106,True,
2025-08-29T23:59:54.833215,empathy,qwen2.5-coder-14b-instruct,513,1,1477,134,True,
2025-08-29T23:59:56.516196,bridge,qwen2.5-coder-14b-instruct,908,1,1682,213,True,
2025-08-30T00:00:05.822363,generate,qwen2.5-coder-14b-instruct,2283,240,9304,571,True,
2025-08-30T00:00:07.561560,kindness,qwen2.5-coder-14b-instruct,535,1,1738,138,True,
2025-08-30T00:00:08.997513,toxicity,qwen2.5-coder-14b-instruct,404,1,1435,108,True,
2025-08-30T00:00:10.429202,empathy,qwen2.5-coder-14b-instruct,527,1,1431,136,True,
2025-08-30T00:00:19.912293,generate,qwen2.5-coder-14b-instruct,2250,205,9481,552,True,
2025-08-30T00:00:21.579045,kindness,qwen2.5-coder-14b-instruct,500,1,1665,147,True,
2025-08-30T00:00:22.984224,toxicity,qwen2.5-coder-14b-instruct,369,1,1404,117,True,
2025-08-30T00:00:24.457792,empathy,qwen2.5-coder-14b-instruct,492,1,1472,145,True,
2025-08-30T00:00:26.137281,bridge,qwen2.5-coder-14b-instruct,702,1,1678,177,True,
2025-08-30T00:00:36.304010,generate,qwen2.5-coder-14b-instruct,2203,313,10165,531,True,
2025-08-30T00:00:37.990067,kindness,qwen2.5-coder-14b-instruct,608,1,1685,152,True,
2025-08-30T00:00:39.409208,toxicity,qwen2.5-coder-14b-instruct,477,1,1418,122,True,
2025-08-30T00:00:40.833806,empathy,qwen2.5-coder-14b-instruct,600,1,1423,150,True,
2025-08-30T00:00:42.586991,bridge,qwen2.5-coder-14b-instruct,775,1,1752,191,True,
2025-08-30T00:00:53.836339,generate,qwen2.5-coder-14b-instruct,2277,348,11247,551,True,
2025-08-30T00:00:55.591715,kindness,qwen2.5-coder-14b-instruct,643,1,1754,158,True,
2025-08-30T00:00:56.978581,toxicity,qwen2.5-coder-14b-instruct,512,1,1386,128,True,
2025-08-30T00:00:58.662201,empathy,qwen2.5-coder-14b-instruct,635,1,1682,156,True,
2025-08-30T00:01:10.745434,generate,qwen2.5-coder-14b-instruct,2221,292,12081,552,True,
2025-08-30T00:01:12.379842,kindness,qwen2.5-coder-14b-instruct,587,1,1633,164,True,
2025-08-30T00:01:13.768781,toxicity,qwen2.5-coder-14b-instruct,456,1,1388,134,True,
2025-08-30T00:01:15.453093,empathy,qwen2.5-coder-14b-instruct,579,1,1683,162,True,
2025-08-30T00:01:17.194816,bridge,qwen2.5-coder-14b-instruct,897,1,1741,214,True,
2025-08-30T00:01:25.858523,generate,qwen2.5-coder-14b-instruct,846,214,7656,285,True,
2025-08-30T00:01:27.536347,kindness,qwen2.5-coder-14b-instruct,526,1,1677,141,True,
2025-08-30T00:01:28.902057,toxicity,qwen2.5-coder-14b-instruct,378,1,1365,112,True,
2025-08-30T00:01:30.406374,empathy,qwen2.5-coder-14b-instruct,518,1,1503,139,True,
2025-08-30T00:01:39.724806,generate,qwen2.5-coder-14b-instruct,1034,272,9317,313,True,
2025-08-30T00:01:41.424393,kindness,qwen2.5-coder-14b-instruct,584,1,1698,149,True,
2025-08-30T00:01:42.795455,toxicity,qwen2.5-coder-14b-instruct,436,1,1370,120,True,
2025-08-30T00:01:44.228884,empathy,qwen2.5-coder-14b-instruct,576,1,1432,147,True,
2025-08-30T00:01:45.911858,bridge,qwen2.5-coder-14b-instruct,744,1,1682,186,True,
2025-08-30T00:01:54.392582,generate,qwen2.5-coder-14b-instruct,1360,237,8479,398,True,
2025-08-30T00:01:56.088331,kindness,qwen2.5-coder-14b-instruct,549,1,1695,143,True,
2025-08-30T00:01:57.445298,toxicity,qwen2.5-coder-14b-instruct,401,1,1356,114,True,
2025-08-30T00:01:58.970300,empathy,qwen2.5-coder-14b-instruct,541,1,1524,141,True,
2025-08-30T00:02:09.861738,generate,qwen2.5-coder-14b-instruct,1572,327,10890,422,True,
2025-08-30T00:02:11.532614,kindness,qwen2.5-coder-14b-instruct,639,1,1670,159,True,
2025-08-30T00:02:12.930253,toxicity,qwen2.5-coder-14b-instruct,491,1,1396,130,True,
2025-08-30T00:02:14.640778,empathy,qwen2.5-coder-14b-instruct,631,1,1709,157,True,
2025-08-30T00:02:22.628918,generate,qwen2.5-coder-14b-instruct,1937,217,7986,479,True,
2025-08-30T00:02:24.366274,kindness,qwen2.5-coder-14b-instruct,529,1,1736,136,True,
2025-08-30T00:02:25.720283,toxicity,qwen2.5-coder-14b-instruct,381,1,1353,107,True,
2025-08-30T00:02:27.130836,empathy,qwen2.5-coder-14b-instruct,521,1,1409,134,True,
2025-08-30T00:02:28.877353,bridge,qwen2.5-coder-14b-instruct,801,1,1745,189,True,
2025-08-30T00:02:39.910077,generate,qwen2.5-coder-14b-instruct,2177,365,11031,540,True,
2025-08-30T00:02:41.570984,kindness,qwen2.5-coder-14b-instruct,677,1,1660,157,True,
2025-08-30T00:02:43.001701,toxicity,qwen2.5-coder-14b-instruct,529,1,1430,128,True,
2025-08-30T00:02:44.747506,empathy,qwen2.5-coder-14b-instruct,669,1,1745,155,True,
2025-08-30T00:02:59.096582,generate,qwen2.5-coder-14b-instruct,2355,355,14347,602,True,
2025-08-30T00:03:00.822129,kindness,qwen2.5-coder-14b-instruct,667,1,1724,170,True,
2025-08-30T00:03:02.358085,toxicity,qwen2.5-coder-14b-instruct,519,1,1535,141,True,
2025-08-30T00:03:04.054962,empathy,qwen2.5-coder-14b-instruct,659,1,1696,168,True,
2025-08-30T00:03:05.796366,bridge,qwen2.5-coder-14b-instruct,977,1,1740,221,True,
2025-08-30T00:03:17.897739,generate,qwen2.5-coder-14b-instruct,2398,310,12100,569,True,
2025-08-30T00:03:19.533734,kindness,qwen2.5-coder-14b-instruct,622,1,1635,163,True,
2025-08-30T00:03:20.919068,toxicity,qwen2.5-coder-14b-instruct,474,1,1384,134,True,
2025-08-30T00:03:22.634268,empathy,qwen2.5-coder-14b-instruct,614,1,1714,161,True,
2025-08-30T00:03:24.370780,bridge,qwen2.5-coder-14b-instruct,921,1,1735,227,True,
2025-08-30T00:03:35.510241,generate,qwen2.5-coder-14b-instruct,2468,286,11138,585,True,
2025-08-30T00:03:37.176550,kindness,qwen2.5-coder-14b-instruct,598,1,1665,148,True,
2025-08-30T00:03:38.607318,toxicity,qwen2.5-coder-14b-instruct,450,1,1430,119,True,
2025-08-30T00:03:40.148988,empathy,qwen2.5-coder-14b-instruct,590,1,1541,146,True,
2025-08-30T00:03:55.557212,generate,qwen2.5-coder-14b-instruct,2468,425,15406,640,True,
2025-08-30T00:03:57.260221,kindness,qwen2.5-coder-14b-instruct,737,1,1702,178,True,
2025-08-30T00:03:58.674696,toxicity,qwen2.5-coder-14b-instruct,589,1,1413,149,True,
2025-08-30T00:04:00.418330,empathy,qwen2.5-coder-14b-instruct,729,1,1742,176,True,
2025-08-30T00:04:02.121274,bridge,qwen2.5-coder-14b-instruct,970,1,1702,221,True,
2025-08-30T00:04:13.220791,generate,qwen2.5-coder-14b-instruct,866,284,11088,323,True,
2025-08-30T00:04:14.957343,kindness,qwen2.5-coder-14b-instruct,595,1,1735,163,True,
2025-08-30T00:04:16.341645,toxicity,qwen2.5-coder-14b-instruct,448,1,1383,132,True,
2025-08-30T00:04:18.039110,empathy,qwen2.5-coder-14b-instruct,587,1,1696,161,True,
2025-08-30T00:04:28.129879,generate,qwen2.5-coder-14b-instruct,1140,284,10089,376,True,
2025-08-30T00:04:29.817881,kindness,qwen2.5-coder-14b-instruct,595,1,1687,156,True,
2025-08-30T00:04:31.240790,toxicity,qwen2.5-coder-14b-instruct,448,1,1422,125,True,
2025-08-30T00:04:32.897307,empathy,qwen2.5-coder-14b-instruct,587,1,1655,154,True,
2025-08-30T00:04:34.542585,bridge,qwen2.5-coder-14b-instruct,826,1,1644,210,True,
2025-08-30T00:04:44.553566,generate,qwen2.5-coder-14b-instruct,1416,308,10009,400,True,
2025-08-30T00:04:46.296459,kindness,qwen2.5-coder-14b-instruct,619,1,1742,155,True,
2025-08-30T00:04:47.691623,toxicity,qwen2.5-coder-14b-instruct,472,1,1394,124,True,
2025-08-30T00:04:49.437295,empathy,qwen2.5-coder-14b-instruct,611,1,1745,153,True,
2025-08-30T00:04:58.924964,generate,qwen2.5-coder-14b-instruct,1740,265,9486,464,True,
2025-08-30T00:05:00.628733,kindness,qwen2.5-coder-14b-instruct,576,1,1703,149,True,
2025-08-30T00:05:01.977644,toxicity,qwen2.5-coder-14b-instruct,429,1,1348,118,True,
2025-08-30T00:05:03.492152,empathy,qwen2.5-coder-14b-instruct,568,1,1513,147,True,
2025-08-30T00:05:13.227926,generate,qwen2.5-coder-14b-instruct,2014,279,9734,503,True,
2025-08-30T00:05:15.069621,kindness,qwen2.5-coder-14b-instruct,590,1,1841,150,True,
2025-08-30T00:05:16.484851,toxicity,qwen2.5-coder-14b-instruct,443,1,1414,119,True,
2025-08-30T00:05:17.901505,empathy,qwen2.5-coder-14b-instruct,582,1,1416,148,True,
2025-08-30T00:05:31.142976,generate,qwen2.5-coder-14b-instruct,2327,419,13240,586,True,
2025-08-30T00:05:32.843061,kindness,qwen2.5-coder-14b-instruct,730,1,1699,169,True,
2025-08-30T00:05:34.258434,toxicity,qwen2.5-coder-14b-instruct,583,1,1414,138,True,
2025-08-30T00:05:35.921440,empathy,qwen2.5-coder-14b-instruct,722,1,1662,167,True,
2025-08-30T00:05:47.374699,generate,qwen2.5-coder-14b-instruct,2438,330,11451,570,True,
2025-08-30T00:05:49.052963,kindness,qwen2.5-coder-14b-instruct,641,1,1677,161,True,
2025-08-30T00:05:50.463642,toxicity,qwen2.5-coder-14b-instruct,494,1,1410,130,True,
2025-08-30T00:05:52.240848,empathy,qwen2.5-coder-14b-instruct,633,1,1776,159,True,
2025-08-30T00:05:53.953299,bridge,qwen2.5-coder-14b-instruct,1006,1,1711,220,True,
2025-08-30T00:06:05.077981,generate,qwen2.5-coder-14b-instruct,2490,362,11123,570,True,
2025-08-30T00:06:06.734272,kindness,qwen2.5-coder-14b-instruct,673,1,1655,159,True,
2025-08-30T00:06:08.123093,toxicity,qwen2.5-coder-14b-instruct,526,1,1388,128,True,
2025-08-30T00:06:09.847591,empathy,qwen2.5-coder-14b-instruct,665,1,1723,157,True,
2025-08-30T00:06:20.372671,generate,qwen2.5-coder-14b-instruct,2560,248,10523,594,True,
2025-08-30T00:06:22.042002,kindness,qwen2.5-coder-14b-instruct,559,1,1668,148,True,
2025-08-30T00:06:23.469219,toxicity,qwen2.5-coder-14b-instruct,412,1,1426,117,True,
2025-08-30T00:06:24.900641,empathy,qwen2.5-coder-14b-instruct,551,1,1430,146,True,
2025-08-30T00:06:36.373308,generate,qwen2.5-coder-14b-instruct,2515,303,11471,570,True,
2025-08-30T00:06:38.043997,kindness,qwen2.5-coder-14b-instruct,614,1,1669,160,True,
2025-08-30T00:06:39.542004,toxicity,qwen2.5-coder-14b-instruct,467,1,1497,129,True,
2025-08-30T00:06:41.205702,empathy,qwen2.5-coder-14b-instruct,606,1,1663,158,True,
2025-08-30T00:06:42.895638,bridge,qwen2.5-coder-14b-instruct,808,1,1689,198,True,
2025-08-30T00:06:51.215098,generate,qwen2.5-coder-14b-instruct,798,192,7308,269,True,
2025-08-30T00:06:52.652094,kindness,qwen2.5-coder-14b-instruct,456,1,1436,131,True,
2025-08-30T00:06:54.086275,toxicity,qwen2.5-coder-14b-instruct,356,1,1433,109,True,
2025-08-30T00:06:55.518951,empathy,qwen2.5-coder-14b-instruct,448,1,1432,129,True,
2025-08-30T00:07:05.409637,generate,qwen2.5-coder-14b-instruct,966,277,9889,307,True,
2025-08-30T00:07:07.221427,kindness,qwen2.5-coder-14b-instruct,541,1,1811,151,True,
2025-08-30T00:07:08.616716,toxicity,qwen2.5-coder-14b-instruct,441,1,1394,128,True,
2025-08-30T00:07:10.020565,empathy,qwen2.5-coder-14b-instruct,533,1,1403,148,True,
2025-08-30T00:07:19.723832,generate,qwen2.5-coder-14b-instruct,1290,277,9702,399,True,
2025-08-30T00:07:21.414958,kindness,qwen2.5-coder-14b-instruct,541,1,1690,144,True,
2025-08-30T00:07:22.796788,toxicity,qwen2.5-coder-14b-instruct,441,1,1381,122,True,
2025-08-30T00:07:24.210681,empathy,qwen2.5-coder-14b-instruct,533,1,1413,142,True,
2025-08-30T00:07:25.928123,bridge,qwen2.5-coder-14b-instruct,813,1,1716,204,True,
2025-08-30T00:07:37.195094,generate,qwen2.5-coder-14b-instruct,1566,372,11265,439,True,
2025-08-30T00:07:38.850832,kindness,qwen2.5-coder-14b-instruct,636,1,1655,155,True,
2025-08-30T00:07:40.236858,toxicity,qwen2.5-coder-14b-instruct,536,1,1385,133,True,
2025-08-30T00:07:41.903452,empathy,qwen2.5-coder-14b-instruct,628,1,1665,153,True,
2025-08-30T00:07:43.608547,bridge,qwen2.5-coder-14b-instruct,906,1,1704,208,True,
2025-08-30T00:07:52.699114,generate,qwen2.5-coder-14b-instruct,1962,191,9089,499,True,
2025-08-30T00:07:54.394531,kindness,qwen2.5-coder-14b-instruct,455,1,1694,138,True,
2025-08-30T00:07:55.753250,toxicity,qwen2.5-coder-14b-instruct,355,1,1358,116,True,
2025-08-30T00:07:57.179844,empathy,qwen2.5-coder-14b-instruct,447,1,1425,136,True,
2025-08-30T00:07:58.876289,bridge,qwen2.5-coder-14b-instruct,820,1,1695,201,True,
2025-08-30T00:08:10.781988,generate,qwen2.5-coder-14b-instruct,2167,310,11904,574,True,
2025-08-30T00:08:12.527062,kindness,qwen2.5-coder-14b-instruct,574,1,1744,154,True,
2025-08-30T00:08:13.918542,toxicity,qwen2.5-coder-14b-instruct,474,1,1390,132,True,
2025-08-30T00:08:15.577999,empathy,qwen2.5-coder-14b-instruct,566,1,1658,152,True,
2025-08-30T00:08:17.270949,bridge,qwen2.5-coder-14b-instruct,758,1,1692,200,True,
2025-08-30T00:08:29.776961,generate,qwen2.5-coder-14b-instruct,2266,262,12504,581,True,
2025-08-30T00:08:31.466675,kindness,qwen2.5-coder-14b-instruct,526,1,1688,155,True,
2025-08-30T00:08:32.901966,toxicity,qwen2.5-coder-14b-instruct,426,1,1434,133,True,
2025-08-30T00:08:34.569743,empathy,qwen2.5-coder-14b-instruct,518,1,1667,153,True,
2025-08-30T00:08:36.263759,bridge,qwen2.5-coder-14b-instruct,829,1,1693,217,True,
2025-08-30T00:08:47.325039,generate,qwen2.5-coder-14b-instruct,2247,277,11059,569,True,
2025-08-30T00:08:49.023022,kindness,qwen2.5-coder-14b-instruct,541,1,1697,149,True,
2025-08-30T00:08:50.509683,toxicity,qwen2.5-coder-14b-instruct,441,1,1486,127,True,
2025-08-30T00:08:51.904923,empathy,qwen2.5-coder-14b-instruct,533,1,1394,147,True,
2025-08-30T00:08:53.583793,bridge,qwen2.5-coder-14b-instruct,797,1,1678,213,True,
2025-08-30T00:09:05.053275,generate,qwen2.5-coder-14b-instruct,2258,254,11468,573,True,
2025-08-30T00:09:06.880234,kindness,qwen2.5-coder-14b-instruct,518,1,1826,147,True,
2025-08-30T00:09:08.267093,toxicity,qwen2.5-coder-14b-instruct,418,1,1386,124,True,
2025-08-30T00:09:09.671452,empathy,qwen2.5-coder-14b-instruct,510,1,1403,144,True,
2025-08-30T00:09:19.185914,generate,qwen2.5-coder-14b-instruct,2130,217,9513,557,True,
2025-08-30T00:09:20.969573,kindness,qwen2.5-coder-14b-instruct,481,1,1782,141,True,
2025-08-30T00:09:22.320026,toxicity,qwen2.5-coder-14b-instruct,381,1,1349,118,True,
2025-08-30T00:09:23.792943,empathy,qwen2.5-coder-14b-instruct,473,1,1472,138,True,
2025-08-30T00:09:25.636149,bridge,qwen2.5-coder-14b-instruct,728,1,1842,195,True,
2025-08-30T00:09:35.774105,generate,qwen2.5-coder-14b-instruct,867,341,10136,324,True,
2025-08-30T00:09:37.425247,kindness,qwen2.5-coder-14b-instruct,643,1,1650,156,True,
2025-08-30T00:09:38.798589,toxicity,qwen2.5-coder-14b-instruct,505,1,1372,125,True,
2025-08-30T00:09:40.483875,empathy,qwen2.5-coder-14b-instruct,635,1,1684,154,True,
2025-08-30T00:09:50.821816,generate,qwen2.5-coder-14b-instruct,1172,343,10336,364,True,
2025-08-30T00:09:52.566787,kindness,qwen2.5-coder-14b-instruct,645,1,1744,157,True,
2025-08-30T00:09:54.000453,toxicity,qwen2.5-coder-14b-instruct,507,1,1433,126,True,
2025-08-30T00:09:55.741312,empathy,qwen2.5-coder-14b-instruct,637,1,1740,155,True,
2025-08-30T00:09:57.415195,bridge,qwen2.5-coder-14b-instruct,941,1,1673,203,True,
2025-08-30T00:10:04.952853,generate,qwen2.5-coder-14b-instruct,1541,175,7536,410,True,
2025-08-30T00:10:06.598572,kindness,qwen2.5-coder-14b-instruct,477,1,1645,138,True,
2025-08-30T00:10:07.942684,toxicity,qwen2.5-coder-14b-instruct,339,1,1343,107,True,
2025-08-30T00:10:09.462114,empathy,qwen2.5-coder-14b-instruct,469,1,1518,136,True,
2025-08-30T00:10:20.300287,generate,qwen2.5-coder-14b-instruct,1697,333,10836,437,True,
2025-08-30T00:10:21.965769,kindness,qwen2.5-coder-14b-instruct,635,1,1664,160,True,
2025-08-30T00:10:23.387720,toxicity,qwen2.5-coder-14b-instruct,497,1,1421,129,True,
2025-08-30T00:10:25.117149,empathy,qwen2.5-coder-14b-instruct,627,1,1728,158,True,
2025-08-30T00:10:26.870007,bridge,qwen2.5-coder-14b-instruct,766,1,1752,189,True,
2025-08-30T00:10:38.196841,generate,qwen2.5-coder-14b-instruct,2055,352,11325,499,True,
2025-08-30T00:10:39.980286,kindness,qwen2.5-coder-14b-instruct,654,1,1782,161,True,
2025-08-30T00:10:41.411724,toxicity,qwen2.5-coder-14b-instruct,516,1,1430,130,True,
2025-08-30T00:10:43.104767,empathy,qwen2.5-coder-14b-instruct,646,1,1692,159,True,
2025-08-30T00:10:53.471073,generate,qwen2.5-coder-14b-instruct,2417,286,10365,555,True,
2025-08-30T00:10:55.142346,kindness,qwen2.5-coder-14b-instruct,588,1,1670,154,True,
2025-08-30T00:10:56.561292,toxicity,qwen2.5-coder-14b-instruct,450,1,1418,123,True,
2025-08-30T00:10:58.199911,empathy,qwen2.5-coder-14b-instruct,580,1,1638,152,True,
2025-08-30T00:11:09.772265,generate,qwen2.5-coder-14b-instruct,2358,325,11571,556,True,
2025-08-30T00:11:11.619191,kindness,qwen2.5-coder-14b-instruct,627,1,1846,164,True,
2025-08-30T00:11:13.002017,toxicity,qwen2.5-coder-14b-instruct,489,1,1382,132,True,
2025-08-30T00:11:14.720536,empathy,qwen2.5-coder-14b-instruct,619,1,1717,161,True,
2025-08-30T00:11:24.560785,generate,qwen2.5-coder-14b-instruct,2335,221,9838,550,True,
2025-08-30T00:11:26.260586,kindness,qwen2.5-coder-14b-instruct,523,1,1698,151,True,
2025-08-30T00:11:27.690127,toxicity,qwen2.5-coder-14b-instruct,385,1,1428,120,True,
2025-08-30T00:11:29.095845,empathy,qwen2.5-coder-14b-instruct,515,1,1405,149,True,
2025-08-30T00:11:30.777851,bridge,qwen2.5-coder-14b-instruct,802,1,1681,204,True,
2025-08-30T00:11:41.213452,generate,qwen2.5-coder-14b-instruct,2405,277,10434,576,True,
2025-08-30T00:11:42.948140,kindness,qwen2.5-coder-14b-instruct,579,1,1733,146,True,
2025-08-30T00:11:44.296324,toxicity,qwen2.5-coder-14b-instruct,441,1,1347,115,True,
2025-08-30T00:11:45.702295,empathy,qwen2.5-coder-14b-instruct,571,1,1405,144,True,
2025-08-30T00:11:57.799034,generate,qwen2.5-coder-14b-instruct,2342,324,12095,569,True,
2025-08-30T00:11:59.540445,kindness,qwen2.5-coder-14b-instruct,626,1,1740,166,True,
2025-08-30T00:12:00.974394,toxicity,qwen2.5-coder-14b-instruct,488,1,1433,135,True,
2025-08-30T00:12:02.714250,empathy,qwen2.5-coder-14b-instruct,618,1,1739,164,True,
2025-08-30T00:12:11.316269,generate,qwen2.5-coder-14b-instruct,808,191,7592,257,True,
2025-08-30T00:12:12.961133,kindness,qwen2.5-coder-14b-instruct,487,1,1644,135,True,
2025-08-30T00:12:14.314990,toxicity,qwen2.5-coder-14b-instruct,355,1,1353,111,True,
2025-08-30T00:12:15.715736,empathy,qwen2.5-coder-14b-instruct,479,1,1400,134,True,
2025-08-30T00:12:27.801889,generate,qwen2.5-coder-14b-instruct,1028,306,12084,361,True,
2025-08-30T00:12:29.543585,kindness,qwen2.5-coder-14b-instruct,602,1,1740,162,True,
2025-08-30T00:12:30.952317,toxicity,qwen2.5-coder-14b-instruct,470,1,1408,138,True,
2025-08-30T00:12:32.720213,empathy,qwen2.5-coder-14b-instruct,594,1,1767,161,True,
2025-08-30T00:12:40.089855,generate,qwen2.5-coder-14b-instruct,1319,148,7368,377,True,
2025-08-30T00:12:41.523177,kindness,qwen2.5-coder-14b-instruct,444,1,1432,130,True,
2025-08-30T00:12:42.959206,toxicity,qwen2.5-coder-14b-instruct,312,1,1435,106,True,
2025-08-30T00:12:44.338376,empathy,qwen2.5-coder-14b-instruct,436,1,1378,129,True,
2025-08-30T00:12:46.010689,bridge,qwen2.5-coder-14b-instruct,711,1,1671,196,True,
2025-08-30T00:12:55.229993,generate,qwen2.5-coder-14b-instruct,1494,270,9218,427,True,
2025-08-30T00:12:56.914247,kindness,qwen2.5-coder-14b-instruct,566,1,1683,142,True,
2025-08-30T00:12:58.257532,toxicity,qwen2.5-coder-14b-instruct,434,1,1342,118,True,
2025-08-30T00:12:59.669250,empathy,qwen2.5-coder-14b-instruct,558,1,1411,141,True,
2025-08-30T00:13:01.319967,bridge,qwen2.5-coder-14b-instruct,675,1,1650,176,True,
2025-08-30T00:13:13.786662,generate,qwen2.5-coder-14b-instruct,1809,365,12465,529,True,
2025-08-30T00:13:15.471080,kindness,qwen2.5-coder-14b-instruct,661,1,1683,161,True,
2025-08-30T00:13:16.952020,toxicity,qwen2.5-coder-14b-instruct,529,1,1480,137,True,
2025-08-30T00:13:18.690603,empathy,qwen2.5-coder-14b-instruct,653,1,1737,160,True,
2025-08-30T00:13:20.360200,bridge,qwen2.5-coder-14b-instruct,892,1,1668,207,True,
2025-08-30T00:13:31.800076,generate,qwen2.5-coder-14b-instruct,2150,340,11438,561,True,
2025-08-30T00:13:33.490212,kindness,qwen2.5-coder-14b-instruct,636,1,1689,153,True,
2025-08-30T00:13:34.977709,toxicity,qwen2.5-coder-14b-instruct,504,1,1486,129,True,
2025-08-30T00:13:36.641380,empathy,qwen2.5-coder-14b-instruct,628,1,1663,152,True,
2025-08-30T00:13:38.352978,bridge,qwen2.5-coder-14b-instruct,963,1,1710,218,True,
2025-08-30T00:13:52.718273,generate,qwen2.5-coder-14b-instruct,2301,380,14363,598,True,
2025-08-30T00:13:54.427825,kindness,qwen2.5-coder-14b-instruct,676,1,1708,167,True,
2025-08-30T00:13:55.866770,toxicity,qwen2.5-coder-14b-instruct,544,1,1438,143,True,
2025-08-30T00:13:57.608601,empathy,qwen2.5-coder-14b-instruct,668,1,1741,166,True,
2025-08-30T00:14:08.605425,generate,qwen2.5-coder-14b-instruct,2358,340,10995,567,True,
2025-08-30T00:14:10.286690,kindness,qwen2.5-coder-14b-instruct,636,1,1680,151,True,
2025-08-30T00:14:11.736316,toxicity,qwen2.5-coder-14b-instruct,504,1,1449,127,True,
2025-08-30T00:14:13.069078,empathy,qwen2.5-coder-14b-instruct,628,1,1332,150,True,
2025-08-30T00:14:26.021920,generate,qwen2.5-coder-14b-instruct,2586,356,12951,629,True,
2025-08-30T00:14:27.707917,kindness,qwen2.5-coder-14b-instruct,652,1,1685,157,True,
2025-08-30T00:14:29.094722,toxicity,qwen2.5-coder-14b-instruct,520,1,1386,133,True,
2025-08-30T00:14:30.782293,empathy,qwen2.5-coder-14b-instruct,644,1,1686,156,True,
2025-08-30T00:14:32.524256,bridge,qwen2.5-coder-14b-instruct,954,1,1741,213,True,
2025-08-30T00:14:44.869958,generate,qwen2.5-coder-14b-instruct,2688,337,12344,655,True,
2025-08-30T00:14:46.549203,kindness,qwen2.5-coder-14b-instruct,633,1,1678,152,True,
2025-08-30T00:14:47.981630,toxicity,qwen2.5-coder-14b-instruct,501,1,1431,128,True,
2025-08-30T00:14:49.726286,empathy,qwen2.5-coder-14b-instruct,625,1,1743,151,True,
2025-08-30T00:14:56.686408,generate,qwen2.5-coder-14b-instruct,861,206,6958,295,True,
2025-08-30T00:14:58.341429,kindness,qwen2.5-coder-14b-instruct,512,1,1654,134,True,
2025-08-30T00:14:59.680821,toxicity,qwen2.5-coder-14b-instruct,370,1,1338,107,True,
2025-08-30T00:15:01.096408,empathy,qwen2.5-coder-14b-instruct,504,1,1414,132,True,
2025-08-30T00:15:09.593191,generate,qwen2.5-coder-14b-instruct,1027,259,8495,305,True,
2025-08-30T00:15:11.331407,kindness,qwen2.5-coder-14b-instruct,565,1,1737,144,True,
2025-08-30T00:15:12.762075,toxicity,qwen2.5-coder-14b-instruct,423,1,1430,117,True,
2025-08-30T00:15:14.175615,empathy,qwen2.5-coder-14b-instruct,557,1,1412,142,True,
2025-08-30T00:15:22.595547,generate,qwen2.5-coder-14b-instruct,1303,257,8418,350,True,
2025-08-30T00:15:24.333655,kindness,qwen2.5-coder-14b-instruct,563,1,1737,140,True,
2025-08-30T00:15:25.770192,toxicity,qwen2.5-coder-14b-instruct,421,1,1435,113,True,
2025-08-30T00:15:27.192994,empathy,qwen2.5-coder-14b-instruct,555,1,1422,138,True,
2025-08-30T00:15:37.952822,generate,qwen2.5-coder-14b-instruct,1583,386,10758,412,True,
2025-08-30T00:15:39.693534,kindness,qwen2.5-coder-14b-instruct,692,1,1740,156,True,
2025-08-30T00:15:41.129978,toxicity,qwen2.5-coder-14b-instruct,550,1,1435,129,True,
2025-08-30T00:15:42.796317,empathy,qwen2.5-coder-14b-instruct,684,1,1665,154,True,
2025-08-30T00:15:54.951407,generate,qwen2.5-coder-14b-instruct,2002,380,12153,512,True,
2025-08-30T00:15:56.694557,kindness,qwen2.5-coder-14b-instruct,686,1,1742,162,True,
2025-08-30T00:15:58.087754,toxicity,qwen2.5-coder-14b-instruct,544,1,1392,135,True,
2025-08-30T00:15:59.776326,empathy,qwen2.5-coder-14b-instruct,678,1,1687,160,True,
2025-08-30T00:16:01.503866,bridge,qwen2.5-coder-14b-instruct,1023,1,1726,216,True,
2025-08-30T00:16:11.953153,generate,qwen2.5-coder-14b-instruct,2380,235,10447,551,True,
2025-08-30T00:16:13.639627,kindness,qwen2.5-coder-14b-instruct,541,1,1685,150,True,
2025-08-30T00:16:15.020836,toxicity,qwen2.5-coder-14b-instruct,399,1,1380,123,True,
2025-08-30T00:16:16.454255,empathy,qwen2.5-coder-14b-instruct,533,1,1432,148,True,
2025-08-30T00:16:18.199173,bridge,qwen2.5-coder-14b-instruct,872,1,1744,210,True,
2025-08-30T00:16:31.509878,generate,qwen2.5-coder-14b-instruct,2430,342,13309,597,True,
2025-08-30T00:16:33.193283,kindness,qwen2.5-coder-14b-instruct,648,1,1682,160,True,
2025-08-30T00:16:34.592123,toxicity,qwen2.5-coder-14b-instruct,506,1,1398,133,True,
2025-08-30T00:16:36.238678,empathy,qwen2.5-coder-14b-instruct,640,1,1645,158,True,
2025-08-30T00:16:37.957144,bridge,qwen2.5-coder-14b-instruct,835,1,1717,209,True,
2025-08-30T00:16:50.962399,generate,qwen2.5-coder-14b-instruct,2495,359,13003,590,True,
2025-08-30T00:16:52.704724,kindness,qwen2.5-coder-14b-instruct,665,1,1741,161,True,
2025-08-30T00:16:54.139713,toxicity,qwen2.5-coder-14b-instruct,523,1,1434,134,True,
2025-08-30T00:16:55.881051,empathy,qwen2.5-coder-14b-instruct,657,1,1740,159,True,
2025-08-30T00:16:57.621464,bridge,qwen2.5-coder-14b-instruct,958,1,1739,220,True,
2025-08-30T00:17:10.421835,generate,qwen2.5-coder-14b-instruct,2622,353,12799,639,True,
2025-08-30T00:17:12.162001,kindness,qwen2.5-coder-14b-instruct,659,1,1739,158,True,
2025-08-30T00:17:13.561582,toxicity,qwen2.5-coder-14b-instruct,517,1,1398,131,True,
2025-08-30T00:17:15.337095,empathy,qwen2.5-coder-14b-instruct,651,1,1774,156,True,
2025-08-30T00:17:17.077801,bridge,qwen2.5-coder-14b-instruct,969,1,1739,217,True,
2025-08-30T00:17:29.715819,generate,qwen2.5-coder-14b-instruct,2552,353,12636,618,True,
2025-08-30T00:17:31.392889,kindness,qwen2.5-coder-14b-instruct,659,1,1676,158,True,
2025-08-30T00:17:32.812270,toxicity,qwen2.5-coder-14b-instruct,517,1,1418,131,True,
2025-08-30T00:17:34.484104,empathy,qwen2.5-coder-14b-instruct,651,1,1671,156,True,
2025-08-30T00:17:36.199683,bridge,qwen2.5-coder-14b-instruct,963,1,1714,214,True,
2025-08-30T00:17:44.215103,generate,qwen2.5-coder-14b-instruct,829,249,6995,264,True,
2025-08-30T00:17:45.858663,kindness,qwen2.5-coder-14b-instruct,553,1,1642,141,True,
2025-08-30T00:17:47.281518,toxicity,qwen2.5-coder-14b-instruct,413,1,1422,108,True,
2025-08-30T00:17:48.717948,empathy,qwen2.5-coder-14b-instruct,545,1,1435,139,True,
2025-08-30T00:17:58.778716,generate,qwen2.5-coder-14b-instruct,1082,352,10059,329,True,
2025-08-30T00:18:00.425875,kindness,qwen2.5-coder-14b-instruct,656,1,1646,158,True,
2025-08-30T00:18:01.824884,toxicity,qwen2.5-coder-14b-instruct,516,1,1398,125,True,
2025-08-30T00:18:03.565191,empathy,qwen2.5-coder-14b-instruct,648,1,1739,156,True,
2025-08-30T00:18:05.298572,bridge,qwen2.5-coder-14b-instruct,858,1,1732,185,True,
2025-08-30T00:18:15.680908,generate,qwen2.5-coder-14b-instruct,1424,272,10380,378,True,
2025-08-30T00:18:17.362614,kindness,qwen2.5-coder-14b-instruct,576,1,1681,160,True,
2025-08-30T00:18:18.811069,toxicity,qwen2.5-coder-14b-instruct,436,1,1447,127,True,
2025-08-30T00:18:20.451559,empathy,qwen2.5-coder-14b-instruct,568,1,1639,158,True,
2025-08-30T00:18:22.163596,bridge,qwen2.5-coder-14b-instruct,881,1,1711,204,True,
2025-08-30T00:18:31.826528,generate,qwen2.5-coder-14b-instruct,1763,281,9661,472,True,
2025-08-30T00:18:33.532005,kindness,qwen2.5-coder-14b-instruct,585,1,1704,152,True,
2025-08-30T00:18:34.906859,toxicity,qwen2.5-coder-14b-instruct,445,1,1374,119,True,
2025-08-30T00:18:36.240620,empathy,qwen2.5-coder-14b-instruct,577,1,1333,150,True,
2025-08-30T00:18:47.034591,generate,qwen2.5-coder-14b-instruct,2006,286,10792,487,True,
2025-08-30T00:18:48.812622,kindness,qwen2.5-coder-14b-instruct,590,1,1777,159,True,
2025-08-30T00:18:50.259011,toxicity,qwen2.5-coder-14b-instruct,450,1,1445,126,True,
2025-08-30T00:18:52.000386,empathy,qwen2.5-coder-14b-instruct,582,1,1740,157,True,
2025-08-30T00:18:53.742534,bridge,qwen2.5-coder-14b-instruct,825,1,1741,197,True,
2025-08-30T00:19:06.541091,generate,qwen2.5-coder-14b-instruct,2336,324,12797,581,True,
2025-08-30T00:19:08.220370,kindness,qwen2.5-coder-14b-instruct,628,1,1678,172,True,
2025-08-30T00:19:09.715829,toxicity,qwen2.5-coder-14b-instruct,488,1,1494,139,True,
2025-08-30T00:19:11.388890,empathy,qwen2.5-coder-14b-instruct,620,1,1672,170,True,
2025-08-30T00:19:24.867163,generate,qwen2.5-coder-14b-instruct,2397,309,13476,604,True,
2025-08-30T00:19:26.609419,kindness,qwen2.5-coder-14b-instruct,613,1,1741,165,True,
2025-08-30T00:19:27.993147,toxicity,qwen2.5-coder-14b-instruct,473,1,1383,132,True,
2025-08-30T00:19:29.683362,empathy,qwen2.5-coder-14b-instruct,605,1,1689,163,True,
2025-08-30T00:19:41.870517,generate,qwen2.5-coder-14b-instruct,2349,319,12185,602,True,
2025-08-30T00:19:43.606343,kindness,qwen2.5-coder-14b-instruct,623,1,1735,161,True,
2025-08-30T00:19:44.989387,toxicity,qwen2.5-coder-14b-instruct,483,1,1382,128,True,
2025-08-30T00:19:46.680414,empathy,qwen2.5-coder-14b-instruct,615,1,1690,159,True,
2025-08-30T00:19:58.568849,generate,qwen2.5-coder-14b-instruct,2383,300,11887,583,True,
2025-08-30T00:20:00.311318,kindness,qwen2.5-coder-14b-instruct,604,1,1740,158,True,
2025-08-30T00:20:01.744344,toxicity,qwen2.5-coder-14b-instruct,464,1,1432,125,True,
2025-08-30T00:20:03.486773,empathy,qwen2.5-coder-14b-instruct,596,1,1741,156,True,
2025-08-30T00:20:05.178132,bridge,qwen2.5-coder-14b-instruct,876,1,1689,205,True,
2025-08-30T00:20:16.290898,generate,qwen2.5-coder-14b-instruct,2418,229,11109,585,True,
2025-08-30T00:20:17.979093,kindness,qwen2.5-coder-14b-instruct,533,1,1685,151,True,
2025-08-30T00:20:19.411591,toxicity,qwen2.5-coder-14b-instruct,393,1,1431,118,True,
2025-08-30T00:20:20.818646,empathy,qwen2.5-coder-14b-instruct,525,1,1405,149,True,
2025-08-30T00:20:31.227941,generate,qwen2.5-coder-14b-instruct,827,389,10384,285,True,
2025-08-30T00:20:32.973830,kindness,qwen2.5-coder-14b-instruct,691,1,1744,162,True,
2025-08-30T00:20:34.408520,toxicity,qwen2.5-coder-14b-instruct,553,1,1433,131,True,
2025-08-30T00:20:36.080476,empathy,qwen2.5-coder-14b-instruct,683,1,1670,160,True,
2025-08-30T00:20:46.138595,generate,qwen2.5-coder-14b-instruct,1196,325,10054,337,True,
2025-08-30T00:20:47.923535,kindness,qwen2.5-coder-14b-instruct,627,1,1783,156,True,
2025-08-30T00:20:49.300128,toxicity,qwen2.5-coder-14b-instruct,489,1,1375,125,True,
2025-08-30T00:20:50.977445,empathy,qwen2.5-coder-14b-instruct,619,1,1675,154,True,
2025-08-30T00:21:02.888179,generate,qwen2.5-coder-14b-instruct,1559,411,11907,419,True,
2025-08-30T00:21:04.593389,kindness,qwen2.5-coder-14b-instruct,713,1,1703,168,True,
2025-08-30T00:21:06.016593,toxicity,qwen2.5-coder-14b-instruct,575,1,1421,137,True,
2025-08-30T00:21:07.669722,empathy,qwen2.5-coder-14b-instruct,705,1,1651,166,True,
2025-08-30T00:21:09.428280,bridge,qwen2.5-coder-14b-instruct,993,1,1757,214,True,
2025-08-30T00:21:22.823281,generate,qwen2.5-coder-14b-instruct,2003,405,13391,520,True,
2025-08-30T00:21:24.586494,kindness,qwen2.5-coder-14b-instruct,707,1,1761,175,True,
2025-08-30T00:21:26.016297,toxicity,qwen2.5-coder-14b-instruct,569,1,1428,144,True,
2025-08-30T00:21:27.761424,empathy,qwen2.5-coder-14b-instruct,699,1,1743,173,True,
2025-08-30T00:21:29.502337,bridge,qwen2.5-coder-14b-instruct,1074,1,1739,234,True,
2025-08-30T00:21:40.970580,generate,qwen2.5-coder-14b-instruct,2394,280,11464,548,True,
2025-08-30T00:21:42.711164,kindness,qwen2.5-coder-14b-instruct,582,1,1739,162,True,
2025-08-30T00:21:44.110336,toxicity,qwen2.5-coder-14b-instruct,444,1,1397,131,True,
2025-08-30T00:21:45.801600,empathy,qwen2.5-coder-14b-instruct,574,1,1689,160,True,
2025-08-30T00:21:47.523665,bridge,qwen2.5-coder-14b-instruct,943,1,1720,228,True,
2025-08-30T00:22:02.679268,generate,qwen2.5-coder-14b-instruct,2685,385,15153,628,True,
2025-08-30T00:22:04.417082,kindness,qwen2.5-coder-14b-instruct,687,1,1736,179,True,
2025-08-30T00:22:05.822414,toxicity,qwen2.5-coder-14b-instruct,549,1,1404,148,True,
2025-08-30T00:22:07.471776,empathy,qwen2.5-coder-14b-instruct,679,1,1648,177,True,
2025-08-30T00:22:17.530143,generate,qwen2.5-coder-14b-instruct,2680,243,10055,611,True,
2025-08-30T00:22:19.219597,kindness,qwen2.5-coder-14b-instruct,545,1,1688,144,True,
2025-08-30T00:22:20.587073,toxicity,qwen2.5-coder-14b-instruct,407,1,1366,113,True,
2025-08-30T00:22:22.007791,empathy,qwen2.5-coder-14b-instruct,537,1,1419,142,True,
2025-08-30T00:22:34.218159,generate,qwen2.5-coder-14b-instruct,2609,338,12207,615,True,
2025-08-30T00:22:35.866652,kindness,qwen2.5-coder-14b-instruct,640,1,1647,160,True,
2025-08-30T00:22:37.250524,toxicity,qwen2.5-coder-14b-instruct,502,1,1382,129,True,
2025-08-30T00:22:38.905947,empathy,qwen2.5-coder-14b-instruct,632,1,1654,158,True,
2025-08-30T00:22:53.637528,generate,qwen2.5-coder-14b-instruct,2523,384,14727,620,True,
2025-08-30T00:22:55.618513,kindness,qwen2.5-coder-14b-instruct,686,1,1979,178,True,
2025-08-30T00:22:57.023605,toxicity,qwen2.5-coder-14b-instruct,548,1,1403,146,True,
2025-08-30T00:22:58.688493,empathy,qwen2.5-coder-14b-instruct,678,1,1663,175,True,
2025-08-30T00:23:09.060889,generate,qwen2.5-coder-14b-instruct,2541,212,10370,633,True,
2025-08-30T00:23:10.774557,kindness,qwen2.5-coder-14b-instruct,514,1,1712,146,True,
2025-08-30T00:23:12.208349,toxicity,qwen2.5-coder-14b-instruct,376,1,1432,115,True,
2025-08-30T00:23:13.638101,empathy,qwen2.5-coder-14b-instruct,506,1,1428,144,True,
2025-08-30T00:23:25.418423,generate,qwen2.5-coder-14b-instruct,772,291,10775,293,True,
2025-08-30T00:23:27.158759,kindness,qwen2.5-coder-14b-instruct,532,1,1739,149,True,
2025-08-30T00:23:28.589032,toxicity,qwen2.5-coder-14b-instruct,455,1,1429,133,True,
2025-08-30T00:23:30.025955,empathy,qwen2.5-coder-14b-instruct,524,1,1436,147,True,
2025-08-30T00:23:41.926437,generate,qwen2.5-coder-14b-instruct,1085,344,11898,380,True,
2025-08-30T00:23:43.642277,kindness,qwen2.5-coder-14b-instruct,585,1,1714,153,True,
2025-08-30T00:23:45.037907,toxicity,qwen2.5-coder-14b-instruct,508,1,1394,137,True,
2025-08-30T00:23:46.714470,empathy,qwen2.5-coder-14b-instruct,577,1,1675,151,True,
2025-08-30T00:23:48.457614,bridge,qwen2.5-coder-14b-instruct,892,1,1742,222,True,
2025-08-30T00:23:58.939991,generate,qwen2.5-coder-14b-instruct,1434,289,10480,433,True,
2025-08-30T00:24:00.607487,kindness,qwen2.5-coder-14b-instruct,530,1,1666,143,True,
2025-08-30T00:24:02.078367,toxicity,qwen2.5-coder-14b-instruct,453,1,1470,127,True,
2025-08-30T00:24:03.610185,empathy,qwen2.5-coder-14b-instruct,522,1,1531,141,True,
2025-08-30T00:24:14.782424,generate,qwen2.5-coder-14b-instruct,1712,319,11170,479,True,
2025-08-30T00:24:16.515675,kindness,qwen2.5-coder-14b-instruct,560,1,1732,145,True,
2025-08-30T00:24:17.919940,toxicity,qwen2.5-coder-14b-instruct,483,1,1403,129,True,
2025-08-30T00:24:19.382443,empathy,qwen2.5-coder-14b-instruct,552,1,1461,143,True,
2025-08-30T00:24:21.053896,bridge,qwen2.5-coder-14b-instruct,866,1,1670,209,True,
2025-08-30T00:24:31.249211,generate,qwen2.5-coder-14b-instruct,2031,306,10193,515,True,
2025-08-30T00:24:32.998357,kindness,qwen2.5-coder-14b-instruct,547,1,1748,138,True,
2025-08-30T00:24:34.431990,toxicity,qwen2.5-coder-14b-instruct,470,1,1432,122,True,
2025-08-30T00:24:35.831020,empathy,qwen2.5-coder-14b-instruct,539,1,1398,136,True,
2025-08-30T00:24:37.536302,bridge,qwen2.5-coder-14b-instruct,882,1,1704,203,True,
2025-08-30T00:24:48.873983,generate,qwen2.5-coder-14b-instruct,2358,313,11336,575,True,
2025-08-30T00:24:50.564386,kindness,qwen2.5-coder-14b-instruct,554,1,1689,142,True,
2025-08-30T00:24:51.946069,toxicity,qwen2.5-coder-14b-instruct,477,1,1380,126,True,
2025-08-30T00:24:53.356874,empathy,qwen2.5-coder-14b-instruct,546,1,1410,140,True,
2025-08-30T00:24:55.120847,bridge,qwen2.5-coder-14b-instruct,877,1,1763,201,True,
2025-08-30T00:25:06.498375,generate,qwen2.5-coder-14b-instruct,2391,351,11376,572,True,
2025-08-30T00:25:08.174209,kindness,qwen2.5-coder-14b-instruct,592,1,1675,145,True,
2025-08-30T00:25:09.661492,toxicity,qwen2.5-coder-14b-instruct,515,1,1486,129,True,
2025-08-30T00:25:11.091863,empathy,qwen2.5-coder-14b-instruct,584,1,1429,143,True,
2025-08-30T00:25:19.981511,generate,qwen2.5-coder-14b-instruct,2429,150,8888,572,True,
2025-08-30T00:25:21.380689,kindness,qwen2.5-coder-14b-instruct,391,1,1398,120,True,
2025-08-30T00:25:22.733971,toxicity,qwen2.5-coder-14b-instruct,314,1,1352,104,True,
2025-08-30T00:25:24.080985,empathy,qwen2.5-coder-14b-instruct,383,1,1346,118,True,
2025-08-30T00:25:33.827356,generate,qwen2.5-coder-14b-instruct,2243,260,9744,529,True,
2025-08-30T00:25:35.502132,kindness,qwen2.5-coder-14b-instruct,501,1,1674,135,True,
2025-08-30T00:25:36.876402,toxicity,qwen2.5-coder-14b-instruct,424,1,1373,119,True,
2025-08-30T00:25:38.278654,empathy,qwen2.5-coder-14b-instruct,493,1,1401,133,True,
2025-08-30T00:25:49.394646,generate,qwen2.5-coder-14b-instruct,2221,244,11114,564,True,
2025-08-30T00:25:51.092992,kindness,qwen2.5-coder-14b-instruct,485,1,1697,144,True,
2025-08-30T00:25:52.494020,toxicity,qwen2.5-coder-14b-instruct,408,1,1400,128,True,
2025-08-30T00:25:53.910065,empathy,qwen2.5-coder-14b-instruct,477,1,1415,142,True,
2025-08-30T00:25:55.635366,bridge,qwen2.5-coder-14b-instruct,760,1,1724,199,True,
2025-08-30T00:26:04.342508,generate,qwen2.5-coder-14b-instruct,868,258,8705,309,True,
2025-08-30T00:26:06.001711,kindness,qwen2.5-coder-14b-instruct,562,1,1658,142,True,
2025-08-30T00:26:07.342557,toxicity,qwen2.5-coder-14b-instruct,422,1,1340,116,True,
2025-08-30T00:26:08.848359,empathy,qwen2.5-coder-14b-instruct,554,1,1505,140,True,
2025-08-30T00:26:18.368469,generate,qwen2.5-coder-14b-instruct,1072,289,9518,315,True,
2025-08-30T00:26:20.109775,kindness,qwen2.5-coder-14b-instruct,593,1,1740,147,True,
2025-08-30T00:26:21.488952,toxicity,qwen2.5-coder-14b-instruct,453,1,1378,121,True,
2025-08-30T00:26:22.903821,empathy,qwen2.5-coder-14b-instruct,585,1,1414,145,True,
2025-08-30T00:26:24.618217,bridge,qwen2.5-coder-14b-instruct,805,1,1713,190,True,
2025-08-30T00:26:33.424074,generate,qwen2.5-coder-14b-instruct,1395,267,8804,376,True,
2025-08-30T00:26:35.118750,kindness,qwen2.5-coder-14b-instruct,571,1,1693,142,True,
2025-08-30T00:26:36.467234,toxicity,qwen2.5-coder-14b-instruct,431,1,1347,116,True,
2025-08-30T00:26:37.883917,empathy,qwen2.5-coder-14b-instruct,563,1,1415,140,True,
2025-08-30T00:26:47.143779,generate,qwen2.5-coder-14b-instruct,1698,260,9258,451,True,
2025-08-30T00:26:48.886644,kindness,qwen2.5-coder-14b-instruct,564,1,1742,142,True,
2025-08-30T00:26:50.229702,toxicity,qwen2.5-coder-14b-instruct,424,1,1342,116,True,
2025-08-30T00:26:51.753572,empathy,qwen2.5-coder-14b-instruct,556,1,1523,140,True,
2025-08-30T00:27:00.048372,generate,qwen2.5-coder-14b-instruct,1940,244,8293,457,True,
2025-08-30T00:27:01.789066,kindness,qwen2.5-coder-14b-instruct,548,1,1739,136,True,
2025-08-30T00:27:03.140401,toxicity,qwen2.5-coder-14b-instruct,408,1,1350,110,True,
2025-08-30T00:27:04.553957,empathy,qwen2.5-coder-14b-instruct,540,1,1412,134,True,
2025-08-30T00:27:06.194980,bridge,qwen2.5-coder-14b-instruct,761,1,1640,178,True,
2025-08-30T00:27:18.682191,generate,qwen2.5-coder-14b-instruct,2207,411,12485,530,True,
2025-08-30T00:27:20.329809,kindness,qwen2.5-coder-14b-instruct,715,1,1646,163,True,
2025-08-30T00:27:21.755110,toxicity,qwen2.5-coder-14b-instruct,575,1,1424,137,True,
2025-08-30T00:27:23.424344,empathy,qwen2.5-coder-14b-instruct,707,1,1668,161,True,
2025-08-30T00:27:35.504207,generate,qwen2.5-coder-14b-instruct,2357,330,12078,548,True,
2025-08-30T00:27:37.152271,kindness,qwen2.5-coder-14b-instruct,634,1,1647,161,True,
2025-08-30T00:27:38.547969,toxicity,qwen2.5-coder-14b-instruct,494,1,1394,135,True,
2025-08-30T00:27:40.291664,empathy,qwen2.5-coder-14b-instruct,626,1,1742,159,True,
2025-08-30T00:27:48.176412,generate,qwen2.5-coder-14b-instruct,2389,217,7883,530,True,
2025-08-30T00:27:49.606719,kindness,qwen2.5-coder-14b-instruct,521,1,1429,132,True,
2025-08-30T00:27:50.961168,toxicity,qwen2.5-coder-14b-instruct,381,1,1353,106,True,
2025-08-30T00:27:52.348080,empathy,qwen2.5-coder-14b-instruct,513,1,1386,130,True,
2025-08-30T00:28:06.274519,generate,qwen2.5-coder-14b-instruct,2390,362,13925,600,True,
2025-08-30T00:28:07.912421,kindness,qwen2.5-coder-14b-instruct,666,1,1637,164,True,
2025-08-30T00:28:09.373132,toxicity,qwen2.5-coder-14b-instruct,526,1,1460,138,True,
2025-08-30T00:28:11.059341,empathy,qwen2.5-coder-14b-instruct,658,1,1685,162,True,
2025-08-30T00:28:22.462536,generate,qwen2.5-coder-14b-instruct,2448,383,11401,565,True,
2025-08-30T00:28:24.223057,kindness,qwen2.5-coder-14b-instruct,687,1,1759,156,True,
2025-08-30T00:28:25.655608,toxicity,qwen2.5-coder-14b-instruct,547,1,1431,130,True,
2025-08-30T00:28:27.305515,empathy,qwen2.5-coder-14b-instruct,679,1,1649,154,True,
2025-08-30T00:28:36.806235,generate,qwen2.5-coder-14b-instruct,839,229,8494,295,True,
2025-08-30T00:28:38.479882,kindness,qwen2.5-coder-14b-instruct,531,1,1672,148,True,
2025-08-30T00:28:39.828234,toxicity,qwen2.5-coder-14b-instruct,393,1,1347,117,True,
2025-08-30T00:28:41.249366,empathy,qwen2.5-coder-14b-instruct,523,1,1420,146,True,
2025-08-30T00:28:51.616535,generate,qwen2.5-coder-14b-instruct,1046,298,10365,340,True,
2025-08-30T00:28:53.290880,kindness,qwen2.5-coder-14b-instruct,600,1,1673,158,True,
2025-08-30T00:28:54.720409,toxicity,qwen2.5-coder-14b-instruct,462,1,1428,127,True,
2025-08-30T00:28:56.375896,empathy,qwen2.5-coder-14b-instruct,592,1,1654,156,True,
2025-08-30T00:28:58.112747,bridge,qwen2.5-coder-14b-instruct,784,1,1736,196,True,
2025-08-30T00:29:08.368154,generate,qwen2.5-coder-14b-instruct,1350,312,10254,385,True,
2025-08-30T00:29:10.093295,kindness,qwen2.5-coder-14b-instruct,614,1,1724,157,True,
2025-08-30T00:29:11.478468,toxicity,qwen2.5-coder-14b-instruct,476,1,1384,126,True,
2025-08-30T00:29:13.144673,empathy,qwen2.5-coder-14b-instruct,606,1,1665,155,True,
2025-08-30T00:29:22.850109,generate,qwen2.5-coder-14b-instruct,1672,268,9704,436,True,
2025-08-30T00:29:24.637843,kindness,qwen2.5-coder-14b-instruct,570,1,1786,153,True,
2025-08-30T00:29:26.019318,toxicity,qwen2.5-coder-14b-instruct,432,1,1380,122,True,
2025-08-30T00:29:27.710346,empathy,qwen2.5-coder-14b-instruct,562,1,1690,151,True,
2025-08-30T00:29:29.446330,bridge,qwen2.5-coder-14b-instruct,838,1,1735,201,True,
2025-08-30T00:29:40.816232,generate,qwen2.5-coder-14b-instruct,2000,299,11368,540,True,
2025-08-30T00:29:42.484012,kindness,qwen2.5-coder-14b-instruct,601,1,1667,161,True,
2025-08-30T00:29:43.888255,toxicity,qwen2.5-coder-14b-instruct,463,1,1403,130,True,
2025-08-30T00:29:45.544343,empathy,qwen2.5-coder-14b-instruct,593,1,1655,159,True,
2025-08-30T00:29:57.914557,generate,qwen2.5-coder-14b-instruct,2292,297,12368,586,True,
2025-08-30T00:29:59.596326,kindness,qwen2.5-coder-14b-instruct,599,1,1681,161,True,
2025-08-30T00:30:01.090038,toxicity,qwen2.5-coder-14b-instruct,461,1,1493,130,True,
2025-08-30T00:30:02.832334,empathy,qwen2.5-coder-14b-instruct,591,1,1741,159,True,
2025-08-30T00:30:13.790472,generate,qwen2.5-coder-14b-instruct,2387,234,10956,604,True,
2025-08-30T00:30:15.530569,kindness,qwen2.5-coder-14b-instruct,536,1,1739,151,True,
2025-08-30T00:30:16.963575,toxicity,qwen2.5-coder-14b-instruct,398,1,1432,120,True,
2025-08-30T00:30:18.394063,empathy,qwen2.5-coder-14b-instruct,528,1,1429,149,True,
2025-08-30T00:30:29.763276,generate,qwen2.5-coder-14b-instruct,2293,316,11367,572,True,
2025-08-30T00:30:31.438105,kindness,qwen2.5-coder-14b-instruct,618,1,1674,161,True,
2025-08-30T00:30:32.937835,toxicity,qwen2.5-coder-14b-instruct,480,1,1499,130,True,
2025-08-30T00:30:34.625582,empathy,qwen2.5-coder-14b-instruct,610,1,1687,159,True,
2025-08-30T00:30:45.430654,generate,qwen2.5-coder-14b-instruct,2299,343,10803,572,True,
2025-08-30T00:30:47.170301,kindness,qwen2.5-coder-14b-instruct,645,1,1738,154,True,
2025-08-30T00:30:48.602570,toxicity,qwen2.5-coder-14b-instruct,507,1,1431,123,True,
2025-08-30T00:30:50.308635,empathy,qwen2.5-coder-14b-instruct,637,1,1705,152,True,
2025-08-30T00:30:52.012683,bridge,qwen2.5-coder-14b-instruct,916,1,1703,205,True,
2025-08-30T00:31:01.303713,generate,qwen2.5-coder-14b-instruct,2359,205,9289,562,True,
2025-08-30T00:31:03.040802,kindness,qwen2.5-coder-14b-instruct,507,1,1736,143,True,
2025-08-30T00:31:04.477125,toxicity,qwen2.5-coder-14b-instruct,369,1,1435,112,True,
2025-08-30T00:31:05.876957,empathy,qwen2.5-coder-14b-instruct,499,1,1399,141,True,
2025-08-30T00:31:15.006761,generate,qwen2.5-coder-14b-instruct,867,270,9128,317,True,
2025-08-30T00:31:16.766280,kindness,qwen2.5-coder-14b-instruct,576,1,1758,146,True,
2025-08-30T00:31:18.199477,toxicity,qwen2.5-coder-14b-instruct,434,1,1432,119,True,
2025-08-30T00:31:19.632787,empathy,qwen2.5-coder-14b-instruct,568,1,1432,144,True,
2025-08-30T00:31:26.288248,generate,qwen2.5-coder-14b-instruct,1075,175,6654,297,True,
2025-08-30T00:31:27.721767,kindness,qwen2.5-coder-14b-instruct,481,1,1432,128,True,
2025-08-30T00:31:29.155465,toxicity,qwen2.5-coder-14b-instruct,339,1,1433,101,True,
2025-08-30T00:31:30.589717,empathy,qwen2.5-coder-14b-instruct,473,1,1433,126,True,
2025-08-30T00:31:32.330864,bridge,qwen2.5-coder-14b-instruct,703,1,1740,173,True,
2025-08-30T00:31:40.624980,generate,qwen2.5-coder-14b-instruct,1257,213,8292,341,True,
2025-08-30T00:31:42.268706,kindness,qwen2.5-coder-14b-instruct,519,1,1643,140,True,
2025-08-30T00:31:43.694114,toxicity,qwen2.5-coder-14b-instruct,377,1,1424,113,True,
2025-08-30T00:31:45.109902,empathy,qwen2.5-coder-14b-instruct,511,1,1415,138,True,
2025-08-30T00:31:53.157507,generate,qwen2.5-coder-14b-instruct,1498,218,8046,388,True,
2025-08-30T00:31:54.819025,kindness,qwen2.5-coder-14b-instruct,524,1,1660,138,True,
2025-08-30T00:31:56.168593,toxicity,qwen2.5-coder-14b-instruct,382,1,1348,111,True,
2025-08-30T00:31:57.623091,empathy,qwen2.5-coder-14b-instruct,516,1,1453,136,True,
2025-08-30T00:32:07.600612,generate,qwen2.5-coder-14b-instruct,1777,304,9976,491,True,
2025-08-30T00:32:09.297178,kindness,qwen2.5-coder-14b-instruct,610,1,1695,148,True,
2025-08-30T00:32:10.659118,toxicity,qwen2.5-coder-14b-instruct,468,1,1361,121,True,
2025-08-30T00:32:12.163733,empathy,qwen2.5-coder-14b-instruct,602,1,1504,146,True,
2025-08-30T00:32:21.084895,generate,qwen2.5-coder-14b-instruct,2050,213,8919,490,True,
2025-08-30T00:32:22.765822,kindness,qwen2.5-coder-14b-instruct,519,1,1680,141,True,
2025-08-30T00:32:24.126783,toxicity,qwen2.5-coder-14b-instruct,377,1,1360,114,True,
2025-08-30T00:32:25.578403,empathy,qwen2.5-coder-14b-instruct,511,1,1450,139,True,
2025-08-30T00:32:27.318878,bridge,qwen2.5-coder-14b-instruct,775,1,1739,188,True,
2025-08-30T00:32:38.375281,generate,qwen2.5-coder-14b-instruct,2004,363,11055,497,True,
2025-08-30T00:32:40.117888,kindness,qwen2.5-coder-14b-instruct,669,1,1741,155,True,
2025-08-30T00:32:41.519328,toxicity,qwen2.5-coder-14b-instruct,527,1,1400,128,True,
2025-08-30T00:32:43.258100,empathy,qwen2.5-coder-14b-instruct,661,1,1738,153,True,
2025-08-30T00:32:55.786743,generate,qwen2.5-coder-14b-instruct,2240,368,12527,581,True,
2025-08-30T00:32:57.527965,kindness,qwen2.5-coder-14b-instruct,674,1,1740,162,True,
2025-08-30T00:32:58.948699,toxicity,qwen2.5-coder-14b-instruct,532,1,1420,135,True,
2025-08-30T00:33:00.701754,empathy,qwen2.5-coder-14b-instruct,666,1,1752,160,True,
2025-08-30T00:33:10.221860,generate,qwen2.5-coder-14b-instruct,2346,225,9518,534,True,
2025-08-30T00:33:11.898814,kindness,qwen2.5-coder-14b-instruct,531,1,1676,145,True,
2025-08-30T00:33:13.242821,toxicity,qwen2.5-coder-14b-instruct,389,1,1343,118,True,
2025-08-30T00:33:14.643154,empathy,qwen2.5-coder-14b-instruct,523,1,1399,143,True,
2025-08-30T00:33:16.368461,bridge,qwen2.5-coder-14b-instruct,851,1,1724,206,True,
2025-08-30T00:33:26.595553,generate,qwen2.5-coder-14b-instruct,2367,290,10225,564,True,
2025-08-30T00:33:28.346418,kindness,qwen2.5-coder-14b-instruct,596,1,1750,148,True,
2025-08-30T00:33:29.781117,toxicity,qwen2.5-coder-14b-instruct,454,1,1434,121,True,
2025-08-30T00:33:31.213880,empathy,qwen2.5-coder-14b-instruct,588,1,1432,146,True,
2025-08-30T00:33:32.920859,bridge,qwen2.5-coder-14b-instruct,772,1,1706,191,True,
2025-08-30T00:33:46.064088,generate,qwen2.5-coder-14b-instruct,815,325,12138,324,True,
2025-08-30T00:33:47.805932,kindness,qwen2.5-coder-14b-instruct,584,1,1741,166,True,
2025-08-30T00:33:49.236675,toxicity,qwen2.5-coder-14b-instruct,489,1,1430,142,True,
2025-08-30T00:33:50.898323,empathy,qwen2.5-coder-14b-instruct,576,1,1661,164,True,
2025-08-30T00:34:02.232748,generate,qwen2.5-coder-14b-instruct,1141,301,11333,395,True,
2025-08-30T00:34:03.983453,kindness,qwen2.5-coder-14b-instruct,560,1,1750,157,True,
2025-08-30T00:34:05.418407,toxicity,qwen2.5-coder-14b-instruct,465,1,1434,133,True,
2025-08-30T00:34:07.158948,empathy,qwen2.5-coder-14b-instruct,552,1,1739,155,True,
2025-08-30T00:34:08.899767,bridge,qwen2.5-coder-14b-instruct,884,1,1740,227,True,
2025-08-30T00:34:22.222207,generate,qwen2.5-coder-14b-instruct,1417,350,13320,433,True,
2025-08-30T00:34:23.927007,kindness,qwen2.5-coder-14b-instruct,609,1,1704,170,True,
2025-08-30T00:34:25.386294,toxicity,qwen2.5-coder-14b-instruct,514,1,1458,146,True,
2025-08-30T00:34:27.126968,empathy,qwen2.5-coder-14b-instruct,601,1,1740,168,True,
2025-08-30T00:34:28.921625,bridge,qwen2.5-coder-14b-instruct,908,1,1794,231,True,
2025-08-30T00:34:42.589255,generate,qwen2.5-coder-14b-instruct,1815,359,13666,546,True,
2025-08-30T00:34:44.330678,kindness,qwen2.5-coder-14b-instruct,618,1,1740,169,True,
2025-08-30T00:34:45.763724,toxicity,qwen2.5-coder-14b-instruct,523,1,1432,145,True,
2025-08-30T00:34:47.429809,empathy,qwen2.5-coder-14b-instruct,610,1,1665,167,True,
2025-08-30T00:34:49.142696,bridge,qwen2.5-coder-14b-instruct,967,1,1712,244,True,
2025-08-30T00:35:01.621806,generate,qwen2.5-coder-14b-instruct,2166,247,12477,592,True,
2025-08-30T00:35:03.377113,kindness,qwen2.5-coder-14b-instruct,506,1,1754,152,True,
2025-08-30T00:35:04.811461,toxicity,qwen2.5-coder-14b-instruct,411,1,1433,128,True,
2025-08-30T00:35:06.244237,empathy,qwen2.5-coder-14b-instruct,498,1,1432,150,True,
2025-08-30T00:35:07.981563,bridge,qwen2.5-coder-14b-instruct,864,1,1736,226,True,
2025-08-30T00:35:21.391945,generate,qwen2.5-coder-14b-instruct,2434,285,13409,664,True,
2025-08-30T00:35:23.141206,kindness,qwen2.5-coder-14b-instruct,544,1,1748,159,True,
2025-08-30T00:35:24.550994,toxicity,qwen2.5-coder-14b-instruct,449,1,1409,135,True,
2025-08-30T00:35:26.190859,empathy,qwen2.5-coder-14b-instruct,536,1,1639,157,True,
2025-08-30T00:35:27.950082,bridge,qwen2.5-coder-14b-instruct,788,1,1758,215,True,
2025-08-30T00:35:38.702030,generate,qwen2.5-coder-14b-instruct,2380,217,10750,633,True,
2025-08-30T00:35:40.359552,kindness,qwen2.5-coder-14b-instruct,476,1,1656,141,True,
2025-08-30T00:35:41.706752,toxicity,qwen2.5-coder-14b-instruct,381,1,1346,117,True,
2025-08-30T00:35:43.211000,empathy,qwen2.5-coder-14b-instruct,468,1,1503,139,True,
2025-08-30T00:35:52.424570,generate,qwen2.5-coder-14b-instruct,2276,154,9212,587,True,
2025-08-30T00:35:53.861253,kindness,qwen2.5-coder-14b-instruct,413,1,1435,132,True,
2025-08-30T00:35:55.290664,toxicity,qwen2.5-coder-14b-instruct,318,1,1428,108,True,
2025-08-30T00:35:56.730191,empathy,qwen2.5-coder-14b-instruct,405,1,1438,130,True,
2025-08-30T00:36:07.257829,generate,qwen2.5-coder-14b-instruct,2084,265,10526,564,True,
2025-08-30T00:36:09.015591,kindness,qwen2.5-coder-14b-instruct,524,1,1756,148,True,
2025-08-30T00:36:10.387008,toxicity,qwen2.5-coder-14b-instruct,429,1,1370,124,True,
2025-08-30T00:36:11.779153,empathy,qwen2.5-coder-14b-instruct,516,1,1391,146,True,
2025-08-30T00:36:23.966428,generate,qwen2.5-coder-14b-instruct,2029,252,12185,586,True,
2025-08-30T00:36:25.708876,kindness,qwen2.5-coder-14b-instruct,511,1,1741,152,True,
2025-08-30T00:36:27.140511,toxicity,qwen2.5-coder-14b-instruct,416,1,1430,128,True,
2025-08-30T00:36:28.570663,empathy,qwen2.5-coder-14b-instruct,503,1,1429,150,True,
2025-08-30T00:36:30.281526,bridge,qwen2.5-coder-14b-instruct,774,1,1710,204,True,
2025-08-30T00:36:38.960989,generate,qwen2.5-coder-14b-instruct,789,259,8677,267,True,
2025-08-30T00:36:40.763895,kindness,qwen2.5-coder-14b-instruct,523,1,1802,142,True,
2025-08-30T00:36:42.131265,toxicity,qwen2.5-coder-14b-instruct,423,1,1366,119,True,
2025-08-30T00:36:43.727654,empathy,qwen2.5-coder-14b-instruct,515,1,1595,139,True,
2025-08-30T00:36:50.368012,generate,qwen2.5-coder-14b-instruct,1035,174,6639,294,True,
2025-08-30T00:36:51.818424,kindness,qwen2.5-coder-14b-instruct,438,1,1449,124,True,
2025-08-30T00:36:53.251244,toxicity,qwen2.5-coder-14b-instruct,338,1,1432,102,True,
2025-08-30T00:36:54.685753,empathy,qwen2.5-coder-14b-instruct,430,1,1433,122,True,
2025-08-30T00:37:05.811073,generate,qwen2.5-coder-14b-instruct,1245,268,11124,384,True,
2025-08-30T00:37:07.589738,kindness,qwen2.5-coder-14b-instruct,532,1,1777,154,True,
2025-08-30T00:37:09.022162,toxicity,qwen2.5-coder-14b-instruct,432,1,1431,132,True,
2025-08-30T00:37:10.680692,empathy,qwen2.5-coder-14b-instruct,524,1,1657,152,True,
2025-08-30T00:37:12.397602,bridge,qwen2.5-coder-14b-instruct,699,1,1716,186,True,
2025-08-30T00:37:23.661568,generate,qwen2.5-coder-14b-instruct,1495,344,11262,421,True,
2025-08-30T00:37:25.508579,kindness,qwen2.5-coder-14b-instruct,608,1,1846,156,True,
2025-08-30T00:37:26.942157,toxicity,qwen2.5-coder-14b-instruct,508,1,1432,133,True,
2025-08-30T00:37:28.680123,empathy,qwen2.5-coder-14b-instruct,600,1,1737,153,True,
2025-08-30T00:37:30.379524,bridge,qwen2.5-coder-14b-instruct,868,1,1698,217,True,
2025-08-30T00:37:41.745464,generate,qwen2.5-coder-14b-instruct,1897,299,11364,523,True,
2025-08-30T00:37:43.530507,kindness,qwen2.5-coder-14b-instruct,563,1,1784,153,True,
2025-08-30T00:37:44.924298,toxicity,qwen2.5-coder-14b-instruct,463,1,1393,131,True,
2025-08-30T00:37:46.600358,empathy,qwen2.5-coder-14b-instruct,555,1,1675,151,True,
2025-08-30T00:37:57.351598,generate,qwen2.5-coder-14b-instruct,2222,245,10749,587,True,
2025-08-30T00:37:59.096766,kindness,qwen2.5-coder-14b-instruct,509,1,1744,137,True,
2025-08-30T00:38:00.449649,toxicity,qwen2.5-coder-14b-instruct,409,1,1352,115,True,
2025-08-30T00:38:01.963325,empathy,qwen2.5-coder-14b-instruct,501,1,1512,135,True,
2025-08-30T00:38:12.169365,generate,qwen2.5-coder-14b-instruct,2152,287,10204,538,True,
2025-08-30T00:38:13.944961,kindness,qwen2.5-coder-14b-instruct,551,1,1774,145,True,
2025-08-30T00:38:15.316781,toxicity,qwen2.5-coder-14b-instruct,451,1,1371,123,True,
2025-08-30T00:38:16.810421,empathy,qwen2.5-coder-14b-instruct,543,1,1493,143,True,
2025-08-30T00:38:18.507825,bridge,qwen2.5-coder-14b-instruct,790,1,1696,191,True,
2025-08-30T00:38:29.201718,generate,qwen2.5-coder-14b-instruct,2304,161,10692,585,True,
2025-08-30T00:38:30.873179,kindness,qwen2.5-coder-14b-instruct,425,1,1670,137,True,
2025-08-30T00:38:32.373270,toxicity,qwen2.5-coder-14b-instruct,325,1,1499,116,True,
2025-08-30T00:38:33.809491,empathy,qwen2.5-coder-14b-instruct,417,1,1435,135,True,
2025-08-30T00:38:45.253403,generate,qwen2.5-coder-14b-instruct,2201,265,11442,586,True,
2025-08-30T00:38:46.919738,kindness,qwen2.5-coder-14b-instruct,529,1,1665,143,True,
2025-08-30T00:38:48.350148,toxicity,qwen2.5-coder-14b-instruct,429,1,1429,121,True,
2025-08-30T00:38:49.783817,empathy,qwen2.5-coder-14b-instruct,521,1,1433,141,True,
2025-08-30T00:39:01.329649,generate,qwen2.5-coder-14b-instruct,2082,306,11544,544,True,
2025-08-30T00:39:03.095577,kindness,qwen2.5-coder-14b-instruct,570,1,1765,154,True,
2025-08-30T00:39:04.487781,toxicity,qwen2.5-coder-14b-instruct,470,1,1391,132,True,
2025-08-30T00:39:06.168131,empathy,qwen2.5-coder-14b-instruct,562,1,1679,152,True,
2025-08-30T00:39:07.908843,bridge,qwen2.5-coder-14b-instruct,828,1,1740,205,True,
2025-08-30T00:39:16.609339,generate,qwen2.5-coder-14b-instruct,787,238,7688,255,True,
2025-08-30T00:39:18.353638,kindness,qwen2.5-coder-14b-instruct,502,1,1743,134,True,
2025-08-30T00:39:19.784929,toxicity,qwen2.5-coder-14b-instruct,402,1,1430,112,True,
2025-08-30T00:39:21.186826,empathy,qwen2.5-coder-14b-instruct,494,1,1401,132,True,
2025-08-30T00:39:30.129366,generate,qwen2.5-coder-14b-instruct,1018,281,8941,304,True,
2025-08-30T00:39:31.870041,kindness,qwen2.5-coder-14b-instruct,545,1,1740,142,True,
2025-08-30T00:39:33.304066,toxicity,qwen2.5-coder-14b-instruct,445,1,1433,120,True,
2025-08-30T00:39:34.737715,empathy,qwen2.5-coder-14b-instruct,537,1,1433,140,True,
2025-08-30T00:39:36.478238,bridge,qwen2.5-coder-14b-instruct,776,1,1739,184,True,
2025-08-30T00:39:48.049498,generate,qwen2.5-coder-14b-instruct,1347,326,11569,409,True,
2025-08-30T00:39:49.753269,kindness,qwen2.5-coder-14b-instruct,590,1,1703,156,True,
2025-08-30T00:39:51.144889,toxicity,qwen2.5-coder-14b-instruct,490,1,1390,134,True,
2025-08-30T00:39:52.816227,empathy,qwen2.5-coder-14b-instruct,582,1,1670,154,True,
2025-08-30T00:39:54.488942,bridge,qwen2.5-coder-14b-instruct,864,1,1672,206,True,
2025-08-30T00:40:03.306731,generate,qwen2.5-coder-14b-instruct,1673,253,8815,432,True,
2025-08-30T00:40:05.047609,kindness,qwen2.5-coder-14b-instruct,517,1,1740,135,True,
2025-08-30T00:40:06.482086,toxicity,qwen2.5-coder-14b-instruct,417,1,1433,113,True,
2025-08-30T00:40:07.872842,empathy,qwen2.5-coder-14b-instruct,509,1,1390,133,True,
2025-08-30T00:40:18.664116,generate,qwen2.5-coder-14b-instruct,1918,254,10790,474,True,
2025-08-30T00:40:20.467379,kindness,qwen2.5-coder-14b-instruct,518,1,1802,150,True,
2025-08-30T00:40:21.940938,toxicity,qwen2.5-coder-14b-instruct,418,1,1472,127,True,
2025-08-30T00:40:23.579349,empathy,qwen2.5-coder-14b-instruct,510,1,1637,148,True,
2025-08-30T00:40:35.036740,generate,qwen2.5-coder-14b-instruct,2237,291,11456,583,True,
2025-08-30T00:40:36.703973,kindness,qwen2.5-coder-14b-instruct,555,1,1666,145,True,
2025-08-30T00:40:38.123393,toxicity,qwen2.5-coder-14b-instruct,455,1,1418,123,True,
2025-08-30T00:40:39.558108,empathy,qwen2.5-coder-14b-instruct,547,1,1434,143,True,
2025-08-30T00:40:51.441101,generate,qwen2.5-coder-14b-instruct,2235,271,11881,556,True,
2025-08-30T00:40:53.093739,kindness,qwen2.5-coder-14b-instruct,535,1,1651,156,True,
2025-08-30T00:40:54.474345,toxicity,qwen2.5-coder-14b-instruct,435,1,1379,134,True,
2025-08-30T00:40:56.145146,empathy,qwen2.5-coder-14b-instruct,527,1,1670,154,True,
2025-08-30T00:40:57.817624,bridge,qwen2.5-coder-14b-instruct,820,1,1671,210,True,
2025-08-30T00:41:07.318800,generate,qwen2.5-coder-14b-instruct,2217,229,9500,551,True,
2025-08-30T00:41:09.048234,kindness,qwen2.5-coder-14b-instruct,493,1,1728,140,True,
2025-08-30T00:41:10.400714,toxicity,qwen2.5-coder-14b-instruct,393,1,1351,118,True,
2025-08-30T00:41:11.891835,empathy,qwen2.5-coder-14b-instruct,485,1,1490,138,True,
2025-08-30T00:41:13.653029,bridge,qwen2.5-coder-14b-instruct,757,1,1760,204,True,
2025-08-30T00:41:24.374389,generate,qwen2.5-coder-14b-instruct,2125,258,10720,543,True,
2025-08-30T00:41:26.057306,kindness,qwen2.5-coder-14b-instruct,522,1,1682,148,True,
2025-08-30T00:41:27.480872,toxicity,qwen2.5-coder-14b-instruct,422,1,1422,126,True,
2025-08-30T00:41:28.913678,empathy,qwen2.5-coder-14b-instruct,514,1,1432,146,True,
2025-08-30T00:41:41.079652,generate,qwen2.5-coder-14b-instruct,2151,262,12164,584,True,
2025-08-30T00:41:42.781334,kindness,qwen2.5-coder-14b-instruct,526,1,1700,151,True,
2025-08-30T00:41:44.273737,toxicity,qwen2.5-coder-14b-instruct,426,1,1491,129,True,
2025-08-30T00:41:45.710884,empathy,qwen2.5-coder-14b-instruct,518,1,1436,149,True,
2025-08-30T00:41:47.445045,bridge,qwen2.5-coder-14b-instruct,777,1,1733,208,True,
2025-08-30T00:41:57.796812,generate,qwen2.5-coder-14b-instruct,859,326,10350,324,True,
2025-08-30T00:41:59.531393,kindness,qwen2.5-coder-14b-instruct,621,1,1733,157,True,
2025-08-30T00:42:00.932719,toxicity,qwen2.5-coder-14b-instruct,490,1,1400,127,True,
2025-08-30T00:42:02.705891,empathy,qwen2.5-coder-14b-instruct,613,1,1772,155,True,
2025-08-30T00:42:12.020880,generate,qwen2.5-coder-14b-instruct,1128,235,9313,326,True,
2025-08-30T00:42:13.867714,kindness,qwen2.5-coder-14b-instruct,530,1,1846,152,True,
2025-08-30T00:42:15.301937,toxicity,qwen2.5-coder-14b-instruct,399,1,1433,121,True,
2025-08-30T00:42:16.734535,empathy,qwen2.5-coder-14b-instruct,522,1,1431,149,True,
2025-08-30T00:42:18.475616,bridge,qwen2.5-coder-14b-instruct,820,1,1740,201,True,
2025-08-30T00:42:26.359974,generate,qwen2.5-coder-14b-instruct,1416,214,7883,407,True,
2025-08-30T00:42:28.022443,kindness,qwen2.5-coder-14b-instruct,509,1,1661,139,True,
2025-08-30T00:42:29.428992,toxicity,qwen2.5-coder-14b-instruct,378,1,1405,109,True,
2025-08-30T00:42:30.835695,empathy,qwen2.5-coder-14b-instruct,501,1,1406,137,True,
2025-08-30T00:42:32.606684,bridge,qwen2.5-coder-14b-instruct,707,1,1770,183,True,
2025-08-30T00:42:45.068938,generate,qwen2.5-coder-14b-instruct,1650,284,12460,474,True,
2025-08-30T00:42:46.837633,kindness,qwen2.5-coder-14b-instruct,579,1,1767,169,True,
2025-08-30T00:42:48.478494,toxicity,qwen2.5-coder-14b-instruct,448,1,1640,140,True,
2025-08-30T00:42:50.173553,empathy,qwen2.5-coder-14b-instruct,571,1,1694,167,True,
2025-08-30T00:42:51.906008,bridge,qwen2.5-coder-14b-instruct,755,1,1731,200,True,
2025-08-30T00:43:02.956781,generate,qwen2.5-coder-14b-instruct,1908,280,11049,502,True,
2025-08-30T00:43:04.615407,kindness,qwen2.5-coder-14b-instruct,575,1,1657,159,True,
2025-08-30T00:43:06.089207,toxicity,qwen2.5-coder-14b-instruct,444,1,1473,129,True,
2025-08-30T00:43:07.754790,empathy,qwen2.5-coder-14b-instruct,567,1,1664,157,True,
2025-08-30T00:43:09.467440,bridge,qwen2.5-coder-14b-instruct,821,1,1712,220,True,
2025-08-30T00:43:18.855822,generate,qwen2.5-coder-14b-instruct,2217,272,9387,554,True,
2025-08-30T00:43:20.531759,kindness,qwen2.5-coder-14b-instruct,567,1,1675,147,True,
2025-08-30T00:43:21.963776,toxicity,qwen2.5-coder-14b-instruct,436,1,1431,117,True,
2025-08-30T00:43:23.399760,empathy,qwen2.5-coder-14b-instruct,559,1,1435,145,True,
2025-08-30T00:43:25.137818,bridge,qwen2.5-coder-14b-instruct,809,1,1737,198,True,
2025-08-30T00:43:34.403576,generate,qwen2.5-coder-14b-instruct,2178,249,9264,556,True,
2025-08-30T00:43:36.092166,kindness,qwen2.5-coder-14b-instruct,544,1,1687,146,True,
2025-08-30T00:43:37.444321,toxicity,qwen2.5-coder-14b-instruct,413,1,1351,116,True,
2025-08-30T00:43:38.858808,empathy,qwen2.5-coder-14b-instruct,536,1,1413,144,True,
2025-08-30T00:43:40.550183,bridge,qwen2.5-coder-14b-instruct,778,1,1690,185,True,
2025-08-30T00:43:51.980606,generate,qwen2.5-coder-14b-instruct,2179,324,11429,552,True,
2025-08-30T00:43:53.707823,kindness,qwen2.5-coder-14b-instruct,619,1,1726,161,True,
2025-08-30T00:43:55.111695,toxicity,qwen2.5-coder-14b-instruct,488,1,1403,131,True,
2025-08-30T00:43:56.881946,empathy,qwen2.5-coder-14b-instruct,611,1,1769,159,True,
2025-08-30T00:44:08.453705,generate,qwen2.5-coder-14b-instruct,2293,253,11570,585,True,
2025-08-30T00:44:10.194003,kindness,qwen2.5-coder-14b-instruct,548,1,1739,152,True,
2025-08-30T00:44:11.567130,toxicity,qwen2.5-coder-14b-instruct,417,1,1372,122,True,
2025-08-30T00:44:12.899000,empathy,qwen2.5-coder-14b-instruct,540,1,1331,150,True,
2025-08-30T00:44:23.605330,generate,qwen2.5-coder-14b-instruct,2250,286,10705,553,True,
2025-08-30T00:44:25.349322,kindness,qwen2.5-coder-14b-instruct,581,1,1743,156,True,
2025-08-30T00:44:26.782996,toxicity,qwen2.5-coder-14b-instruct,450,1,1433,126,True,
2025-08-30T00:44:28.523621,empathy,qwen2.5-coder-14b-instruct,573,1,1739,154,True,
2025-08-30T00:44:38.658750,generate,qwen2.5-coder-14b-instruct,842,261,9130,295,True,
2025-08-30T00:44:40.335215,kindness,qwen2.5-coder-14b-instruct,565,1,1675,147,True,
2025-08-30T00:44:41.704282,toxicity,qwen2.5-coder-14b-instruct,425,1,1368,121,True,
2025-08-30T00:44:43.119284,empathy,qwen2.5-coder-14b-instruct,557,1,1414,145,True,
2025-08-30T00:44:51.733924,generate,qwen2.5-coder-14b-instruct,1072,256,8613,312,True,
2025-08-30T00:44:53.407572,kindness,qwen2.5-coder-14b-instruct,560,1,1672,141,True,
2025-08-30T00:44:54.840250,toxicity,qwen2.5-coder-14b-instruct,420,1,1432,115,True,
2025-08-30T00:44:56.270617,empathy,qwen2.5-coder-14b-instruct,552,1,1429,139,True,
2025-08-30T00:44:58.012048,bridge,qwen2.5-coder-14b-instruct,774,1,1740,188,True,
2025-08-30T00:45:06.920769,generate,qwen2.5-coder-14b-instruct,1390,272,8907,405,True,
2025-08-30T00:45:08.661351,kindness,qwen2.5-coder-14b-instruct,576,1,1739,142,True,
2025-08-30T00:45:10.013940,toxicity,qwen2.5-coder-14b-instruct,436,1,1351,116,True,
2025-08-30T00:45:11.410566,empathy,qwen2.5-coder-14b-instruct,568,1,1396,140,True,
2025-08-30T00:45:13.100964,bridge,qwen2.5-coder-14b-instruct,786,1,1689,183,True,
2025-08-30T00:45:24.431185,generate,qwen2.5-coder-14b-instruct,1637,304,11328,427,True,
2025-08-30T00:45:26.174290,kindness,qwen2.5-coder-14b-instruct,608,1,1742,159,True,
2025-08-30T00:45:27.609209,toxicity,qwen2.5-coder-14b-instruct,468,1,1434,133,True,
2025-08-30T00:45:29.350020,empathy,qwen2.5-coder-14b-instruct,600,1,1740,157,True,
2025-08-30T00:45:31.052307,bridge,qwen2.5-coder-14b-instruct,833,1,1701,201,True,
2025-08-30T00:45:41.493150,generate,qwen2.5-coder-14b-instruct,1952,274,10439,484,True,
2025-08-30T00:45:43.276112,kindness,qwen2.5-coder-14b-instruct,578,1,1782,151,True,
2025-08-30T00:45:44.708010,toxicity,qwen2.5-coder-14b-instruct,438,1,1431,125,True,
2025-08-30T00:45:46.142756,empathy,qwen2.5-coder-14b-instruct,570,1,1434,149,True,
2025-08-30T00:45:57.714251,generate,qwen2.5-coder-14b-instruct,2264,326,11570,569,True,
2025-08-30T00:45:59.374172,kindness,qwen2.5-coder-14b-instruct,630,1,1659,157,True,
2025-08-30T00:46:00.756332,toxicity,qwen2.5-coder-14b-instruct,490,1,1381,131,True,
2025-08-30T00:46:02.421630,empathy,qwen2.5-coder-14b-instruct,622,1,1664,155,True,
2025-08-30T00:46:04.124492,bridge,qwen2.5-coder-14b-instruct,858,1,1702,209,True,
2025-08-30T00:46:15.552431,generate,qwen2.5-coder-14b-instruct,2351,241,11426,584,True,
2025-08-30T00:46:17.207263,kindness,qwen2.5-coder-14b-instruct,545,1,1654,148,True,
2025-08-30T00:46:18.600515,toxicity,qwen2.5-coder-14b-instruct,405,1,1392,122,True,
2025-08-30T00:46:19.994785,empathy,qwen2.5-coder-14b-instruct,537,1,1393,146,True,
2025-08-30T00:46:21.773629,bridge,qwen2.5-coder-14b-instruct,824,1,1778,205,True,
2025-08-30T00:46:32.530213,generate,qwen2.5-coder-14b-instruct,2302,294,10755,564,True,
2025-08-30T00:46:34.200705,kindness,qwen2.5-coder-14b-instruct,598,1,1669,152,True,
2025-08-30T00:46:35.602423,toxicity,qwen2.5-coder-14b-instruct,458,1,1401,126,True,
2025-08-30T00:46:37.035649,empathy,qwen2.5-coder-14b-instruct,590,1,1432,150,True,
2025-08-30T00:46:49.584255,generate,qwen2.5-coder-14b-instruct,2338,244,12547,596,True,
2025-08-30T00:46:51.370120,kindness,qwen2.5-coder-14b-instruct,548,1,1785,155,True,
2025-08-30T00:46:52.805928,toxicity,qwen2.5-coder-14b-instruct,408,1,1435,129,True,
2025-08-30T00:46:54.546129,empathy,qwen2.5-coder-14b-instruct,540,1,1739,153,True,
2025-08-30T00:47:06.116152,generate,qwen2.5-coder-14b-instruct,2282,266,11568,589,True,
2025-08-30T00:47:07.761604,kindness,qwen2.5-coder-14b-instruct,570,1,1644,148,True,
2025-08-30T00:47:09.123725,toxicity,qwen2.5-coder-14b-instruct,430,1,1361,122,True,
2025-08-30T00:47:10.526151,empathy,qwen2.5-coder-14b-instruct,562,1,1401,146,True,
2025-08-30T00:47:12.261456,bridge,qwen2.5-coder-14b-instruct,767,1,1734,204,True,
2025-08-30T00:47:20.838035,generate,qwen2.5-coder-14b-instruct,823,231,8574,274,True,
2025-08-30T00:47:22.604194,kindness,qwen2.5-coder-14b-instruct,542,1,1765,153,True,
2025-08-30T00:47:24.038219,toxicity,qwen2.5-coder-14b-instruct,395,1,1433,119,True,
2025-08-30T00:47:25.778624,empathy,qwen2.5-coder-14b-instruct,534,1,1739,151,True,
2025-08-30T00:47:36.710353,generate,qwen2.5-coder-14b-instruct,1063,310,10930,354,True,
2025-08-30T00:47:38.371487,kindness,qwen2.5-coder-14b-instruct,621,1,1660,165,True,
2025-08-30T00:47:39.751974,toxicity,qwen2.5-coder-14b-instruct,474,1,1379,131,True,
2025-08-30T00:47:41.444964,empathy,qwen2.5-coder-14b-instruct,613,1,1692,163,True,
2025-08-30T00:47:43.187104,bridge,qwen2.5-coder-14b-instruct,797,1,1741,202,True,
2025-08-30T00:47:49.730559,generate,qwen2.5-coder-14b-instruct,1378,169,6542,370,True,
2025-08-30T00:47:51.480100,kindness,qwen2.5-coder-14b-instruct,480,1,1748,135,True,
2025-08-30T00:47:52.828124,toxicity,qwen2.5-coder-14b-instruct,333,1,1347,101,True,
2025-08-30T00:47:54.245461,empathy,qwen2.5-coder-14b-instruct,472,1,1416,133,True,
2025-08-30T00:48:03.256724,generate,qwen2.5-coder-14b-instruct,1568,252,9009,417,True,
2025-08-30T00:48:04.928215,kindness,qwen2.5-coder-14b-instruct,563,1,1670,151,True,
2025-08-30T00:48:06.272832,toxicity,qwen2.5-coder-14b-instruct,416,1,1343,117,True,
2025-08-30T00:48:07.762494,empathy,qwen2.5-coder-14b-instruct,555,1,1489,149,True,
2025-08-30T00:48:20.386654,generate,qwen2.5-coder-14b-instruct,1838,335,12622,494,True,
2025-08-30T00:48:22.097891,kindness,qwen2.5-coder-14b-instruct,646,1,1710,173,True,
2025-08-30T00:48:23.506079,toxicity,qwen2.5-coder-14b-instruct,499,1,1407,139,True,
2025-08-30T00:48:25.170707,empathy,qwen2.5-coder-14b-instruct,638,1,1663,171,True,
2025-08-30T00:48:34.597112,generate,qwen2.5-coder-14b-instruct,2173,222,9425,540,True,
2025-08-30T00:48:36.332416,kindness,qwen2.5-coder-14b-instruct,533,1,1734,150,True,
2025-08-30T00:48:37.765698,toxicity,qwen2.5-coder-14b-instruct,386,1,1432,116,True,
2025-08-30T00:48:39.198293,empathy,qwen2.5-coder-14b-instruct,525,1,1431,148,True,
2025-08-30T00:48:49.377779,generate,qwen2.5-coder-14b-instruct,2176,347,10178,543,True,
2025-08-30T00:48:51.060353,kindness,qwen2.5-coder-14b-instruct,658,1,1681,156,True,
2025-08-30T00:48:52.507923,toxicity,qwen2.5-coder-14b-instruct,511,1,1446,122,True,
2025-08-30T00:48:54.253925,empathy,qwen2.5-coder-14b-instruct,650,1,1745,154,True,
2025-08-30T00:49:02.441750,generate,qwen2.5-coder-14b-instruct,2230,209,8186,545,True,
2025-08-30T00:49:04.184729,kindness,qwen2.5-coder-14b-instruct,520,1,1742,142,True,
2025-08-30T00:49:05.619285,toxicity,qwen2.5-coder-14b-instruct,373,1,1433,108,True,
2025-08-30T00:49:07.036599,empathy,qwen2.5-coder-14b-instruct,512,1,1416,140,True,
2025-08-30T00:49:08.705251,bridge,qwen2.5-coder-14b-instruct,813,1,1668,182,True,
2025-08-30T00:49:20.876981,generate,qwen2.5-coder-14b-instruct,2294,270,12170,593,True,
2025-08-30T00:49:22.614250,kindness,qwen2.5-coder-14b-instruct,581,1,1736,159,True,
2025-08-30T00:49:24.051290,toxicity,qwen2.5-coder-14b-instruct,434,1,1436,125,True,
2025-08-30T00:49:25.793874,empathy,qwen2.5-coder-14b-instruct,573,1,1741,157,True,
2025-08-30T00:49:27.473076,bridge,qwen2.5-coder-14b-instruct,737,1,1678,186,True,
2025-08-30T00:49:39.458198,generate,qwen2.5-coder-14b-instruct,2301,256,11983,588,True,
2025-08-30T00:49:41.128951,kindness,qwen2.5-coder-14b-instruct,567,1,1670,159,True,
2025-08-30T00:49:42.516642,toxicity,qwen2.5-coder-14b-instruct,420,1,1387,125,True,
2025-08-30T00:49:44.223969,empathy,qwen2.5-coder-14b-instruct,559,1,1706,157,True,
2025-08-30T00:49:53.618170,generate,qwen2.5-coder-14b-instruct,835,266,8390,288,True,
2025-08-30T00:49:55.385041,kindness,qwen2.5-coder-14b-instruct,572,1,1766,144,True,
2025-08-30T00:49:56.734268,toxicity,qwen2.5-coder-14b-instruct,430,1,1348,117,True,
2025-08-30T00:49:58.147567,empathy,qwen2.5-coder-14b-instruct,564,1,1412,142,True,
2025-08-30T00:50:06.013751,generate,qwen2.5-coder-14b-instruct,1070,200,7864,304,True,
2025-08-30T00:50:07.774650,kindness,qwen2.5-coder-14b-instruct,506,1,1760,137,True,
2025-08-30T00:50:09.126054,toxicity,qwen2.5-coder-14b-instruct,364,1,1350,110,True,
2025-08-30T00:50:10.524993,empathy,qwen2.5-coder-14b-instruct,498,1,1398,135,True,
2025-08-30T00:50:20.266605,generate,qwen2.5-coder-14b-instruct,1292,301,9740,359,True,
2025-08-30T00:50:22.008991,kindness,qwen2.5-coder-14b-instruct,607,1,1741,149,True,
2025-08-30T00:50:23.442557,toxicity,qwen2.5-coder-14b-instruct,465,1,1432,122,True,
2025-08-30T00:50:24.834237,empathy,qwen2.5-coder-14b-instruct,599,1,1391,147,True,
2025-08-30T00:50:33.170704,generate,qwen2.5-coder-14b-instruct,1612,218,8335,406,True,
2025-08-30T00:50:34.907904,kindness,qwen2.5-coder-14b-instruct,524,1,1736,139,True,
2025-08-30T00:50:36.347478,toxicity,qwen2.5-coder-14b-instruct,382,1,1438,112,True,
2025-08-30T00:50:37.779374,empathy,qwen2.5-coder-14b-instruct,516,1,1431,137,True,
2025-08-30T00:50:50.892079,generate,qwen2.5-coder-14b-instruct,1870,410,13111,512,True,
2025-08-30T00:50:52.610007,kindness,qwen2.5-coder-14b-instruct,716,1,1717,169,True,
2025-08-30T00:50:54.063099,toxicity,qwen2.5-coder-14b-instruct,574,1,1452,142,True,
2025-08-30T00:50:55.754558,empathy,qwen2.5-coder-14b-instruct,708,1,1690,167,True,
2025-08-30T00:51:08.294061,generate,qwen2.5-coder-14b-instruct,2289,377,12538,574,True,
2025-08-30T00:51:10.033964,kindness,qwen2.5-coder-14b-instruct,683,1,1739,164,True,
2025-08-30T00:51:11.445216,toxicity,qwen2.5-coder-14b-instruct,541,1,1410,137,True,
2025-08-30T00:51:13.095120,empathy,qwen2.5-coder-14b-instruct,675,1,1649,162,True,
2025-08-30T00:51:14.849773,bridge,qwen2.5-coder-14b-instruct,1044,1,1753,232,True,
2025-08-30T00:51:23.346177,generate,qwen2.5-coder-14b-instruct,2384,198,8495,545,True,
2025-08-30T00:51:25.091703,kindness,qwen2.5-coder-14b-instruct,504,1,1744,137,True,
2025-08-30T00:51:26.520289,toxicity,qwen2.5-coder-14b-instruct,362,1,1427,110,True,
2025-08-30T00:51:27.943478,empathy,qwen2.5-coder-14b-instruct,496,1,1422,135,True,
2025-08-30T00:51:29.647591,bridge,qwen2.5-coder-14b-instruct,832,1,1703,200,True,
2025-08-30T00:51:44.119239,generate,qwen2.5-coder-14b-instruct,2416,336,14469,611,True,
2025-08-30T00:51:45.830299,kindness,qwen2.5-coder-14b-instruct,642,1,1710,166,True,
2025-08-30T00:51:47.306609,toxicity,qwen2.5-coder-14b-instruct,500,1,1475,139,True,
2025-08-30T00:51:49.049045,empathy,qwen2.5-coder-14b-instruct,634,1,1741,164,True,
2025-08-30T00:51:59.634331,generate,qwen2.5-coder-14b-instruct,2421,290,10583,570,True,
2025-08-30T00:52:01.279184,kindness,qwen2.5-coder-14b-instruct,596,1,1644,146,True,
2025-08-30T00:52:02.669184,toxicity,qwen2.5-coder-14b-instruct,454,1,1389,119,True,
2025-08-30T00:52:04.102634,empathy,qwen2.5-coder-14b-instruct,588,1,1432,144,True,
2025-08-30T00:52:05.843087,bridge,qwen2.5-coder-14b-instruct,883,1,1739,210,True,
2025-08-30T00:52:17.823689,generate,qwen2.5-coder-14b-instruct,2532,264,11979,628,True,
2025-08-30T00:52:19.515410,kindness,qwen2.5-coder-14b-instruct,570,1,1691,153,True,
2025-08-30T00:52:20.997927,toxicity,qwen2.5-coder-14b-instruct,428,1,1481,126,True,
2025-08-30T00:52:22.739032,empathy,qwen2.5-coder-14b-instruct,562,1,1740,151,True,
2025-08-30T00:52:24.419312,bridge,qwen2.5-coder-14b-instruct,812,1,1679,197,True,
2025-08-30T00:52:33.494929,generate,qwen2.5-coder-14b-instruct,814,239,9074,279,True,
2025-08-30T00:52:35.184097,kindness,qwen2.5-coder-14b-instruct,543,1,1688,154,True,
2025-08-30T00:52:36.668349,toxicity,qwen2.5-coder-14b-instruct,403,1,1483,121,True,
2025-08-30T00:52:38.512644,empathy,qwen2.5-coder-14b-instruct,535,1,1843,152,True,
2025-08-30T00:52:46.907389,generate,qwen2.5-coder-14b-instruct,1081,238,8393,354,True,
2025-08-30T00:52:48.642484,kindness,qwen2.5-coder-14b-instruct,542,1,1734,146,True,
2025-08-30T00:52:49.989620,toxicity,qwen2.5-coder-14b-instruct,402,1,1346,113,True,
2025-08-30T00:52:51.411731,empathy,qwen2.5-coder-14b-instruct,534,1,1421,144,True,
2025-08-30T00:52:53.150969,bridge,qwen2.5-coder-14b-instruct,735,1,1738,187,True,
2025-08-30T00:53:06.180673,generate,qwen2.5-coder-14b-instruct,1345,402,13028,438,True,
2025-08-30T00:53:07.895275,kindness,qwen2.5-coder-14b-instruct,706,1,1713,177,True,
2025-08-30T00:53:09.330841,toxicity,qwen2.5-coder-14b-instruct,566,1,1434,144,True,
2025-08-30T00:53:10.995934,empathy,qwen2.5-coder-14b-instruct,698,1,1664,175,True,
2025-08-30T00:53:12.643016,bridge,qwen2.5-coder-14b-instruct,898,1,1646,210,True,
2025-08-30T00:53:24.062123,generate,qwen2.5-coder-14b-instruct,1720,374,11417,456,True,
2025-08-30T00:53:25.817910,kindness,qwen2.5-coder-14b-instruct,678,1,1755,164,True,
2025-08-30T00:53:27.202063,toxicity,qwen2.5-coder-14b-instruct,538,1,1383,131,True,
2025-08-30T00:53:28.865306,empathy,qwen2.5-coder-14b-instruct,670,1,1662,162,True,
2025-08-30T00:53:30.630642,bridge,qwen2.5-coder-14b-instruct,1033,1,1764,227,True,
2025-08-30T00:53:39.745003,generate,qwen2.5-coder-14b-instruct,2128,256,9113,538,True,
2025-08-30T00:53:41.481618,kindness,qwen2.5-coder-14b-instruct,560,1,1735,147,True,
2025-08-30T00:53:42.875471,toxicity,qwen2.5-coder-14b-instruct,420,1,1393,114,True,
2025-08-30T00:53:44.291512,empathy,qwen2.5-coder-14b-instruct,552,1,1415,145,True,
2025-08-30T00:53:52.748414,generate,qwen2.5-coder-14b-instruct,2384,212,8455,550,True,
2025-08-30T00:53:54.488908,kindness,qwen2.5-coder-14b-instruct,516,1,1739,144,True,
2025-08-30T00:53:55.922819,toxicity,qwen2.5-coder-14b-instruct,376,1,1433,111,True,
2025-08-30T00:53:57.345803,empathy,qwen2.5-coder-14b-instruct,508,1,1422,142,True,
2025-08-30T00:54:08.005009,generate,qwen2.5-coder-14b-instruct,2405,259,10657,596,True,
2025-08-30T00:54:09.748239,kindness,qwen2.5-coder-14b-instruct,563,1,1742,152,True,
2025-08-30T00:54:11.119141,toxicity,qwen2.5-coder-14b-instruct,423,1,1370,119,True,
2025-08-30T00:54:12.446282,empathy,qwen2.5-coder-14b-instruct,555,1,1326,150,True,
2025-08-30T00:54:14.137409,bridge,qwen2.5-coder-14b-instruct,729,1,1690,183,True,
2025-08-30T00:54:25.413489,generate,qwen2.5-coder-14b-instruct,2411,259,11274,589,True,
2025-08-30T00:54:27.122824,kindness,qwen2.5-coder-14b-instruct,563,1,1708,152,True,
2025-08-30T00:54:28.493748,toxicity,qwen2.5-coder-14b-instruct,423,1,1370,119,True,
2025-08-30T00:54:29.831529,empathy,qwen2.5-coder-14b-instruct,555,1,1337,150,True,
2025-08-30T00:54:31.546603,bridge,qwen2.5-coder-14b-instruct,776,1,1714,191,True,
2025-08-30T00:54:41.391673,generate,qwen2.5-coder-14b-instruct,2225,272,9843,529,True,
2025-08-30T00:54:43.105761,kindness,qwen2.5-coder-14b-instruct,576,1,1713,154,True,
2025-08-30T00:54:44.564390,toxicity,qwen2.5-coder-14b-instruct,436,1,1457,121,True,
2025-08-30T00:54:46.220302,empathy,qwen2.5-coder-14b-instruct,568,1,1655,152,True,
2025-08-30T00:54:48.041556,bridge,qwen2.5-coder-14b-instruct,787,1,1820,192,True,
2025-08-30T00:54:57.660917,generate,qwen2.5-coder-14b-instruct,2154,259,9617,551,True,
2025-08-30T00:54:59.354725,kindness,qwen2.5-coder-14b-instruct,563,1,1693,152,True,
2025-08-30T00:55:00.741412,toxicity,qwen2.5-coder-14b-instruct,423,1,1386,119,True,
2025-08-30T00:55:02.278197,empathy,qwen2.5-coder-14b-instruct,555,1,1536,150,True,
2025-08-30T00:55:12.618867,generate,qwen2.5-coder-14b-instruct,867,225,9337,312,True,
2025-08-30T00:55:14.362442,kindness,qwen2.5-coder-14b-instruct,536,1,1742,154,True,
2025-08-30T00:55:15.795021,toxicity,qwen2.5-coder-14b-instruct,389,1,1431,120,True,
2025-08-30T00:55:17.532274,empathy,qwen2.5-coder-14b-instruct,528,1,1736,152,True,
2025-08-30T00:55:26.442773,generate,qwen2.5-coder-14b-instruct,1056,247,8909,337,True,
2025-08-30T00:55:28.154241,kindness,qwen2.5-coder-14b-instruct,558,1,1710,150,True,
2025-08-30T00:55:29.518558,toxicity,qwen2.5-coder-14b-instruct,411,1,1363,116,True,
2025-08-30T00:55:30.946977,empathy,qwen2.5-coder-14b-instruct,550,1,1427,148,True,
2025-08-30T00:55:39.958586,generate,qwen2.5-coder-14b-instruct,1298,235,9010,371,True,
2025-08-30T00:55:41.699746,kindness,qwen2.5-coder-14b-instruct,546,1,1740,151,True,
2025-08-30T00:55:43.055472,toxicity,qwen2.5-coder-14b-instruct,399,1,1355,117,True,
2025-08-30T00:55:44.567127,empathy,qwen2.5-coder-14b-instruct,538,1,1511,149,True,
2025-08-30T00:55:54.808929,generate,qwen2.5-coder-14b-instruct,1548,298,10240,433,True,
2025-08-30T00:55:56.550758,kindness,qwen2.5-coder-14b-instruct,609,1,1741,159,True,
2025-08-30T00:55:57.930785,toxicity,qwen2.5-coder-14b-instruct,462,1,1379,125,True,
2025-08-30T00:55:59.619318,empathy,qwen2.5-coder-14b-instruct,601,1,1687,157,True,
2025-08-30T00:56:09.248389,generate,qwen2.5-coder-14b-instruct,1860,208,9627,483,True,
2025-08-30T00:56:10.937077,kindness,qwen2.5-coder-14b-instruct,519,1,1687,152,True,
2025-08-30T00:56:12.282801,toxicity,qwen2.5-coder-14b-instruct,372,1,1345,118,True,
2025-08-30T00:56:13.647914,empathy,qwen2.5-coder-14b-instruct,511,1,1364,150,True,
2025-08-30T00:56:15.340593,bridge,qwen2.5-coder-14b-instruct,763,1,1692,195,True,
2025-08-30T00:56:26.550224,generate,qwen2.5-coder-14b-instruct,2089,293,11208,541,True,
2025-08-30T00:56:28.198161,kindness,qwen2.5-coder-14b-instruct,604,1,1647,163,True,
2025-08-30T00:56:29.580840,toxicity,qwen2.5-coder-14b-instruct,457,1,1382,129,True,
2025-08-30T00:56:31.279237,empathy,qwen2.5-coder-14b-instruct,596,1,1697,161,True,
2025-08-30T00:56:42.051896,generate,qwen2.5-coder-14b-instruct,2160,298,10771,542,True,
2025-08-30T00:56:43.755040,kindness,qwen2.5-coder-14b-instruct,609,1,1702,161,True,
2025-08-30T00:56:45.153207,toxicity,qwen2.5-coder-14b-instruct,462,1,1397,127,True,
2025-08-30T00:56:46.832256,empathy,qwen2.5-coder-14b-instruct,601,1,1678,159,True,
2025-08-30T00:56:57.826206,generate,qwen2.5-coder-14b-instruct,2201,294,10992,556,True,
2025-08-30T00:56:59.485911,kindness,qwen2.5-coder-14b-instruct,605,1,1658,162,True,
2025-08-30T00:57:00.919649,toxicity,qwen2.5-coder-14b-instruct,458,1,1432,128,True,
2025-08-30T00:57:02.599200,empathy,qwen2.5-coder-14b-instruct,597,1,1678,160,True,
2025-08-30T00:57:04.339435,bridge,qwen2.5-coder-14b-instruct,849,1,1739,207,True,
2025-08-30T00:57:15.501284,generate,qwen2.5-coder-14b-instruct,2293,260,11159,594,True,
2025-08-30T00:57:17.242163,kindness,qwen2.5-coder-14b-instruct,571,1,1739,156,True,
2025-08-30T00:57:18.672951,toxicity,qwen2.5-coder-14b-instruct,424,1,1429,122,True,
2025-08-30T00:57:20.416500,empathy,qwen2.5-coder-14b-instruct,563,1,1742,154,True,
2025-08-30T00:57:33.114303,generate,qwen2.5-coder-14b-instruct,2272,264,12695,618,True,
2025-08-30T00:57:34.850738,kindness,qwen2.5-coder-14b-instruct,575,1,1735,165,True,
2025-08-30T00:57:36.256157,toxicity,qwen2.5-coder-14b-instruct,428,1,1404,131,True,
2025-08-30T00:57:37.926805,empathy,qwen2.5-coder-14b-instruct,567,1,1669,163,True,
2025-08-30T00:57:39.667655,bridge,qwen2.5-coder-14b-instruct,780,1,1739,205,True,
2025-08-30T00:57:47.616101,generate,qwen2.5-coder-14b-instruct,851,187,7945,302,True,
2025-08-30T00:57:49.304150,kindness,qwen2.5-coder-14b-instruct,482,1,1686,144,True,
2025-08-30T00:57:50.726937,toxicity,qwen2.5-coder-14b-instruct,351,1,1421,114,True,
2025-08-30T00:57:52.160389,empathy,qwen2.5-coder-14b-instruct,474,1,1432,142,True,
2025-08-30T00:58:02.094547,generate,qwen2.5-coder-14b-instruct,985,266,9931,322,True,
2025-08-30T00:58:03.834358,kindness,qwen2.5-coder-14b-instruct,561,1,1738,154,True,
2025-08-30T00:58:05.267969,toxicity,qwen2.5-coder-14b-instruct,430,1,1432,124,True,
2025-08-30T00:58:07.008715,empathy,qwen2.5-coder-14b-instruct,553,1,1739,152,True,
2025-08-30T00:58:19.808942,generate,qwen2.5-coder-14b-instruct,1305,381,12797,433,True,
2025-08-30T00:58:21.550231,kindness,qwen2.5-coder-14b-instruct,676,1,1739,172,True,
2025-08-30T00:58:22.980221,toxicity,qwen2.5-coder-14b-instruct,545,1,1428,142,True,
2025-08-30T00:58:24.726863,empathy,qwen2.5-coder-14b-instruct,668,1,1745,170,True,
2025-08-30T00:58:26.565086,bridge,qwen2.5-coder-14b-instruct,904,1,1836,218,True,
2025-08-30T00:58:37.012041,generate,qwen2.5-coder-14b-instruct,1669,277,10443,454,True,
2025-08-30T00:58:38.753427,kindness,qwen2.5-coder-14b-instruct,572,1,1739,154,True,
2025-08-30T00:58:40.186498,toxicity,qwen2.5-coder-14b-instruct,441,1,1431,124,True,
2025-08-30T00:58:41.927165,empathy,qwen2.5-coder-14b-instruct,564,1,1739,152,True,
2025-08-30T00:58:43.664521,bridge,qwen2.5-coder-14b-instruct,915,1,1735,219,True,
2025-08-30T00:58:55.137213,generate,qwen2.5-coder-14b-instruct,1963,342,11469,516,True,
2025-08-30T00:58:56.877445,kindness,qwen2.5-coder-14b-instruct,637,1,1738,160,True,
2025-08-30T00:58:58.284437,toxicity,qwen2.5-coder-14b-instruct,506,1,1405,130,True,
2025-08-30T00:58:59.938063,empathy,qwen2.5-coder-14b-instruct,629,1,1652,158,True,
2025-08-30T00:59:12.362960,generate,qwen2.5-coder-14b-instruct,2321,341,12421,581,True,
2025-08-30T00:59:14.043092,kindness,qwen2.5-coder-14b-instruct,636,1,1678,164,True,
2025-08-30T00:59:15.518122,toxicity,qwen2.5-coder-14b-instruct,505,1,1473,134,True,
2025-08-30T00:59:17.256702,empathy,qwen2.5-coder-14b-instruct,628,1,1737,162,True,
2025-08-30T00:59:29.477855,generate,qwen2.5-coder-14b-instruct,2478,325,12218,589,True,
2025-08-30T00:59:31.144483,kindness,qwen2.5-coder-14b-instruct,620,1,1665,158,True,
2025-08-30T00:59:32.539510,toxicity,qwen2.5-coder-14b-instruct,489,1,1393,128,True,
2025-08-30T00:59:34.254432,empathy,qwen2.5-coder-14b-instruct,612,1,1713,156,True,
2025-08-30T00:59:43.418855,generate,qwen2.5-coder-14b-instruct,2529,206,9161,573,True,
2025-08-30T00:59:45.078254,kindness,qwen2.5-coder-14b-instruct,501,1,1657,136,True,
2025-08-30T00:59:46.430957,toxicity,qwen2.5-coder-14b-instruct,370,1,1351,106,True,
2025-08-30T00:59:47.834326,empathy,qwen2.5-coder-14b-instruct,493,1,1402,134,True,
2025-08-30T00:59:49.614290,bridge,qwen2.5-coder-14b-instruct,788,1,1778,186,True,
2025-08-30T01:00:00.468673,generate,qwen2.5-coder-14b-instruct,2405,300,10851,596,True,
2025-08-30T01:00:02.208993,kindness,qwen2.5-coder-14b-instruct,595,1,1738,149,True,
2025-08-30T01:00:03.641701,toxicity,qwen2.5-coder-14b-instruct,464,1,1431,119,True,
2025-08-30T01:00:05.075750,empathy,qwen2.5-coder-14b-instruct,587,1,1432,147,True,
2025-08-30T01:00:06.814992,bridge,qwen2.5-coder-14b-instruct,764,1,1737,177,True,
2025-08-30T01:00:17.466563,generate,qwen2.5-coder-14b-instruct,2397,300,10648,571,True,
2025-08-30T01:00:19.207626,kindness,qwen2.5-coder-14b-instruct,595,1,1739,149,True,
2025-08-30T01:00:20.590386,toxicity,qwen2.5-coder-14b-instruct,464,1,1381,119,True,
2025-08-30T01:00:22.074293,empathy,qwen2.5-coder-14b-instruct,587,1,1482,147,True,
2025-08-30T01:00:23.816097,bridge,qwen2.5-coder-14b-instruct,858,1,1740,191,True,
2025-08-30T01:00:35.588112,generate,qwen2.5-coder-14b-instruct,827,399,10758,287,True,
2025-08-30T01:00:37.266981,kindness,qwen2.5-coder-14b-instruct,703,1,1677,166,True,
2025-08-30T01:00:38.764120,toxicity,qwen2.5-coder-14b-instruct,563,1,1495,133,True,
2025-08-30T01:00:40.506315,empathy,qwen2.5-coder-14b-instruct,695,1,1740,164,True,
2025-08-30T01:00:51.063288,generate,qwen2.5-coder-14b-instruct,1262,272,10554,394,True,
2025-08-30T01:00:52.791701,kindness,qwen2.5-coder-14b-instruct,576,1,1726,161,True,
2025-08-30T01:00:54.198321,toxicity,qwen2.5-coder-14b-instruct,436,1,1405,128,True,
2025-08-30T01:00:55.968949,empathy,qwen2.5-coder-14b-instruct,568,1,1768,159,True,
2025-08-30T01:00:57.678894,bridge,qwen2.5-coder-14b-instruct,929,1,1708,214,True,
2025-08-30T01:01:09.008783,generate,qwen2.5-coder-14b-instruct,1507,431,11326,411,True,
2025-08-30T01:01:10.696913,kindness,qwen2.5-coder-14b-instruct,735,1,1686,166,True,
2025-08-30T01:01:12.110904,toxicity,qwen2.5-coder-14b-instruct,595,1,1412,133,True,
2025-08-30T01:01:13.857723,empathy,qwen2.5-coder-14b-instruct,727,1,1745,164,True,
2025-08-30T01:01:25.357605,generate,qwen2.5-coder-14b-instruct,1941,330,11497,477,True,
2025-08-30T01:01:27.018152,kindness,qwen2.5-coder-14b-instruct,634,1,1659,164,True,
2025-08-30T01:01:28.418078,toxicity,qwen2.5-coder-14b-instruct,494,1,1398,131,True,
2025-08-30T01:01:30.170587,empathy,qwen2.5-coder-14b-instruct,626,1,1751,162,True,
2025-08-30T01:01:44.400822,generate,qwen2.5-coder-14b-instruct,2313,331,14227,582,True,
2025-08-30T01:01:46.080427,kindness,qwen2.5-coder-14b-instruct,635,1,1678,181,True,
2025-08-30T01:01:47.461469,toxicity,qwen2.5-coder-14b-instruct,495,1,1379,148,True,
2025-08-30T01:01:49.120717,empathy,qwen2.5-coder-14b-instruct,627,1,1657,179,True,
2025-08-30T01:01:50.958092,bridge,qwen2.5-coder-14b-instruct,918,1,1835,231,True,
2025-08-30T01:02:02.734442,generate,qwen2.5-coder-14b-instruct,2645,283,11773,629,True,
2025-08-30T01:02:04.410495,kindness,qwen2.5-coder-14b-instruct,587,1,1674,158,True,
2025-08-30T01:02:05.908040,toxicity,qwen2.5-coder-14b-instruct,447,1,1496,125,True,
2025-08-30T01:02:07.578071,empathy,qwen2.5-coder-14b-instruct,579,1,1668,156,True,
2025-08-30T01:02:09.307755,bridge,qwen2.5-coder-14b-instruct,871,1,1728,225,True,
2025-08-30T01:02:20.270938,generate,qwen2.5-coder-14b-instruct,2519,227,10959,600,True,
2025-08-30T01:02:21.959271,kindness,qwen2.5-coder-14b-instruct,531,1,1686,154,True,
2025-08-30T01:02:23.341918,toxicity,qwen2.5-coder-14b-instruct,391,1,1381,121,True,
2025-08-30T01:02:25.002396,empathy,qwen2.5-coder-14b-instruct,523,1,1659,152,True,
2025-08-30T01:02:35.502504,generate,qwen2.5-coder-14b-instruct,2496,242,10497,609,True,
2025-08-30T01:02:37.242555,kindness,qwen2.5-coder-14b-instruct,546,1,1738,150,True,
2025-08-30T01:02:38.592791,toxicity,qwen2.5-coder-14b-instruct,406,1,1348,117,True,
2025-08-30T01:02:40.027990,empathy,qwen2.5-coder-14b-instruct,538,1,1433,148,True,
2025-08-30T01:02:41.733598,bridge,qwen2.5-coder-14b-instruct,727,1,1704,191,True,
2025-08-30T01:02:52.192920,generate,qwen2.5-coder-14b-instruct,2333,242,10456,617,True,
2025-08-30T01:02:53.869959,kindness,qwen2.5-coder-14b-instruct,546,1,1675,150,True,
2025-08-30T01:02:55.213905,toxicity,qwen2.5-coder-14b-instruct,406,1,1342,117,True,
2025-08-30T01:02:56.698304,empathy,qwen2.5-coder-14b-instruct,538,1,1483,148,True,
2025-08-30T01:02:58.385997,bridge,qwen2.5-coder-14b-instruct,741,1,1686,186,True,
2025-08-30T01:03:07.867133,generate,qwen2.5-coder-14b-instruct,2189,222,9477,558,True,
2025-08-30T01:03:09.600573,kindness,qwen2.5-coder-14b-instruct,526,1,1731,150,True,
2025-08-30T01:03:10.954666,toxicity,qwen2.5-coder-14b-instruct,386,1,1352,117,True,
2025-08-30T01:03:12.362950,empathy,qwen2.5-coder-14b-instruct,518,1,1406,148,True,
2025-08-30T01:03:14.032789,bridge,qwen2.5-coder-14b-instruct,721,1,1668,186,True,
2025-08-30T01:03:24.037791,generate,qwen2.5-coder-14b-instruct,819,321,10001,274,True,
2025-08-30T01:03:25.747779,kindness,qwen2.5-coder-14b-instruct,617,1,1708,152,True,
2025-08-30T01:03:27.148683,toxicity,qwen2.5-coder-14b-instruct,485,1,1399,128,True,
2025-08-30T01:03:28.804123,empathy,qwen2.5-coder-14b-instruct,609,1,1654,151,True,
2025-08-30T01:03:38.851810,generate,qwen2.5-coder-14b-instruct,1129,298,10044,330,True,
2025-08-30T01:03:40.555854,kindness,qwen2.5-coder-14b-instruct,594,1,1702,149,True,
2025-08-30T01:03:41.959652,toxicity,qwen2.5-coder-14b-instruct,462,1,1402,125,True,
2025-08-30T01:03:43.392677,empathy,qwen2.5-coder-14b-instruct,586,1,1431,148,True,
2025-08-30T01:03:50.385049,generate,qwen2.5-coder-14b-instruct,1456,170,6989,387,True,
2025-08-30T01:03:51.891848,kindness,qwen2.5-coder-14b-instruct,466,1,1504,128,True,
2025-08-30T01:03:53.252654,toxicity,qwen2.5-coder-14b-instruct,334,1,1359,104,True,
2025-08-30T01:03:54.746290,empathy,qwen2.5-coder-14b-instruct,458,1,1492,127,True,
2025-08-30T01:04:02.113286,generate,qwen2.5-coder-14b-instruct,1646,170,7363,427,True,
2025-08-30T01:04:03.565419,kindness,qwen2.5-coder-14b-instruct,466,1,1450,128,True,
2025-08-30T01:04:04.929733,toxicity,qwen2.5-coder-14b-instruct,334,1,1362,104,True,
2025-08-30T01:04:06.437682,empathy,qwen2.5-coder-14b-instruct,458,1,1506,127,True,
2025-08-30T01:04:08.162091,bridge,qwen2.5-coder-14b-instruct,597,1,1723,161,True,
2025-08-30T01:04:16.922136,generate,qwen2.5-coder-14b-instruct,1816,227,8756,452,True,
2025-08-30T01:04:18.582769,kindness,qwen2.5-coder-14b-instruct,523,1,1659,137,True,
2025-08-30T01:04:19.937863,toxicity,qwen2.5-coder-14b-instruct,391,1,1353,113,True,
2025-08-30T01:04:21.383027,empathy,qwen2.5-coder-14b-instruct,515,1,1443,136,True,
2025-08-30T01:04:23.032884,bridge,qwen2.5-coder-14b-instruct,654,1,1648,170,True,
2025-08-30T01:04:33.014869,generate,qwen2.5-coder-14b-instruct,2104,247,9979,553,True,
2025-08-30T01:04:34.730364,kindness,qwen2.5-coder-14b-instruct,543,1,1713,144,True,
2025-08-30T01:04:36.128690,toxicity,qwen2.5-coder-14b-instruct,411,1,1396,120,True,
2025-08-30T01:04:37.539768,empathy,qwen2.5-coder-14b-instruct,535,1,1409,143,True,
2025-08-30T01:04:39.208157,bridge,qwen2.5-coder-14b-instruct,732,1,1667,186,True,
2025-08-30T01:04:48.331866,generate,qwen2.5-coder-14b-instruct,1998,281,9120,504,True,
2025-08-30T01:04:49.983044,kindness,qwen2.5-coder-14b-instruct,577,1,1649,139,True,
2025-08-30T01:04:51.386388,toxicity,qwen2.5-coder-14b-instruct,445,1,1401,115,True,
2025-08-30T01:04:52.819925,empathy,qwen2.5-coder-14b-instruct,569,1,1432,138,True,
2025-08-30T01:04:54.513445,bridge,qwen2.5-coder-14b-instruct,786,1,1692,188,True,
2025-08-30T01:05:04.775673,generate,qwen2.5-coder-14b-instruct,1967,325,10259,488,True,
2025-08-30T01:05:06.542689,kindness,qwen2.5-coder-14b-instruct,621,1,1765,147,True,
2025-08-30T01:05:07.929591,toxicity,qwen2.5-coder-14b-instruct,489,1,1385,123,True,
2025-08-30T01:05:09.348247,empathy,qwen2.5-coder-14b-instruct,613,1,1417,146,True,
2025-08-30T01:05:11.044594,bridge,qwen2.5-coder-14b-instruct,863,1,1694,190,True,
2025-08-30T01:05:20.672628,generate,qwen2.5-coder-14b-instruct,2108,252,9625,501,True,
2025-08-30T01:05:22.411597,kindness,qwen2.5-coder-14b-instruct,548,1,1737,142,True,
2025-08-30T01:05:23.756435,toxicity,qwen2.5-coder-14b-instruct,416,1,1343,118,True,
2025-08-30T01:05:25.178075,empathy,qwen2.5-coder-14b-instruct,540,1,1420,141,True,
2025-08-30T01:05:35.930121,generate,qwen2.5-coder-14b-instruct,2245,233,10749,570,True,
2025-08-30T01:05:37.588743,kindness,qwen2.5-coder-14b-instruct,529,1,1657,146,True,
2025-08-30T01:05:39.002273,toxicity,qwen2.5-coder-14b-instruct,397,1,1412,122,True,
2025-08-30T01:05:40.435745,empathy,qwen2.5-coder-14b-instruct,521,1,1432,145,True,
2025-08-30T01:05:42.176032,bridge,qwen2.5-coder-14b-instruct,741,1,1738,192,True,
2025-08-30T01:05:50.884569,generate,qwen2.5-coder-14b-instruct,795,218,7693,272,True,
2025-08-30T01:05:52.624628,kindness,qwen2.5-coder-14b-instruct,477,1,1738,136,True,
2025-08-30T01:05:54.055985,toxicity,qwen2.5-coder-14b-instruct,382,1,1429,112,True,
2025-08-30T01:05:55.591947,empathy,qwen2.5-coder-14b-instruct,469,1,1534,134,True,
2025-08-30T01:06:07.264454,generate,qwen2.5-coder-14b-instruct,1017,322,11669,357,True,
2025-08-30T01:06:09.005348,kindness,qwen2.5-coder-14b-instruct,581,1,1739,159,True,
2025-08-30T01:06:10.438943,toxicity,qwen2.5-coder-14b-instruct,486,1,1432,135,True,
2025-08-30T01:06:12.102832,empathy,qwen2.5-coder-14b-instruct,573,1,1662,157,True,
2025-08-30T01:06:13.918639,bridge,qwen2.5-coder-14b-instruct,797,1,1814,200,True,
2025-08-30T01:06:24.775108,generate,qwen2.5-coder-14b-instruct,1327,324,10853,387,True,
2025-08-30T01:06:26.516792,kindness,qwen2.5-coder-14b-instruct,583,1,1740,154,True,
2025-08-30T01:06:27.923139,toxicity,qwen2.5-coder-14b-instruct,488,1,1404,130,True,
2025-08-30T01:06:29.585394,empathy,qwen2.5-coder-14b-instruct,575,1,1660,152,True,
2025-08-30T01:06:31.307668,bridge,qwen2.5-coder-14b-instruct,903,1,1720,218,True,
2025-08-30T01:06:44.128969,generate,qwen2.5-coder-14b-instruct,1651,383,12818,459,True,
2025-08-30T01:06:45.869248,kindness,qwen2.5-coder-14b-instruct,642,1,1738,166,True,
2025-08-30T01:06:47.289295,toxicity,qwen2.5-coder-14b-instruct,547,1,1418,142,True,
2025-08-30T01:06:48.941015,empathy,qwen2.5-coder-14b-instruct,634,1,1650,164,True,
2025-08-30T01:07:01.146402,generate,qwen2.5-coder-14b-instruct,2101,343,12202,571,True,
2025-08-30T01:07:02.869415,kindness,qwen2.5-coder-14b-instruct,602,1,1720,159,True,
2025-08-30T01:07:04.301552,toxicity,qwen2.5-coder-14b-instruct,507,1,1430,135,True,
2025-08-30T01:07:06.040457,empathy,qwen2.5-coder-14b-instruct,594,1,1737,157,True,
2025-08-30T01:07:07.754628,bridge,qwen2.5-coder-14b-instruct,983,1,1712,229,True,
2025-08-30T01:07:19.965671,generate,qwen2.5-coder-14b-instruct,2415,308,12207,589,True,
2025-08-30T01:07:21.683758,kindness,qwen2.5-coder-14b-instruct,567,1,1716,151,True,
2025-08-30T01:07:23.089372,toxicity,qwen2.5-coder-14b-instruct,472,1,1404,127,True,
2025-08-30T01:07:24.577284,empathy,qwen2.5-coder-14b-instruct,559,1,1486,149,True,
2025-08-30T01:07:26.318304,bridge,qwen2.5-coder-14b-instruct,909,1,1739,215,True,
2025-08-30T01:07:36.767968,generate,qwen2.5-coder-14b-instruct,2506,257,10446,592,True,
2025-08-30T01:07:38.506183,kindness,qwen2.5-coder-14b-instruct,516,1,1736,140,True,
2025-08-30T01:07:39.935770,toxicity,qwen2.5-coder-14b-instruct,421,1,1428,116,True,
2025-08-30T01:07:41.372920,empathy,qwen2.5-coder-14b-instruct,508,1,1435,138,True,
2025-08-30T01:07:54.848237,generate,qwen2.5-coder-14b-instruct,2477,289,13472,630,True,
2025-08-30T01:07:56.522875,kindness,qwen2.5-coder-14b-instruct,548,1,1673,160,True,
2025-08-30T01:07:57.928402,toxicity,qwen2.5-coder-14b-instruct,453,1,1404,136,True,
2025-08-30T01:07:59.597089,empathy,qwen2.5-coder-14b-instruct,540,1,1667,158,True,
2025-08-30T01:08:01.338035,bridge,qwen2.5-coder-14b-instruct,803,1,1739,204,True,
2025-08-30T01:08:10.960712,generate,qwen2.5-coder-14b-instruct,2399,241,9619,572,True,
2025-08-30T01:08:12.704987,kindness,qwen2.5-coder-14b-instruct,500,1,1742,134,True,
2025-08-30T01:08:14.065178,toxicity,qwen2.5-coder-14b-instruct,405,1,1358,110,True,
2025-08-30T01:08:15.571633,empathy,qwen2.5-coder-14b-instruct,492,1,1505,132,True,
2025-08-30T01:08:17.287954,bridge,qwen2.5-coder-14b-instruct,787,1,1714,198,True,
2025-08-30T01:08:30.235249,generate,qwen2.5-coder-14b-instruct,2271,407,12944,584,True,
2025-08-30T01:08:31.907037,kindness,qwen2.5-coder-14b-instruct,666,1,1670,162,True,
2025-08-30T01:08:33.391135,toxicity,qwen2.5-coder-14b-instruct,571,1,1482,138,True,
2025-08-30T01:08:35.082762,empathy,qwen2.5-coder-14b-instruct,658,1,1690,160,True,
2025-08-30T01:08:36.867834,bridge,qwen2.5-coder-14b-instruct,905,1,1783,200,True,
2025-08-30T01:08:45.780026,generate,qwen2.5-coder-14b-instruct,867,250,8908,309,True,
2025-08-30T01:08:47.480053,kindness,qwen2.5-coder-14b-instruct,561,1,1698,151,True,
2025-08-30T01:08:48.852924,toxicity,qwen2.5-coder-14b-instruct,414,1,1371,120,True,
2025-08-30T01:08:50.287144,empathy,qwen2.5-coder-14b-instruct,553,1,1432,149,True,
2025-08-30T01:08:59.503899,generate,qwen2.5-coder-14b-instruct,1066,239,9213,320,True,
2025-08-30T01:09:01.215785,kindness,qwen2.5-coder-14b-instruct,550,1,1710,150,True,
2025-08-30T01:09:02.675747,toxicity,qwen2.5-coder-14b-instruct,403,1,1458,119,True,
2025-08-30T01:09:04.109408,empathy,qwen2.5-coder-14b-instruct,542,1,1432,148,True,
2025-08-30T01:09:05.829102,bridge,qwen2.5-coder-14b-instruct,746,1,1718,191,True,
2025-08-30T01:09:19.569940,generate,qwen2.5-coder-14b-instruct,1334,443,13737,403,True,
2025-08-30T01:09:21.319710,kindness,qwen2.5-coder-14b-instruct,754,1,1748,179,True,
2025-08-30T01:09:22.850832,toxicity,qwen2.5-coder-14b-instruct,607,1,1529,148,True,
2025-08-30T01:09:24.693655,empathy,qwen2.5-coder-14b-instruct,746,1,1841,177,True,
2025-08-30T01:09:26.539622,bridge,qwen2.5-coder-14b-instruct,939,1,1844,219,True,
2025-08-30T01:09:38.461114,generate,qwen2.5-coder-14b-instruct,1791,328,11918,472,True,
2025-08-30T01:09:40.091587,kindness,qwen2.5-coder-14b-instruct,639,1,1628,165,True,
2025-08-30T01:09:41.574607,toxicity,qwen2.5-coder-14b-instruct,492,1,1481,134,True,
2025-08-30T01:09:43.328554,empathy,qwen2.5-coder-14b-instruct,631,1,1752,163,True,
2025-08-30T01:09:45.067581,bridge,qwen2.5-coder-14b-instruct,1029,1,1737,235,True,
2025-08-30T01:09:55.822120,generate,qwen2.5-coder-14b-instruct,2140,323,10751,527,True,
2025-08-30T01:09:57.490048,kindness,qwen2.5-coder-14b-instruct,634,1,1666,156,True,
2025-08-30T01:09:58.864443,toxicity,qwen2.5-coder-14b-instruct,487,1,1373,125,True,
2025-08-30T01:10:00.531908,empathy,qwen2.5-coder-14b-instruct,626,1,1666,154,True,
2025-08-30T01:10:13.023017,generate,qwen2.5-coder-14b-instruct,2481,313,12488,593,True,
2025-08-30T01:10:14.763480,kindness,qwen2.5-coder-14b-instruct,624,1,1738,159,True,
2025-08-30T01:10:16.212385,toxicity,qwen2.5-coder-14b-instruct,477,1,1447,128,True,
2025-08-30T01:10:17.932252,empathy,qwen2.5-coder-14b-instruct,616,1,1718,157,True,
2025-08-30T01:10:30.944525,generate,qwen2.5-coder-14b-instruct,2538,344,13009,599,True,
2025-08-30T01:10:32.686085,kindness,qwen2.5-coder-14b-instruct,655,1,1740,161,True,
2025-08-30T01:10:34.119283,toxicity,qwen2.5-coder-14b-instruct,508,1,1431,130,True,
2025-08-30T01:10:35.805161,empathy,qwen2.5-coder-14b-instruct,647,1,1684,159,True,
2025-08-30T01:10:46.509509,generate,qwen2.5-coder-14b-instruct,2632,247,10701,597,True,
2025-08-30T01:10:48.195223,kindness,qwen2.5-coder-14b-instruct,558,1,1684,149,True,
2025-08-30T01:10:49.547870,toxicity,qwen2.5-coder-14b-instruct,411,1,1351,118,True,
2025-08-30T01:10:50.960093,empathy,qwen2.5-coder-14b-instruct,550,1,1410,147,True,
2025-08-30T01:11:03.302830,generate,qwen2.5-coder-14b-instruct,2439,324,12339,582,True,
2025-08-30T01:11:04.975182,kindness,qwen2.5-coder-14b-instruct,635,1,1670,163,True,
2025-08-30T01:11:06.478933,toxicity,qwen2.5-coder-14b-instruct,488,1,1502,132,True,
2025-08-30T01:11:08.173898,empathy,qwen2.5-coder-14b-instruct,627,1,1693,161,True,
2025-08-30T01:11:21.057143,generate,qwen2.5-coder-14b-instruct,2451,365,12880,591,True,
2025-08-30T01:11:22.758735,kindness,qwen2.5-coder-14b-instruct,676,1,1700,163,True,
2025-08-30T01:11:24.193684,toxicity,qwen2.5-coder-14b-instruct,529,1,1433,132,True,
2025-08-30T01:11:25.919859,empathy,qwen2.5-coder-14b-instruct,668,1,1724,161,True,
2025-08-30T01:11:34.637606,generate,qwen2.5-coder-14b-instruct,827,244,7702,264,True,
2025-08-30T01:11:36.377901,kindness,qwen2.5-coder-14b-instruct,550,1,1738,139,True,
2025-08-30T01:11:37.741887,toxicity,qwen2.5-coder-14b-instruct,408,1,1362,112,True,
2025-08-30T01:11:39.172532,empathy,qwen2.5-coder-14b-instruct,542,1,1429,137,True,
2025-08-30T01:11:46.128675,generate,qwen2.5-coder-14b-instruct,1056,197,6953,294,True,
2025-08-30T01:11:47.541018,kindness,qwen2.5-coder-14b-instruct,503,1,1410,131,True,
2025-08-30T01:11:48.970823,toxicity,qwen2.5-coder-14b-instruct,361,1,1428,104,True,
2025-08-30T01:11:50.377083,empathy,qwen2.5-coder-14b-instruct,495,1,1404,129,True,
2025-08-30T01:11:52.055147,bridge,qwen2.5-coder-14b-instruct,699,1,1676,169,True,
2025-08-30T01:12:02.081770,generate,qwen2.5-coder-14b-instruct,1317,216,10023,399,True,
2025-08-30T01:12:03.823430,kindness,qwen2.5-coder-14b-instruct,522,1,1740,149,True,
2025-08-30T01:12:05.255666,toxicity,qwen2.5-coder-14b-instruct,380,1,1430,122,True,
2025-08-30T01:12:06.688427,empathy,qwen2.5-coder-14b-instruct,514,1,1431,147,True,
2025-08-30T01:12:08.350151,bridge,qwen2.5-coder-14b-instruct,670,1,1660,178,True,
2025-08-30T01:12:19.696526,generate,qwen2.5-coder-14b-instruct,1546,341,11343,455,True,
2025-08-30T01:12:21.439439,kindness,qwen2.5-coder-14b-instruct,647,1,1741,157,True,
2025-08-30T01:12:22.866703,toxicity,qwen2.5-coder-14b-instruct,505,1,1425,130,True,
2025-08-30T01:12:24.609664,empathy,qwen2.5-coder-14b-instruct,639,1,1741,155,True,
2025-08-30T01:12:26.366396,bridge,qwen2.5-coder-14b-instruct,814,1,1755,204,True,
2025-08-30T01:12:41.197863,generate,qwen2.5-coder-14b-instruct,1893,390,14827,532,True,
2025-08-30T01:12:42.939774,kindness,qwen2.5-coder-14b-instruct,696,1,1740,180,True,
2025-08-30T01:12:44.844751,toxicity,qwen2.5-coder-14b-instruct,554,1,1903,154,True,
2025-08-30T01:12:46.624569,empathy,qwen2.5-coder-14b-instruct,688,1,1778,178,True,
2025-08-30T01:12:48.368206,bridge,qwen2.5-coder-14b-instruct,989,1,1742,235,True,
2025-08-30T01:12:58.349584,generate,qwen2.5-coder-14b-instruct,2264,288,9978,552,True,
2025-08-30T01:13:00.010768,kindness,qwen2.5-coder-14b-instruct,594,1,1659,147,True,
2025-08-30T01:13:01.472885,toxicity,qwen2.5-coder-14b-instruct,452,1,1460,120,True,
2025-08-30T01:13:02.906359,empathy,qwen2.5-coder-14b-instruct,586,1,1432,145,True,
2025-08-30T01:13:14.894097,generate,qwen2.5-coder-14b-instruct,2299,350,11984,576,True,
2025-08-30T01:13:16.627036,kindness,qwen2.5-coder-14b-instruct,656,1,1731,160,True,
2025-08-30T01:13:18.019259,toxicity,qwen2.5-coder-14b-instruct,514,1,1390,133,True,
2025-08-30T01:13:19.720021,empathy,qwen2.5-coder-14b-instruct,648,1,1699,158,True,
2025-08-30T01:13:32.704941,generate,qwen2.5-coder-14b-instruct,2497,350,12981,639,True,
2025-08-30T01:13:34.442276,kindness,qwen2.5-coder-14b-instruct,656,1,1735,160,True,
2025-08-30T01:13:35.878837,toxicity,qwen2.5-coder-14b-instruct,514,1,1435,133,True,
2025-08-30T01:13:37.546112,empathy,qwen2.5-coder-14b-instruct,648,1,1665,158,True,
2025-08-30T01:13:50.931656,generate,qwen2.5-coder-14b-instruct,2638,366,13382,654,True,
2025-08-30T01:13:52.672258,kindness,qwen2.5-coder-14b-instruct,672,1,1739,162,True,
2025-08-30T01:13:54.208159,toxicity,qwen2.5-coder-14b-instruct,530,1,1534,135,True,
2025-08-30T01:13:55.949055,empathy,qwen2.5-coder-14b-instruct,664,1,1739,160,True,
2025-08-30T01:13:57.641616,bridge,qwen2.5-coder-14b-instruct,974,1,1691,221,True,
2025-08-30T01:14:10.595436,generate,qwen2.5-coder-14b-instruct,2619,346,12950,622,True,
2025-08-30T01:14:12.333110,kindness,qwen2.5-coder-14b-instruct,652,1,1736,160,True,
2025-08-30T01:14:13.766617,toxicity,qwen2.5-coder-14b-instruct,510,1,1432,133,True,
2025-08-30T01:14:15.507577,empathy,qwen2.5-coder-14b-instruct,644,1,1739,158,True,
2025-08-30T01:14:17.211197,bridge,qwen2.5-coder-14b-instruct,970,1,1702,221,True,
2025-08-30T01:14:28.579477,generate,qwen2.5-coder-14b-instruct,872,336,11364,325,True,
2025-08-30T01:14:30.259266,kindness,qwen2.5-coder-14b-instruct,652,1,1678,167,True,
2025-08-30T01:14:31.669891,toxicity,qwen2.5-coder-14b-instruct,500,1,1409,134,True,
2025-08-30T01:14:33.346539,empathy,qwen2.5-coder-14b-instruct,644,1,1675,165,True,
2025-08-30T01:14:43.155893,generate,qwen2.5-coder-14b-instruct,1164,273,9806,342,True,
2025-08-30T01:14:44.879832,kindness,qwen2.5-coder-14b-instruct,589,1,1722,156,True,
2025-08-30T01:14:46.333036,toxicity,qwen2.5-coder-14b-instruct,437,1,1451,123,True,
2025-08-30T01:14:47.990019,empathy,qwen2.5-coder-14b-instruct,581,1,1655,154,True,
2025-08-30T01:14:57.841951,generate,qwen2.5-coder-14b-instruct,1453,289,9848,397,True,
2025-08-30T01:14:59.656297,kindness,qwen2.5-coder-14b-instruct,605,1,1812,157,True,
2025-08-30T01:15:01.154257,toxicity,qwen2.5-coder-14b-instruct,453,1,1496,124,True,
2025-08-30T01:15:02.833502,empathy,qwen2.5-coder-14b-instruct,597,1,1677,155,True,
2025-08-30T01:15:13.275417,generate,qwen2.5-coder-14b-instruct,1783,236,10438,485,True,
2025-08-30T01:15:15.106039,kindness,qwen2.5-coder-14b-instruct,552,1,1829,157,True,
2025-08-30T01:15:16.749424,toxicity,qwen2.5-coder-14b-instruct,400,1,1642,124,True,
2025-08-30T01:15:18.459031,empathy,qwen2.5-coder-14b-instruct,544,1,1708,155,True,
2025-08-30T01:15:28.927415,generate,qwen2.5-coder-14b-instruct,2013,315,10465,508,True,
2025-08-30T01:15:30.586123,kindness,qwen2.5-coder-14b-instruct,631,1,1657,158,True,
2025-08-30T01:15:31.961125,toxicity,qwen2.5-coder-14b-instruct,479,1,1373,125,True,
2025-08-30T01:15:33.637112,empathy,qwen2.5-coder-14b-instruct,623,1,1674,156,True,
2025-08-30T01:15:44.251656,generate,qwen2.5-coder-14b-instruct,2357,267,10611,574,True,
2025-08-30T01:15:45.945072,kindness,qwen2.5-coder-14b-instruct,583,1,1691,151,True,
2025-08-30T01:15:47.357923,toxicity,qwen2.5-coder-14b-instruct,431,1,1411,118,True,
2025-08-30T01:15:48.794674,empathy,qwen2.5-coder-14b-instruct,575,1,1435,149,True,
2025-08-30T01:15:59.954748,generate,qwen2.5-coder-14b-instruct,2277,264,11157,568,True,
2025-08-30T01:16:01.693202,kindness,qwen2.5-coder-14b-instruct,580,1,1736,161,True,
2025-08-30T01:16:03.130234,toxicity,qwen2.5-coder-14b-instruct,428,1,1435,128,True,
2025-08-30T01:16:04.870522,empathy,qwen2.5-coder-14b-instruct,572,1,1738,159,True,
2025-08-30T01:16:16.644550,generate,qwen2.5-coder-14b-instruct,2260,311,11770,565,True,
2025-08-30T01:16:18.336168,kindness,qwen2.5-coder-14b-instruct,627,1,1690,166,True,
2025-08-30T01:16:19.822137,toxicity,qwen2.5-coder-14b-instruct,475,1,1484,133,True,
2025-08-30T01:16:21.499166,empathy,qwen2.5-coder-14b-instruct,619,1,1675,164,True,
2025-08-30T01:16:33.132032,generate,qwen2.5-coder-14b-instruct,2287,304,11629,581,True,
2025-08-30T01:16:34.873987,kindness,qwen2.5-coder-14b-instruct,620,1,1740,158,True,
2025-08-30T01:16:36.307457,toxicity,qwen2.5-coder-14b-instruct,468,1,1432,125,True,
2025-08-30T01:16:37.952063,empathy,qwen2.5-coder-14b-instruct,612,1,1643,156,True,
2025-08-30T01:16:46.853593,generate,qwen2.5-coder-14b-instruct,2342,199,8898,555,True,
2025-08-30T01:16:48.592395,kindness,qwen2.5-coder-14b-instruct,515,1,1737,145,True,
2025-08-30T01:16:50.028860,toxicity,qwen2.5-coder-14b-instruct,363,1,1435,112,True,
2025-08-30T01:16:51.444566,empathy,qwen2.5-coder-14b-instruct,507,1,1414,143,True,
2025-08-30T01:16:59.926428,generate,qwen2.5-coder-14b-instruct,822,225,7468,261,True,
2025-08-30T01:17:01.598205,kindness,qwen2.5-coder-14b-instruct,529,1,1670,137,True,
2025-08-30T01:17:03.034836,toxicity,qwen2.5-coder-14b-instruct,389,1,1435,111,True,
2025-08-30T01:17:04.570823,empathy,qwen2.5-coder-14b-instruct,521,1,1534,135,True,
2025-08-30T01:17:12.098706,generate,qwen2.5-coder-14b-instruct,1032,225,7525,297,True,
2025-08-30T01:17:13.895189,kindness,qwen2.5-coder-14b-instruct,529,1,1794,137,True,
2025-08-30T01:17:15.325417,toxicity,qwen2.5-coder-14b-instruct,389,1,1428,111,True,
2025-08-30T01:17:16.754974,empathy,qwen2.5-coder-14b-instruct,521,1,1428,135,True,
2025-08-30T01:17:26.483601,generate,qwen2.5-coder-14b-instruct,1282,298,9725,354,True,
2025-08-30T01:17:28.132353,kindness,qwen2.5-coder-14b-instruct,602,1,1647,148,True,
2025-08-30T01:17:29.555183,toxicity,qwen2.5-coder-14b-instruct,462,1,1421,122,True,
2025-08-30T01:17:30.961724,empathy,qwen2.5-coder-14b-instruct,594,1,1405,146,True,
2025-08-30T01:17:32.671600,bridge,qwen2.5-coder-14b-instruct,780,1,1708,185,True,
2025-08-30T01:17:42.663352,generate,qwen2.5-coder-14b-instruct,1596,307,9988,407,True,
2025-08-30T01:17:44.338565,kindness,qwen2.5-coder-14b-instruct,611,1,1673,150,True,
2025-08-30T01:17:45.735179,toxicity,qwen2.5-coder-14b-instruct,471,1,1395,124,True,
2025-08-30T01:17:47.165719,empathy,qwen2.5-coder-14b-instruct,603,1,1429,148,True,
2025-08-30T01:17:58.842622,generate,qwen2.5-coder-14b-instruct,1923,332,11673,489,True,
2025-08-30T01:18:00.584241,kindness,qwen2.5-coder-14b-instruct,636,1,1740,158,True,
2025-08-30T01:18:02.016488,toxicity,qwen2.5-coder-14b-instruct,496,1,1430,132,True,
2025-08-30T01:18:03.757108,empathy,qwen2.5-coder-14b-instruct,628,1,1739,156,True,
2025-08-30T01:18:14.100474,generate,qwen2.5-coder-14b-instruct,2264,290,10340,532,True,
2025-08-30T01:18:15.840546,kindness,qwen2.5-coder-14b-instruct,594,1,1738,149,True,
2025-08-30T01:18:17.227494,toxicity,qwen2.5-coder-14b-instruct,454,1,1385,123,True,
2025-08-30T01:18:18.704698,empathy,qwen2.5-coder-14b-instruct,586,1,1475,147,True,
2025-08-30T01:18:28.958787,generate,qwen2.5-coder-14b-instruct,2365,237,10250,573,True,
2025-08-30T01:18:30.686780,kindness,qwen2.5-coder-14b-instruct,541,1,1726,141,True,
2025-08-30T01:18:32.121478,toxicity,qwen2.5-coder-14b-instruct,401,1,1433,115,True,
2025-08-30T01:18:33.764423,empathy,qwen2.5-coder-14b-instruct,533,1,1641,139,True,
2025-08-30T01:18:43.182409,generate,qwen2.5-coder-14b-instruct,2366,275,9414,557,True,
2025-08-30T01:18:44.913392,kindness,qwen2.5-coder-14b-instruct,579,1,1729,142,True,
2025-08-30T01:18:46.353618,toxicity,qwen2.5-coder-14b-instruct,439,1,1438,116,True,
2025-08-30T01:18:47.789571,empathy,qwen2.5-coder-14b-instruct,571,1,1434,140,True,
2025-08-30T01:18:54.752888,generate,qwen2.5-coder-14b-instruct,2324,172,6960,521,True,
2025-08-30T01:18:56.288439,kindness,qwen2.5-coder-14b-instruct,476,1,1534,126,True,
2025-08-30T01:18:57.722555,toxicity,qwen2.5-coder-14b-instruct,336,1,1432,100,True,
2025-08-30T01:18:59.096358,empathy,qwen2.5-coder-14b-instruct,468,1,1372,124,True,
2025-08-30T01:19:09.806270,generate,qwen2.5-coder-14b-instruct,2202,249,10706,543,True,
2025-08-30T01:19:11.542864,kindness,qwen2.5-coder-14b-instruct,553,1,1735,151,True,
2025-08-30T01:19:12.930100,toxicity,qwen2.5-coder-14b-instruct,413,1,1385,125,True,
2025-08-30T01:19:14.313835,empathy,qwen2.5-coder-14b-instruct,545,1,1382,149,True,
2025-08-30T01:19:22.195888,generate,qwen2.5-coder-14b-instruct,848,272,7878,278,True,
2025-08-30T01:19:23.936876,kindness,qwen2.5-coder-14b-instruct,584,1,1739,142,True,
2025-08-30T01:19:25.366099,toxicity,qwen2.5-coder-14b-instruct,436,1,1427,113,True,
2025-08-30T01:19:26.803831,empathy,qwen2.5-coder-14b-instruct,576,1,1436,140,True,
2025-08-30T01:19:35.609954,generate,qwen2.5-coder-14b-instruct,1102,246,8803,323,True,
2025-08-30T01:19:37.352013,kindness,qwen2.5-coder-14b-instruct,558,1,1740,145,True,
2025-08-30T01:19:38.784529,toxicity,qwen2.5-coder-14b-instruct,410,1,1431,116,True,
2025-08-30T01:19:40.208002,empathy,qwen2.5-coder-14b-instruct,550,1,1422,143,True,
2025-08-30T01:19:50.866387,generate,qwen2.5-coder-14b-instruct,1376,345,10655,392,True,
2025-08-30T01:19:52.608754,kindness,qwen2.5-coder-14b-instruct,657,1,1740,157,True,
2025-08-30T01:19:54.011448,toxicity,qwen2.5-coder-14b-instruct,509,1,1401,128,True,
2025-08-30T01:19:55.687147,empathy,qwen2.5-coder-14b-instruct,649,1,1674,155,True,
2025-08-30T01:19:57.418669,bridge,qwen2.5-coder-14b-instruct,848,1,1730,196,True,
2025-08-30T01:20:06.841443,generate,qwen2.5-coder-14b-instruct,1718,263,9419,424,True,
2025-08-30T01:20:08.579704,kindness,qwen2.5-coder-14b-instruct,575,1,1736,148,True,
2025-08-30T01:20:10.016918,toxicity,qwen2.5-coder-14b-instruct,427,1,1435,119,True,
2025-08-30T01:20:11.552177,empathy,qwen2.5-coder-14b-instruct,567,1,1533,146,True,
2025-08-30T01:20:13.265680,bridge,qwen2.5-coder-14b-instruct,866,1,1712,200,True,
2025-08-30T01:20:22.919195,generate,qwen2.5-coder-14b-instruct,2042,212,9650,523,True,
2025-08-30T01:20:24.659744,kindness,qwen2.5-coder-14b-instruct,524,1,1739,147,True,
2025-08-30T01:20:26.093465,toxicity,qwen2.5-coder-14b-instruct,376,1,1432,118,True,
2025-08-30T01:20:27.527533,empathy,qwen2.5-coder-14b-instruct,516,1,1432,145,True,
2025-08-30T01:20:29.234749,bridge,qwen2.5-coder-14b-instruct,733,1,1705,190,True,
2025-08-30T01:20:39.302924,generate,qwen2.5-coder-14b-instruct,2225,283,10064,529,True,
2025-08-30T01:20:41.041230,kindness,qwen2.5-coder-14b-instruct,595,1,1736,150,True,
2025-08-30T01:20:42.477261,toxicity,qwen2.5-coder-14b-instruct,447,1,1434,121,True,
2025-08-30T01:20:43.910872,empathy,qwen2.5-coder-14b-instruct,587,1,1432,148,True,
2025-08-30T01:20:45.620121,bridge,qwen2.5-coder-14b-instruct,752,1,1707,192,True,
2025-08-30T01:20:57.735211,generate,qwen2.5-coder-14b-instruct,2282,353,12112,586,True,
2025-08-30T01:20:59.475748,kindness,qwen2.5-coder-14b-instruct,665,1,1739,156,True,
2025-08-30T01:21:00.909485,toxicity,qwen2.5-coder-14b-instruct,517,1,1432,127,True,
2025-08-30T01:21:02.578173,empathy,qwen2.5-coder-14b-instruct,657,1,1667,154,True,
2025-08-30T01:21:04.277674,bridge,qwen2.5-coder-14b-instruct,894,1,1698,201,True,
2025-08-30T01:21:13.165663,generate,qwen2.5-coder-14b-instruct,2331,201,8884,538,True,
2025-08-30T01:21:14.934664,kindness,qwen2.5-coder-14b-instruct,513,1,1767,142,True,
2025-08-30T01:21:16.372014,toxicity,qwen2.5-coder-14b-instruct,365,1,1429,113,True,
2025-08-30T01:21:17.805470,empathy,qwen2.5-coder-14b-instruct,505,1,1432,140,True,
2025-08-30T01:21:19.497761,bridge,qwen2.5-coder-14b-instruct,811,1,1690,192,True,
2025-08-30T01:21:30.163762,generate,qwen2.5-coder-14b-instruct,2193,277,10663,547,True,
2025-08-30T01:21:31.831759,kindness,qwen2.5-coder-14b-instruct,589,1,1666,154,True,
2025-08-30T01:21:33.267872,toxicity,qwen2.5-coder-14b-instruct,441,1,1434,125,True,
2025-08-30T01:21:35.007082,empathy,qwen2.5-coder-14b-instruct,581,1,1737,152,True,
2025-08-30T01:21:36.747102,bridge,qwen2.5-coder-14b-instruct,735,1,1738,190,True,
2025-08-30T01:21:46.784682,generate,qwen2.5-coder-14b-instruct,2208,246,10034,538,True,
2025-08-30T01:21:48.455510,kindness,qwen2.5-coder-14b-instruct,558,1,1669,151,True,
2025-08-30T01:21:49.824635,toxicity,qwen2.5-coder-14b-instruct,410,1,1367,122,True,
2025-08-30T01:21:51.290592,empathy,qwen2.5-coder-14b-instruct,550,1,1464,149,True,
2025-08-30T01:21:53.010239,bridge,qwen2.5-coder-14b-instruct,780,1,1718,199,True,
2025-08-30T01:22:04.585008,generate,qwen2.5-coder-14b-instruct,808,311,10568,276,True,
2025-08-30T01:22:06.344588,kindness,qwen2.5-coder-14b-instruct,607,1,1758,157,True,
2025-08-30T01:22:07.776859,toxicity,qwen2.5-coder-14b-instruct,475,1,1430,133,True,
2025-08-30T01:22:09.517368,empathy,qwen2.5-coder-14b-instruct,599,1,1739,156,True,
2025-08-30T01:22:19.960713,generate,qwen2.5-coder-14b-instruct,1121,329,10440,331,True,
2025-08-30T01:22:21.702942,kindness,qwen2.5-coder-14b-instruct,625,1,1740,152,True,
2025-08-30T01:22:23.136520,toxicity,qwen2.5-coder-14b-instruct,493,1,1432,128,True,
2025-08-30T01:22:24.877605,empathy,qwen2.5-coder-14b-instruct,617,1,1739,151,True,
2025-08-30T01:22:33.991319,generate,qwen2.5-coder-14b-instruct,1468,225,9110,388,True,
2025-08-30T01:22:35.732523,kindness,qwen2.5-coder-14b-instruct,521,1,1739,143,True,
2025-08-30T01:22:37.107252,toxicity,qwen2.5-coder-14b-instruct,389,1,1373,119,True,
2025-08-30T01:22:38.596286,empathy,qwen2.5-coder-14b-instruct,513,1,1487,142,True,
2025-08-30T01:22:47.508397,generate,qwen2.5-coder-14b-instruct,1698,231,8909,434,True,
2025-08-30T01:22:49.182030,kindness,qwen2.5-coder-14b-instruct,527,1,1672,139,True,
2025-08-30T01:22:50.534498,toxicity,qwen2.5-coder-14b-instruct,395,1,1351,115,True,
2025-08-30T01:22:52.014491,empathy,qwen2.5-coder-14b-instruct,519,1,1478,138,True,
2025-08-30T01:22:53.685911,bridge,qwen2.5-coder-14b-instruct,713,1,1670,186,True,
2025-08-30T01:23:03.223478,generate,qwen2.5-coder-14b-instruct,1956,256,9534,500,True,
2025-08-30T01:23:05.015586,kindness,qwen2.5-coder-14b-instruct,552,1,1790,143,True,
2025-08-30T01:23:06.452844,toxicity,qwen2.5-coder-14b-instruct,420,1,1435,119,True,
2025-08-30T01:23:07.884442,empathy,qwen2.5-coder-14b-instruct,544,1,1430,142,True,
2025-08-30T01:23:22.326095,generate,qwen2.5-coder-14b-instruct,2254,379,14438,600,True,
2025-08-30T01:23:24.061554,kindness,qwen2.5-coder-14b-instruct,675,1,1733,167,True,
2025-08-30T01:23:25.498233,toxicity,qwen2.5-coder-14b-instruct,543,1,1435,143,True,
2025-08-30T01:23:27.239151,empathy,qwen2.5-coder-14b-instruct,667,1,1739,166,True,
2025-08-30T01:23:28.980256,bridge,qwen2.5-coder-14b-instruct,894,1,1739,215,True,
2025-08-30T01:23:44.330802,generate,qwen2.5-coder-14b-instruct,2324,407,15347,614,True,
2025-08-30T01:23:46.006380,kindness,qwen2.5-coder-14b-instruct,703,1,1674,171,True,
2025-08-30T01:23:47.409351,toxicity,qwen2.5-coder-14b-instruct,571,1,1401,147,True,
2025-08-30T01:23:49.152834,empathy,qwen2.5-coder-14b-instruct,695,1,1742,170,True,
2025-08-30T01:24:00.302602,generate,qwen2.5-coder-14b-instruct,2355,264,11146,573,True,
2025-08-30T01:24:02.055598,kindness,qwen2.5-coder-14b-instruct,560,1,1751,148,True,
2025-08-30T01:24:03.448877,toxicity,qwen2.5-coder-14b-instruct,428,1,1391,124,True,
2025-08-30T01:24:04.918771,empathy,qwen2.5-coder-14b-instruct,552,1,1468,147,True,
2025-08-30T01:24:14.548006,generate,qwen2.5-coder-14b-instruct,2402,217,9626,579,True,
2025-08-30T01:24:15.982358,kindness,qwen2.5-coder-14b-instruct,513,1,1432,132,True,
2025-08-30T01:24:17.411655,toxicity,qwen2.5-coder-14b-instruct,381,1,1427,108,True,
2025-08-30T01:24:18.848701,empathy,qwen2.5-coder-14b-instruct,505,1,1435,131,True,
2025-08-30T01:24:28.573737,generate,qwen2.5-coder-14b-instruct,2389,225,9722,565,True,
2025-08-30T01:24:30.228202,kindness,qwen2.5-coder-14b-instruct,521,1,1652,137,True,
2025-08-30T01:24:31.575674,toxicity,qwen2.5-coder-14b-instruct,389,1,1346,113,True,
2025-08-30T01:24:32.984525,empathy,qwen2.5-coder-14b-instruct,513,1,1407,136,True,
2025-08-30T01:24:40.762959,generate,qwen2.5-coder-14b-instruct,854,194,7774,302,True,
2025-08-30T01:24:42.503281,kindness,qwen2.5-coder-14b-instruct,498,1,1738,142,True,
2025-08-30T01:24:43.940747,toxicity,qwen2.5-coder-14b-instruct,358,1,1436,109,True,
2025-08-30T01:24:45.370368,empathy,qwen2.5-coder-14b-instruct,490,1,1428,140,True,
2025-08-30T01:24:54.689136,generate,qwen2.5-coder-14b-instruct,1004,238,9315,313,True,
2025-08-30T01:24:56.426486,kindness,qwen2.5-coder-14b-instruct,542,1,1735,153,True,
2025-08-30T01:24:57.859759,toxicity,qwen2.5-coder-14b-instruct,402,1,1431,120,True,
2025-08-30T01:24:59.604562,empathy,qwen2.5-coder-14b-instruct,534,1,1743,151,True,
2025-08-30T01:25:01.295491,bridge,qwen2.5-coder-14b-instruct,690,1,1689,182,True,
2025-08-30T01:25:09.741670,generate,qwen2.5-coder-14b-instruct,1296,224,8443,392,True,
2025-08-30T01:25:11.482863,kindness,qwen2.5-coder-14b-instruct,528,1,1739,146,True,
2025-08-30T01:25:12.916337,toxicity,qwen2.5-coder-14b-instruct,388,1,1432,113,True,
2025-08-30T01:25:14.348461,empathy,qwen2.5-coder-14b-instruct,520,1,1430,144,True,
2025-08-30T01:25:26.433623,generate,qwen2.5-coder-14b-instruct,1501,385,12082,429,True,
2025-08-30T01:25:28.173610,kindness,qwen2.5-coder-14b-instruct,689,1,1738,170,True,
2025-08-30T01:25:29.606209,toxicity,qwen2.5-coder-14b-instruct,549,1,1431,137,True,
2025-08-30T01:25:31.348297,empathy,qwen2.5-coder-14b-instruct,681,1,1740,168,True,
2025-08-30T01:25:41.486210,generate,qwen2.5-coder-14b-instruct,1909,375,10134,484,True,
2025-08-30T01:25:43.160238,kindness,qwen2.5-coder-14b-instruct,679,1,1672,155,True,
2025-08-30T01:25:44.557856,toxicity,qwen2.5-coder-14b-instruct,539,1,1395,122,True,
2025-08-30T01:25:46.298880,empathy,qwen2.5-coder-14b-instruct,671,1,1739,153,True,
2025-08-30T01:25:57.526039,generate,qwen2.5-coder-14b-instruct,2302,297,11224,547,True,
2025-08-30T01:25:59.158773,kindness,qwen2.5-coder-14b-instruct,601,1,1631,163,True,
2025-08-30T01:26:00.634402,toxicity,qwen2.5-coder-14b-instruct,461,1,1474,130,True,
2025-08-30T01:26:02.374748,empathy,qwen2.5-coder-14b-instruct,593,1,1738,161,True,
2025-08-30T01:26:04.096445,bridge,qwen2.5-coder-14b-instruct,929,1,1720,204,True,
2025-08-30T01:26:15.991204,generate,qwen2.5-coder-14b-instruct,2425,321,11891,587,True,
2025-08-30T01:26:17.735201,kindness,qwen2.5-coder-14b-instruct,625,1,1742,158,True,
2025-08-30T01:26:19.169047,toxicity,qwen2.5-coder-14b-instruct,485,1,1432,125,True,
2025-08-30T01:26:20.907557,empathy,qwen2.5-coder-14b-instruct,617,1,1737,156,True,
2025-08-30T01:26:30.910039,generate,qwen2.5-coder-14b-instruct,2494,289,9999,562,True,
2025-08-30T01:26:32.587562,kindness,qwen2.5-coder-14b-instruct,593,1,1675,153,True,
2025-08-30T01:26:33.948769,toxicity,qwen2.5-coder-14b-instruct,453,1,1359,120,True,
2025-08-30T01:26:35.655159,empathy,qwen2.5-coder-14b-instruct,585,1,1705,151,True,
2025-08-30T01:26:46.818251,generate,qwen2.5-coder-14b-instruct,2541,290,11159,572,True,
2025-08-30T01:26:48.554405,kindness,qwen2.5-coder-14b-instruct,594,1,1734,157,True,
2025-08-30T01:26:49.987842,toxicity,qwen2.5-coder-14b-instruct,454,1,1432,124,True,
2025-08-30T01:26:51.733337,empathy,qwen2.5-coder-14b-instruct,586,1,1744,155,True,
2025-08-30T01:27:03.096978,generate,qwen2.5-coder-14b-instruct,2498,297,11360,604,True,
2025-08-30T01:27:04.839259,kindness,qwen2.5-coder-14b-instruct,601,1,1740,156,True,
2025-08-30T01:27:06.271287,toxicity,qwen2.5-coder-14b-instruct,461,1,1430,123,True,
2025-08-30T01:27:08.011021,empathy,qwen2.5-coder-14b-instruct,593,1,1738,154,True,
2025-08-30T01:27:09.755981,bridge,qwen2.5-coder-14b-instruct,844,1,1743,199,True,
2025-08-30T01:27:19.167074,generate,qwen2.5-coder-14b-instruct,860,229,8403,307,True,
2025-08-30T01:27:20.856574,kindness,qwen2.5-coder-14b-instruct,540,1,1687,148,True,
2025-08-30T01:27:22.247424,toxicity,qwen2.5-coder-14b-instruct,393,1,1389,114,True,
2025-08-30T01:27:23.783596,empathy,qwen2.5-coder-14b-instruct,532,1,1534,146,True,
2025-08-30T01:27:31.872923,generate,qwen2.5-coder-14b-instruct,1063,251,8085,322,True,
2025-08-30T01:27:33.610656,kindness,qwen2.5-coder-14b-instruct,562,1,1736,145,True,
2025-08-30T01:27:35.047964,toxicity,qwen2.5-coder-14b-instruct,415,1,1435,111,True,
2025-08-30T01:27:36.479029,empathy,qwen2.5-coder-14b-instruct,554,1,1429,143,True,
2025-08-30T01:27:38.222171,bridge,qwen2.5-coder-14b-instruct,737,1,1741,178,True,
2025-08-30T01:27:46.146163,generate,qwen2.5-coder-14b-instruct,1317,212,7920,367,True,
2025-08-30T01:27:47.915937,kindness,qwen2.5-coder-14b-instruct,523,1,1768,144,True,
2025-08-30T01:27:49.278610,toxicity,qwen2.5-coder-14b-instruct,376,1,1361,110,True,
2025-08-30T01:27:50.714832,empathy,qwen2.5-coder-14b-instruct,515,1,1434,142,True,
2025-08-30T01:28:01.566166,generate,qwen2.5-coder-14b-instruct,1561,306,10848,437,True,
2025-08-30T01:28:03.308140,kindness,qwen2.5-coder-14b-instruct,617,1,1740,163,True,
2025-08-30T01:28:04.743259,toxicity,qwen2.5-coder-14b-instruct,470,1,1433,129,True,
2025-08-30T01:28:06.485212,empathy,qwen2.5-coder-14b-instruct,609,1,1740,161,True,
2025-08-30T01:28:15.405736,generate,qwen2.5-coder-14b-instruct,1859,235,8917,464,True,
2025-08-30T01:28:17.077239,kindness,qwen2.5-coder-14b-instruct,546,1,1669,148,True,
2025-08-30T01:28:18.463070,toxicity,qwen2.5-coder-14b-instruct,399,1,1384,114,True,
2025-08-30T01:28:19.898507,empathy,qwen2.5-coder-14b-instruct,538,1,1434,146,True,
2025-08-30T01:28:21.635983,bridge,qwen2.5-coder-14b-instruct,798,1,1736,195,True,
2025-08-30T01:28:31.059152,generate,qwen2.5-coder-14b-instruct,2115,229,9420,515,True,
2025-08-30T01:28:32.799492,kindness,qwen2.5-coder-14b-instruct,540,1,1738,151,True,
2025-08-30T01:28:34.234716,toxicity,qwen2.5-coder-14b-instruct,393,1,1433,117,True,
2025-08-30T01:28:35.632611,empathy,qwen2.5-coder-14b-instruct,532,1,1396,149,True,
2025-08-30T01:28:37.303507,bridge,qwen2.5-coder-14b-instruct,722,1,1669,184,True,
2025-08-30T01:28:49.349085,generate,qwen2.5-coder-14b-instruct,2165,306,12042,580,True,
2025-08-30T01:28:51.009361,kindness,qwen2.5-coder-14b-instruct,617,1,1658,163,True,
2025-08-30T01:28:52.415479,toxicity,qwen2.5-coder-14b-instruct,470,1,1404,129,True,
2025-08-30T01:28:54.102217,empathy,qwen2.5-coder-14b-instruct,609,1,1685,161,True,
2025-08-30T01:28:55.840985,bridge,qwen2.5-coder-14b-instruct,792,1,1737,199,True,
2025-08-30T01:29:06.580556,generate,qwen2.5-coder-14b-instruct,2175,263,10736,557,True,
2025-08-30T01:29:08.250395,kindness,qwen2.5-coder-14b-instruct,574,1,1668,159,True,
2025-08-30T01:29:09.664859,toxicity,qwen2.5-coder-14b-instruct,427,1,1413,125,True,
2025-08-30T01:29:11.402516,empathy,qwen2.5-coder-14b-instruct,566,1,1736,157,True,
2025-08-30T01:29:13.148340,bridge,qwen2.5-coder-14b-instruct,826,1,1744,206,True,
2025-08-30T01:29:22.874873,generate,qwen2.5-coder-14b-instruct,2224,249,9723,548,True,
2025-08-30T01:29:24.615791,kindness,qwen2.5-coder-14b-instruct,560,1,1739,152,True,
2025-08-30T01:29:25.973524,toxicity,qwen2.5-coder-14b-instruct,413,1,1356,118,True,
2025-08-30T01:29:27.377937,empathy,qwen2.5-coder-14b-instruct,552,1,1403,150,True,
2025-08-30T01:29:29.110563,bridge,qwen2.5-coder-14b-instruct,769,1,1731,195,True,
2025-08-30T01:29:35.869021,generate,qwen2.5-coder-14b-instruct,2161,172,6755,519,True,
2025-08-30T01:29:37.313088,kindness,qwen2.5-coder-14b-instruct,483,1,1442,133,True,
2025-08-30T01:29:38.746495,toxicity,qwen2.5-coder-14b-instruct,336,1,1431,99,True,
2025-08-30T01:29:40.150448,empathy,qwen2.5-coder-14b-instruct,475,1,1402,131,True,
2025-08-30T01:29:46.461085,generate,qwen2.5-coder-14b-instruct,876,162,6307,296,True,
2025-08-30T01:29:47.961795,kindness,qwen2.5-coder-14b-instruct,474,1,1499,129,True,
2025-08-30T01:29:49.311088,toxicity,qwen2.5-coder-14b-instruct,326,1,1347,100,True,
2025-08-30T01:29:50.727472,empathy,qwen2.5-coder-14b-instruct,466,1,1415,127,True,
2025-08-30T01:29:58.836057,generate,qwen2.5-coder-14b-instruct,984,238,8105,296,True,
2025-08-30T01:30:00.558715,kindness,qwen2.5-coder-14b-instruct,550,1,1721,144,True,
2025-08-30T01:30:01.991602,toxicity,qwen2.5-coder-14b-instruct,402,1,1431,115,True,
2025-08-30T01:30:03.523984,empathy,qwen2.5-coder-14b-instruct,542,1,1530,142,True,
2025-08-30T01:30:05.221780,bridge,qwen2.5-coder-14b-instruct,658,1,1696,168,True,
2025-08-30T01:30:16.017446,generate,qwen2.5-coder-14b-instruct,1276,290,10792,392,True,
2025-08-30T01:30:17.761323,kindness,qwen2.5-coder-14b-instruct,602,1,1742,158,True,
2025-08-30T01:30:19.191500,toxicity,qwen2.5-coder-14b-instruct,454,1,1428,129,True,
2025-08-30T01:30:20.935455,empathy,qwen2.5-coder-14b-instruct,594,1,1742,156,True,
2025-08-30T01:30:31.687502,generate,qwen2.5-coder-14b-instruct,1583,267,10749,455,True,
2025-08-30T01:30:33.428291,kindness,qwen2.5-coder-14b-instruct,579,1,1739,155,True,
2025-08-30T01:30:34.862200,toxicity,qwen2.5-coder-14b-instruct,431,1,1432,126,True,
2025-08-30T01:30:36.599365,empathy,qwen2.5-coder-14b-instruct,571,1,1735,153,True,
2025-08-30T01:30:48.041661,generate,qwen2.5-coder-14b-instruct,1836,318,11439,486,True,
2025-08-30T01:30:49.698411,kindness,qwen2.5-coder-14b-instruct,630,1,1655,160,True,
2025-08-30T01:30:51.145199,toxicity,qwen2.5-coder-14b-instruct,482,1,1445,131,True,
2025-08-30T01:30:52.813600,empathy,qwen2.5-coder-14b-instruct,622,1,1666,158,True,
2025-08-30T01:30:54.461669,bridge,qwen2.5-coder-14b-instruct,843,1,1646,210,True,
2025-08-30T01:31:03.072229,generate,qwen2.5-coder-14b-instruct,2183,282,8607,541,True,
2025-08-30T01:31:04.762689,kindness,qwen2.5-coder-14b-instruct,594,1,1688,140,True,
2025-08-30T01:31:06.196278,toxicity,qwen2.5-coder-14b-instruct,446,1,1432,111,True,
2025-08-30T01:31:07.629946,empathy,qwen2.5-coder-14b-instruct,586,1,1432,138,True,
2025-08-30T01:31:16.023760,generate,qwen2.5-coder-14b-instruct,2288,189,8390,537,True,
2025-08-30T01:31:17.767577,kindness,qwen2.5-coder-14b-instruct,501,1,1742,138,True,
2025-08-30T01:31:19.201113,toxicity,qwen2.5-coder-14b-instruct,353,1,1432,109,True,
2025-08-30T01:31:20.622991,empathy,qwen2.5-coder-14b-instruct,493,1,1420,136,True,
2025-08-30T01:31:34.460059,generate,qwen2.5-coder-14b-instruct,2261,326,13833,594,True,
2025-08-30T01:31:36.197051,kindness,qwen2.5-coder-14b-instruct,638,1,1735,168,True,
2025-08-30T01:31:37.633076,toxicity,qwen2.5-coder-14b-instruct,490,1,1434,139,True,
2025-08-30T01:31:39.290541,empathy,qwen2.5-coder-14b-instruct,630,1,1656,166,True,
2025-08-30T01:31:53.198115,generate,qwen2.5-coder-14b-instruct,2301,317,13904,604,True,
2025-08-30T01:31:54.866731,kindness,qwen2.5-coder-14b-instruct,629,1,1667,166,True,
2025-08-30T01:31:56.471350,toxicity,qwen2.5-coder-14b-instruct,481,1,1603,137,True,
2025-08-30T01:31:58.150421,empathy,qwen2.5-coder-14b-instruct,621,1,1677,164,True,
2025-08-30T01:31:59.870393,bridge,qwen2.5-coder-14b-instruct,899,1,1718,228,True,
2025-08-30T01:32:11.528229,generate,qwen2.5-coder-14b-instruct,2323,411,11654,571,True,
2025-08-30T01:32:13.198941,kindness,qwen2.5-coder-14b-instruct,723,1,1669,160,True,
2025-08-30T01:32:14.597330,toxicity,qwen2.5-coder-14b-instruct,575,1,1397,131,True,
2025-08-30T01:32:16.239161,empathy,qwen2.5-coder-14b-instruct,715,1,1640,158,True,
2025-08-30T01:32:17.967474,bridge,qwen2.5-coder-14b-instruct,985,1,1726,220,True,
2025-08-30T01:32:26.170788,generate,qwen2.5-coder-14b-instruct,860,175,7188,292,True,
2025-08-30T01:32:27.911566,kindness,qwen2.5-coder-14b-instruct,479,1,1739,134,True,
2025-08-30T01:32:29.276065,toxicity,qwen2.5-coder-14b-instruct,339,1,1363,108,True,
2025-08-30T01:32:30.674020,empathy,qwen2.5-coder-14b-instruct,471,1,1396,132,True,
2025-08-30T01:32:39.698371,generate,qwen2.5-coder-14b-instruct,995,267,9021,305,True,
2025-08-30T01:32:41.425069,kindness,qwen2.5-coder-14b-instruct,571,1,1725,147,True,
2025-08-30T01:32:42.862130,toxicity,qwen2.5-coder-14b-instruct,431,1,1435,121,True,
2025-08-30T01:32:44.264272,empathy,qwen2.5-coder-14b-instruct,563,1,1400,145,True,
2025-08-30T01:32:54.099709,generate,qwen2.5-coder-14b-instruct,1303,267,9832,398,True,
2025-08-30T01:32:55.776472,kindness,qwen2.5-coder-14b-instruct,571,1,1675,149,True,
2025-08-30T01:32:57.198074,toxicity,qwen2.5-coder-14b-instruct,431,1,1420,123,True,
2025-08-30T01:32:58.599704,empathy,qwen2.5-coder-14b-instruct,563,1,1400,147,True,
2025-08-30T01:33:00.373584,bridge,qwen2.5-coder-14b-instruct,791,1,1772,197,True,
2025-08-30T01:33:10.713566,generate,qwen2.5-coder-14b-instruct,1555,306,10336,424,True,
2025-08-30T01:33:12.453441,kindness,qwen2.5-coder-14b-instruct,610,1,1738,152,True,
2025-08-30T01:33:13.832345,toxicity,qwen2.5-coder-14b-instruct,470,1,1377,126,True,
2025-08-30T01:33:15.221050,empathy,qwen2.5-coder-14b-instruct,602,1,1387,150,True,
2025-08-30T01:33:16.961281,bridge,qwen2.5-coder-14b-instruct,831,1,1738,203,True,
2025-08-30T01:33:26.182797,generate,qwen2.5-coder-14b-instruct,1884,273,9218,472,True,
2025-08-30T01:33:27.868309,kindness,qwen2.5-coder-14b-instruct,577,1,1683,142,True,
2025-08-30T01:33:29.216183,toxicity,qwen2.5-coder-14b-instruct,437,1,1346,116,True,
2025-08-30T01:33:30.610884,empathy,qwen2.5-coder-14b-instruct,569,1,1393,140,True,
2025-08-30T01:33:32.319769,bridge,qwen2.5-coder-14b-instruct,837,1,1707,195,True,
2025-08-30T01:33:42.356232,generate,qwen2.5-coder-14b-instruct,2173,253,10033,541,True,
2025-08-30T01:33:44.005409,kindness,qwen2.5-coder-14b-instruct,557,1,1647,147,True,
2025-08-30T01:33:45.378618,toxicity,qwen2.5-coder-14b-instruct,417,1,1371,121,True,
2025-08-30T01:33:46.784762,empathy,qwen2.5-coder-14b-instruct,549,1,1404,145,True,
2025-08-30T01:33:48.462998,bridge,qwen2.5-coder-14b-instruct,783,1,1676,189,True,
2025-08-30T01:33:58.395984,generate,qwen2.5-coder-14b-instruct,2262,296,9929,550,True,
2025-08-30T01:34:00.082555,kindness,qwen2.5-coder-14b-instruct,600,1,1685,146,True,
2025-08-30T01:34:01.505422,toxicity,qwen2.5-coder-14b-instruct,460,1,1421,120,True,
2025-08-30T01:34:02.928712,empathy,qwen2.5-coder-14b-instruct,592,1,1421,144,True,
2025-08-30T01:34:13.012365,generate,qwen2.5-coder-14b-instruct,2295,253,10080,560,True,
2025-08-30T01:34:14.704147,kindness,qwen2.5-coder-14b-instruct,557,1,1690,147,True,
2025-08-30T01:34:16.149176,toxicity,qwen2.5-coder-14b-instruct,417,1,1443,121,True,
2025-08-30T01:34:17.582295,empathy,qwen2.5-coder-14b-instruct,549,1,1431,145,True,
2025-08-30T01:34:29.464019,generate,qwen2.5-coder-14b-instruct,2266,322,11878,550,True,
2025-08-30T01:34:31.173685,kindness,qwen2.5-coder-14b-instruct,626,1,1708,159,True,
2025-08-30T01:34:32.635098,toxicity,qwen2.5-coder-14b-instruct,486,1,1460,133,True,
2025-08-30T01:34:34.372778,empathy,qwen2.5-coder-14b-instruct,618,1,1736,157,True,
2025-08-30T01:34:36.116249,bridge,qwen2.5-coder-14b-instruct,833,1,1742,207,True,
2025-08-30T01:34:45.716635,generate,qwen2.5-coder-14b-instruct,2269,255,9597,539,True,
2025-08-30T01:34:47.483635,kindness,qwen2.5-coder-14b-instruct,559,1,1765,144,True,
2025-08-30T01:34:48.840748,toxicity,qwen2.5-coder-14b-instruct,419,1,1355,118,True,
2025-08-30T01:34:50.341345,empathy,qwen2.5-coder-14b-instruct,551,1,1499,142,True,
2025-08-30T01:35:00.420995,generate,qwen2.5-coder-14b-instruct,829,396,10076,285,True,
2025-08-30T01:35:02.125230,kindness,qwen2.5-coder-14b-instruct,700,1,1702,162,True,
2025-08-30T01:35:03.557146,toxicity,qwen2.5-coder-14b-instruct,560,1,1430,129,True,
2025-08-30T01:35:05.301860,empathy,qwen2.5-coder-14b-instruct,692,1,1743,160,True,
2025-08-30T01:35:14.933899,generate,qwen2.5-coder-14b-instruct,1220,301,9629,349,True,
2025-08-30T01:35:16.668140,kindness,qwen2.5-coder-14b-instruct,605,1,1732,155,True,
2025-08-30T01:35:18.100647,toxicity,qwen2.5-coder-14b-instruct,465,1,1431,122,True,
2025-08-30T01:35:19.750455,empathy,qwen2.5-coder-14b-instruct,597,1,1648,153,True,
2025-08-30T01:35:34.075860,generate,qwen2.5-coder-14b-instruct,1559,387,14322,456,True,
2025-08-30T01:35:35.815778,kindness,qwen2.5-coder-14b-instruct,691,1,1738,185,True,
2025-08-30T01:35:37.556555,toxicity,qwen2.5-coder-14b-instruct,551,1,1739,152,True,
2025-08-30T01:35:39.225707,empathy,qwen2.5-coder-14b-instruct,683,1,1667,183,True,
2025-08-30T01:35:41.035297,bridge,qwen2.5-coder-14b-instruct,945,1,1808,226,True,
2025-08-30T01:35:53.224061,generate,qwen2.5-coder-14b-instruct,1932,383,12185,485,True,
2025-08-30T01:35:54.920871,kindness,qwen2.5-coder-14b-instruct,687,1,1695,168,True,
2025-08-30T01:35:56.343367,toxicity,qwen2.5-coder-14b-instruct,547,1,1421,135,True,
2025-08-30T01:35:58.036584,empathy,qwen2.5-coder-14b-instruct,679,1,1691,166,True,
2025-08-30T01:35:59.762087,bridge,qwen2.5-coder-14b-instruct,1026,1,1724,239,True,
2025-08-30T01:36:13.191920,generate,qwen2.5-coder-14b-instruct,2331,417,13426,578,True,
2025-08-30T01:36:14.930066,kindness,qwen2.5-coder-14b-instruct,721,1,1736,176,True,
2025-08-30T01:36:16.364948,toxicity,qwen2.5-coder-14b-instruct,581,1,1414,143,True,
2025-08-30T01:36:18.108133,empathy,qwen2.5-coder-14b-instruct,713,1,1741,174,True,
2025-08-30T01:36:30.929827,generate,qwen2.5-coder-14b-instruct,2795,388,12818,665,True,
2025-08-30T01:36:32.648406,kindness,qwen2.5-coder-14b-instruct,692,1,1716,164,True,
2025-08-30T01:36:34.051081,toxicity,qwen2.5-coder-14b-instruct,552,1,1401,131,True,
2025-08-30T01:36:35.819699,empathy,qwen2.5-coder-14b-instruct,684,1,1767,162,True,
2025-08-30T01:36:48.631576,generate,qwen2.5-coder-14b-instruct,2770,388,12808,655,True,
2025-08-30T01:36:50.285360,kindness,qwen2.5-coder-14b-instruct,692,1,1652,164,True,
2025-08-30T01:36:51.694240,toxicity,qwen2.5-coder-14b-instruct,552,1,1407,131,True,
2025-08-30T01:36:53.435037,empathy,qwen2.5-coder-14b-instruct,684,1,1739,162,True,
2025-08-30T01:37:03.570146,generate,qwen2.5-coder-14b-instruct,2839,229,10132,625,True,
2025-08-30T01:37:05.313556,kindness,qwen2.5-coder-14b-instruct,533,1,1741,146,True,
2025-08-30T01:37:06.747057,toxicity,qwen2.5-coder-14b-instruct,393,1,1432,113,True,
2025-08-30T01:37:08.180893,empathy,qwen2.5-coder-14b-instruct,525,1,1432,144,True,
2025-08-30T01:37:09.898923,bridge,qwen2.5-coder-14b-instruct,875,1,1716,198,True,
2025-08-30T01:37:23.335845,generate,qwen2.5-coder-14b-instruct,2678,322,13433,603,True,
2025-08-30T01:37:25.034216,kindness,qwen2.5-coder-14b-instruct,626,1,1696,166,True,
2025-08-30T01:37:26.435774,toxicity,qwen2.5-coder-14b-instruct,486,1,1400,133,True,
2025-08-30T01:37:28.149308,empathy,qwen2.5-coder-14b-instruct,618,1,1712,164,True,
2025-08-30T01:37:40.921477,generate,qwen2.5-coder-14b-instruct,2671,388,12769,647,True,
2025-08-30T01:37:42.586923,kindness,qwen2.5-coder-14b-instruct,692,1,1663,164,True,
2025-08-30T01:37:43.985804,toxicity,qwen2.5-coder-14b-instruct,552,1,1397,131,True,
2025-08-30T01:37:45.675726,empathy,qwen2.5-coder-14b-instruct,684,1,1688,162,True,
2025-08-30T01:37:47.398920,bridge,qwen2.5-coder-14b-instruct,967,1,1721,216,True,
2025-08-30T01:37:55.410308,generate,qwen2.5-coder-14b-instruct,821,157,6996,264,True,
2025-08-30T01:37:57.078445,kindness,qwen2.5-coder-14b-instruct,468,1,1666,139,True,
2025-08-30T01:37:58.433994,toxicity,qwen2.5-coder-14b-instruct,321,1,1354,108,True,
2025-08-30T01:37:59.855859,empathy,qwen2.5-coder-14b-instruct,460,1,1420,137,True,
2025-08-30T01:38:08.393127,generate,qwen2.5-coder-14b-instruct,1020,197,8534,347,True,
2025-08-30T01:38:10.079580,kindness,qwen2.5-coder-14b-instruct,508,1,1684,145,True,
2025-08-30T01:38:11.436051,toxicity,qwen2.5-coder-14b-instruct,361,1,1355,114,True,
2025-08-30T01:38:12.894606,empathy,qwen2.5-coder-14b-instruct,500,1,1457,143,True,
2025-08-30T01:38:25.168562,generate,qwen2.5-coder-14b-instruct,1179,330,12270,374,True,
2025-08-30T01:38:26.926289,kindness,qwen2.5-coder-14b-instruct,641,1,1756,171,True,
2025-08-30T01:38:28.320276,toxicity,qwen2.5-coder-14b-instruct,494,1,1392,140,True,
2025-08-30T01:38:30.014710,empathy,qwen2.5-coder-14b-instruct,633,1,1693,169,True,
2025-08-30T01:38:31.739103,bridge,qwen2.5-coder-14b-instruct,784,1,1722,206,True,
2025-08-30T01:38:40.747457,generate,qwen2.5-coder-14b-instruct,1538,286,9005,426,True,
2025-08-30T01:38:42.492101,kindness,qwen2.5-coder-14b-instruct,597,1,1743,148,True,
2025-08-30T01:38:43.839136,toxicity,qwen2.5-coder-14b-instruct,450,1,1345,117,True,
2025-08-30T01:38:45.255181,empathy,qwen2.5-coder-14b-instruct,589,1,1414,146,True,
2025-08-30T01:38:46.934111,bridge,qwen2.5-coder-14b-instruct,873,1,1677,209,True,
2025-08-30T01:38:58.413268,generate,qwen2.5-coder-14b-instruct,1840,336,11476,505,True,
2025-08-30T01:39:00.101697,kindness,qwen2.5-coder-14b-instruct,647,1,1686,162,True,
2025-08-30T01:39:01.537692,toxicity,qwen2.5-coder-14b-instruct,500,1,1434,131,True,
2025-08-30T01:39:03.277490,empathy,qwen2.5-coder-14b-instruct,639,1,1738,160,True,
2025-08-30T01:39:05.020171,bridge,qwen2.5-coder-14b-instruct,879,1,1741,200,True,
2025-08-30T01:39:14.899671,generate,qwen2.5-coder-14b-instruct,2196,285,9876,559,True,
2025-08-30T01:39:16.692754,kindness,qwen2.5-coder-14b-instruct,596,1,1791,151,True,
2025-08-30T01:39:18.065910,toxicity,qwen2.5-coder-14b-instruct,449,1,1371,120,True,
2025-08-30T01:39:19.468137,empathy,qwen2.5-coder-14b-instruct,588,1,1399,149,True,
2025-08-30T01:39:21.152755,bridge,qwen2.5-coder-14b-instruct,878,1,1683,203,True,
2025-08-30T01:39:32.665660,generate,qwen2.5-coder-14b-instruct,2335,273,11509,582,True,
2025-08-30T01:39:34.404898,kindness,qwen2.5-coder-14b-instruct,584,1,1737,154,True,
2025-08-30T01:39:35.842121,toxicity,qwen2.5-coder-14b-instruct,437,1,1435,123,True,
2025-08-30T01:39:37.582468,empathy,qwen2.5-coder-14b-instruct,576,1,1738,152,True,
2025-08-30T01:39:39.264831,bridge,qwen2.5-coder-14b-instruct,816,1,1680,196,True,
2025-08-30T01:39:49.961208,generate,qwen2.5-coder-14b-instruct,2424,269,10693,601,True,
2025-08-30T01:39:51.714086,kindness,qwen2.5-coder-14b-instruct,580,1,1751,149,True,
2025-08-30T01:39:53.058198,toxicity,qwen2.5-coder-14b-instruct,433,1,1342,118,True,
2025-08-30T01:39:54.454966,empathy,qwen2.5-coder-14b-instruct,572,1,1395,147,True,
2025-08-30T01:40:05.227477,generate,qwen2.5-coder-14b-instruct,2316,331,10769,547,True,
2025-08-30T01:40:06.915075,kindness,qwen2.5-coder-14b-instruct,642,1,1686,156,True,
2025-08-30T01:40:08.405032,toxicity,qwen2.5-coder-14b-instruct,495,1,1488,125,True,
2025-08-30T01:40:10.056799,empathy,qwen2.5-coder-14b-instruct,634,1,1650,154,True,
2025-08-30T01:40:11.741214,bridge,qwen2.5-coder-14b-instruct,856,1,1683,195,True,
2025-08-30T01:40:21.922026,generate,qwen2.5-coder-14b-instruct,2368,262,10177,554,True,
2025-08-30T01:40:23.659296,kindness,qwen2.5-coder-14b-instruct,573,1,1735,152,True,
2025-08-30T01:40:25.034440,toxicity,qwen2.5-coder-14b-instruct,426,1,1373,121,True,
2025-08-30T01:40:26.427639,empathy,qwen2.5-coder-14b-instruct,565,1,1391,150,True,
2025-08-30T01:40:32.315213,generate,qwen2.5-coder-14b-instruct,783,139,5883,245,True,
2025-08-30T01:40:33.800131,kindness,qwen2.5-coder-14b-instruct,403,1,1483,122,True,
2025-08-30T01:40:35.149096,toxicity,qwen2.5-coder-14b-instruct,303,1,1347,100,True,
2025-08-30T01:40:36.563209,empathy,qwen2.5-coder-14b-instruct,395,1,1412,120,True,
2025-08-30T01:40:46.597298,generate,qwen2.5-coder-14b-instruct,913,296,10031,301,True,
2025-08-30T01:40:48.341103,kindness,qwen2.5-coder-14b-instruct,560,1,1742,150,True,
2025-08-30T01:40:49.746032,toxicity,qwen2.5-coder-14b-instruct,460,1,1403,128,True,
2025-08-30T01:40:51.158131,empathy,qwen2.5-coder-14b-instruct,552,1,1410,148,True,
2025-08-30T01:41:00.703514,generate,qwen2.5-coder-14b-instruct,1268,256,9542,401,True,
2025-08-30T01:41:02.403771,kindness,qwen2.5-coder-14b-instruct,520,1,1698,143,True,
2025-08-30T01:41:03.801124,toxicity,qwen2.5-coder-14b-instruct,420,1,1395,121,True,
2025-08-30T01:41:05.220705,empathy,qwen2.5-coder-14b-instruct,512,1,1418,141,True,
2025-08-30T01:41:06.978941,bridge,qwen2.5-coder-14b-instruct,811,1,1756,203,True,
2025-08-30T01:41:18.140262,generate,qwen2.5-coder-14b-instruct,1500,352,11158,417,True,
2025-08-30T01:41:19.826754,kindness,qwen2.5-coder-14b-instruct,616,1,1684,153,True,
2025-08-30T01:41:21.219240,toxicity,qwen2.5-coder-14b-instruct,516,1,1391,131,True,
2025-08-30T01:41:22.857230,empathy,qwen2.5-coder-14b-instruct,608,1,1636,151,True,
2025-08-30T01:41:24.592247,bridge,qwen2.5-coder-14b-instruct,866,1,1733,205,True,
2025-08-30T01:41:34.728269,generate,qwen2.5-coder-14b-instruct,1909,299,10133,516,True,
2025-08-30T01:41:36.415479,kindness,qwen2.5-coder-14b-instruct,563,1,1685,144,True,
2025-08-30T01:41:37.797188,toxicity,qwen2.5-coder-14b-instruct,463,1,1380,122,True,
2025-08-30T01:41:39.208731,empathy,qwen2.5-coder-14b-instruct,555,1,1410,142,True,
2025-08-30T01:41:40.901161,bridge,qwen2.5-coder-14b-instruct,909,1,1690,205,True,
2025-08-30T01:41:52.004142,generate,qwen2.5-coder-14b-instruct,2180,260,11099,545,True,
2025-08-30T01:41:53.876918,kindness,qwen2.5-coder-14b-instruct,524,1,1871,152,True,
2025-08-30T01:41:55.310598,toxicity,qwen2.5-coder-14b-instruct,424,1,1432,129,True,
2025-08-30T01:41:56.744107,empathy,qwen2.5-coder-14b-instruct,516,1,1432,149,True,
2025-08-30T01:42:07.598635,generate,qwen2.5-coder-14b-instruct,2296,304,10851,560,True,
2025-08-30T01:42:09.243833,kindness,qwen2.5-coder-14b-instruct,568,1,1643,149,True,
2025-08-30T01:42:10.625527,toxicity,qwen2.5-coder-14b-instruct,468,1,1380,127,True,
2025-08-30T01:42:12.104265,empathy,qwen2.5-coder-14b-instruct,560,1,1477,147,True,
2025-08-30T01:42:13.845002,bridge,qwen2.5-coder-14b-instruct,822,1,1739,209,True,
2025-08-30T01:42:23.778010,generate,qwen2.5-coder-14b-instruct,2322,282,9929,565,True,
2025-08-30T01:42:25.518653,kindness,qwen2.5-coder-14b-instruct,546,1,1739,139,True,
2025-08-30T01:42:26.914120,toxicity,qwen2.5-coder-14b-instruct,446,1,1394,117,True,
2025-08-30T01:42:28.385872,empathy,qwen2.5-coder-14b-instruct,538,1,1470,137,True,
2025-08-30T01:42:40.776619,generate,qwen2.5-coder-14b-instruct,2379,287,12387,608,True,
2025-08-30T01:42:42.516985,kindness,qwen2.5-coder-14b-instruct,551,1,1738,152,True,
2025-08-30T01:42:43.950709,toxicity,qwen2.5-coder-14b-instruct,451,1,1432,130,True,
2025-08-30T01:42:45.382374,empathy,qwen2.5-coder-14b-instruct,543,1,1430,150,True,
2025-08-30T01:42:54.307718,generate,qwen2.5-coder-14b-instruct,2259,204,8922,540,True,
2025-08-30T01:42:56.132749,kindness,qwen2.5-coder-14b-instruct,468,1,1823,137,True,
2025-08-30T01:42:57.569942,toxicity,qwen2.5-coder-14b-instruct,368,1,1435,114,True,
2025-08-30T01:42:58.968809,empathy,qwen2.5-coder-14b-instruct,460,1,1397,134,True,
2025-08-30T01:43:09.185470,generate,qwen2.5-coder-14b-instruct,836,314,9204,277,True,
2025-08-30T01:43:10.883183,kindness,qwen2.5-coder-14b-instruct,625,1,1696,154,True,
2025-08-30T01:43:12.315400,toxicity,qwen2.5-coder-14b-instruct,478,1,1430,123,True,
2025-08-30T01:43:14.056211,empathy,qwen2.5-coder-14b-instruct,617,1,1739,152,True,
2025-08-30T01:43:27.473320,generate,qwen2.5-coder-14b-instruct,1154,466,13414,364,True,
2025-08-30T01:43:29.174000,kindness,qwen2.5-coder-14b-instruct,777,1,1699,178,True,
2025-08-30T01:43:30.645077,toxicity,qwen2.5-coder-14b-instruct,630,1,1469,147,True,
2025-08-30T01:43:32.329298,empathy,qwen2.5-coder-14b-instruct,769,1,1682,176,True,
2025-08-30T01:43:34.054590,bridge,qwen2.5-coder-14b-instruct,1037,1,1723,222,True,
2025-08-30T01:43:41.089934,generate,qwen2.5-coder-14b-instruct,1612,204,7032,388,True,
2025-08-30T01:43:42.830393,kindness,qwen2.5-coder-14b-instruct,515,1,1738,135,True,
2025-08-30T01:43:44.264183,toxicity,qwen2.5-coder-14b-instruct,368,1,1432,104,True,
2025-08-30T01:43:45.697835,empathy,qwen2.5-coder-14b-instruct,507,1,1432,133,True,
2025-08-30T01:43:47.436143,bridge,qwen2.5-coder-14b-instruct,927,1,1736,203,True,
2025-08-30T01:43:57.091387,generate,qwen2.5-coder-14b-instruct,1853,305,9652,463,True,
2025-08-30T01:43:58.777364,kindness,qwen2.5-coder-14b-instruct,616,1,1684,150,True,
2025-08-30T01:44:00.238901,toxicity,qwen2.5-coder-14b-instruct,469,1,1460,119,True,
2025-08-30T01:44:01.668657,empathy,qwen2.5-coder-14b-instruct,608,1,1428,148,True,
2025-08-30T01:44:03.343822,bridge,qwen2.5-coder-14b-instruct,767,1,1673,176,True,
2025-08-30T01:44:14.973244,generate,qwen2.5-coder-14b-instruct,2151,338,11626,505,True,
2025-08-30T01:44:16.726185,kindness,qwen2.5-coder-14b-instruct,649,1,1733,163,True,
2025-08-30T01:44:18.130416,toxicity,qwen2.5-coder-14b-instruct,502,1,1402,132,True,
2025-08-30T01:44:19.794108,empathy,qwen2.5-coder-14b-instruct,641,1,1662,161,True,
2025-08-30T01:44:21.534903,bridge,qwen2.5-coder-14b-instruct,902,1,1739,205,True,
2025-08-30T01:44:29.423588,generate,qwen2.5-coder-14b-instruct,2506,218,7885,542,True,
2025-08-30T01:44:31.150669,kindness,qwen2.5-coder-14b-instruct,529,1,1725,137,True,
2025-08-30T01:44:32.597103,toxicity,qwen2.5-coder-14b-instruct,382,1,1445,106,True,
2025-08-30T01:44:34.031610,empathy,qwen2.5-coder-14b-instruct,521,1,1433,135,True,
2025-08-30T01:44:46.068998,generate,qwen2.5-coder-14b-instruct,2417,350,12034,568,True,
2025-08-30T01:44:47.749318,kindness,qwen2.5-coder-14b-instruct,661,1,1678,165,True,
2025-08-30T01:44:49.149509,toxicity,qwen2.5-coder-14b-instruct,514,1,1398,134,True,
2025-08-30T01:44:50.824288,empathy,qwen2.5-coder-14b-instruct,653,1,1673,163,True,
2025-08-30T01:45:00.962331,generate,qwen2.5-coder-14b-instruct,2305,234,10134,549,True,
2025-08-30T01:45:02.650304,kindness,qwen2.5-coder-14b-instruct,545,1,1686,152,True,
2025-08-30T01:45:04.030952,toxicity,qwen2.5-coder-14b-instruct,398,1,1379,121,True,
2025-08-30T01:45:05.376795,empathy,qwen2.5-coder-14b-instruct,537,1,1344,150,True,
2025-08-30T01:45:14.971343,generate,qwen2.5-coder-14b-instruct,2330,235,9591,544,True,
2025-08-30T01:45:16.731443,kindness,qwen2.5-coder-14b-instruct,546,1,1726,148,True,
2025-08-30T01:45:18.165155,toxicity,qwen2.5-coder-14b-instruct,399,1,1432,117,True,
2025-08-30T01:45:19.563996,empathy,qwen2.5-coder-14b-instruct,538,1,1397,146,True,
2025-08-30T01:45:29.353228,generate,qwen2.5-coder-14b-instruct,2263,258,9786,545,True,
2025-08-30T01:45:31.065150,kindness,qwen2.5-coder-14b-instruct,569,1,1710,150,True,
2025-08-30T01:45:32.501178,toxicity,qwen2.5-coder-14b-instruct,422,1,1434,119,True,
2025-08-30T01:45:33.934820,empathy,qwen2.5-coder-14b-instruct,561,1,1432,148,True,
2025-08-30T01:45:43.766349,generate,qwen2.5-coder-14b-instruct,844,263,9827,304,True,
2025-08-30T01:45:45.453910,kindness,qwen2.5-coder-14b-instruct,567,1,1686,159,True,
2025-08-30T01:45:46.844821,toxicity,qwen2.5-coder-14b-instruct,427,1,1389,126,True,
2025-08-30T01:45:48.516094,empathy,qwen2.5-coder-14b-instruct,559,1,1669,157,True,
2025-08-30T01:45:56.869331,generate,qwen2.5-coder-14b-instruct,1108,233,8350,360,True,
2025-08-30T01:45:58.532289,kindness,qwen2.5-coder-14b-instruct,537,1,1661,146,True,
2025-08-30T01:45:59.890775,toxicity,qwen2.5-coder-14b-instruct,397,1,1357,113,True,
2025-08-30T01:46:01.305526,empathy,qwen2.5-coder-14b-instruct,529,1,1413,144,True,
2025-08-30T01:46:02.990499,bridge,qwen2.5-coder-14b-instruct,755,1,1683,193,True,
2025-08-30T01:46:12.928678,generate,qwen2.5-coder-14b-instruct,1326,343,9935,378,True,
2025-08-30T01:46:14.694085,kindness,qwen2.5-coder-14b-instruct,647,1,1763,157,True,
2025-08-30T01:46:16.087477,toxicity,qwen2.5-coder-14b-instruct,507,1,1392,124,True,
2025-08-30T01:46:17.759283,empathy,qwen2.5-coder-14b-instruct,639,1,1670,155,True,
2025-08-30T01:46:19.478315,bridge,qwen2.5-coder-14b-instruct,833,1,1717,190,True,
2025-08-30T01:46:32.406678,generate,qwen2.5-coder-14b-instruct,1674,394,12925,454,True,
2025-08-30T01:46:34.118786,kindness,qwen2.5-coder-14b-instruct,698,1,1710,176,True,
2025-08-30T01:46:35.579691,toxicity,qwen2.5-coder-14b-instruct,558,1,1459,143,True,
2025-08-30T01:46:37.265728,empathy,qwen2.5-coder-14b-instruct,690,1,1684,174,True,
2025-08-30T01:46:47.560733,generate,qwen2.5-coder-14b-instruct,2114,258,10291,543,True,
2025-08-30T01:46:49.252467,kindness,qwen2.5-coder-14b-instruct,562,1,1690,155,True,
2025-08-30T01:46:50.732734,toxicity,qwen2.5-coder-14b-instruct,422,1,1478,122,True,
2025-08-30T01:46:52.472562,empathy,qwen2.5-coder-14b-instruct,554,1,1738,153,True,
2025-08-30T01:46:54.216514,bridge,qwen2.5-coder-14b-instruct,908,1,1742,217,True,
2025-08-30T01:47:03.739959,generate,qwen2.5-coder-14b-instruct,2356,269,9520,560,True,
2025-08-30T01:47:05.481011,kindness,qwen2.5-coder-14b-instruct,573,1,1739,149,True,
2025-08-30T01:47:06.910385,toxicity,qwen2.5-coder-14b-instruct,433,1,1427,116,True,
2025-08-30T01:47:08.347648,empathy,qwen2.5-coder-14b-instruct,565,1,1435,147,True,
2025-08-30T01:47:19.233629,generate,qwen2.5-coder-14b-instruct,2373,284,10883,571,True,
2025-08-30T01:47:20.900571,kindness,qwen2.5-coder-14b-instruct,588,1,1665,157,True,
2025-08-30T01:47:22.372864,toxicity,qwen2.5-coder-14b-instruct,448,1,1470,124,True,
2025-08-30T01:47:24.117520,empathy,qwen2.5-coder-14b-instruct,580,1,1743,155,True,
2025-08-30T01:47:35.072339,generate,qwen2.5-coder-14b-instruct,2436,304,10951,576,True,
2025-08-30T01:47:36.812834,kindness,qwen2.5-coder-14b-instruct,608,1,1738,153,True,
2025-08-30T01:47:38.247982,toxicity,qwen2.5-coder-14b-instruct,468,1,1433,120,True,
2025-08-30T01:47:39.900892,empathy,qwen2.5-coder-14b-instruct,600,1,1651,151,True,
2025-08-30T01:47:50.434503,generate,qwen2.5-coder-14b-instruct,2386,256,10530,564,True,
2025-08-30T01:47:52.175515,kindness,qwen2.5-coder-14b-instruct,560,1,1739,158,True,
2025-08-30T01:47:53.608605,toxicity,qwen2.5-coder-14b-instruct,420,1,1431,125,True,
2025-08-30T01:47:55.348193,empathy,qwen2.5-coder-14b-instruct,552,1,1738,156,True,
2025-08-30T01:48:06.816366,generate,qwen2.5-coder-14b-instruct,2292,277,11465,587,True,
2025-08-30T01:48:08.485488,kindness,qwen2.5-coder-14b-instruct,581,1,1667,154,True,
2025-08-30T01:48:09.855921,toxicity,qwen2.5-coder-14b-instruct,441,1,1369,121,True,
2025-08-30T01:48:11.524887,empathy,qwen2.5-coder-14b-instruct,573,1,1667,152,True,
2025-08-30T01:48:13.268746,bridge,qwen2.5-coder-14b-instruct,790,1,1742,198,True,
2025-08-30T01:48:22.690132,generate,qwen2.5-coder-14b-instruct,835,281,8407,283,True,
2025-08-30T01:48:24.428407,kindness,qwen2.5-coder-14b-instruct,593,1,1736,145,True,
2025-08-30T01:48:25.864424,toxicity,qwen2.5-coder-14b-instruct,445,1,1434,116,True,
2025-08-30T01:48:27.272552,empathy,qwen2.5-coder-14b-instruct,585,1,1406,143,True,
2025-08-30T01:48:36.613693,generate,qwen2.5-coder-14b-instruct,1148,292,9337,359,True,
2025-08-30T01:48:38.357479,kindness,qwen2.5-coder-14b-instruct,604,1,1742,148,True,
2025-08-30T01:48:39.733467,toxicity,qwen2.5-coder-14b-instruct,456,1,1374,119,True,
2025-08-30T01:48:41.144329,empathy,qwen2.5-coder-14b-instruct,596,1,1409,146,True,
2025-08-30T01:48:42.840487,bridge,qwen2.5-coder-14b-instruct,830,1,1694,187,True,
2025-08-30T01:48:53.923501,generate,qwen2.5-coder-14b-instruct,1402,300,11079,375,True,
2025-08-30T01:48:55.662885,kindness,qwen2.5-coder-14b-instruct,612,1,1737,161,True,
2025-08-30T01:48:57.063278,toxicity,qwen2.5-coder-14b-instruct,464,1,1398,132,True,
2025-08-30T01:48:58.727236,empathy,qwen2.5-coder-14b-instruct,604,1,1662,159,True,
2025-08-30T01:49:00.446337,bridge,qwen2.5-coder-14b-instruct,849,1,1717,203,True,
2025-08-30T01:49:09.220110,generate,qwen2.5-coder-14b-instruct,1769,241,8770,474,True,
2025-08-30T01:49:10.911716,kindness,qwen2.5-coder-14b-instruct,553,1,1690,143,True,
2025-08-30T01:49:12.356164,toxicity,qwen2.5-coder-14b-instruct,405,1,1443,114,True,
2025-08-30T01:49:13.890636,empathy,qwen2.5-coder-14b-instruct,545,1,1533,141,True,
2025-08-30T01:49:25.105730,generate,qwen2.5-coder-14b-instruct,1987,317,11211,504,True,
2025-08-30T01:49:26.892480,kindness,qwen2.5-coder-14b-instruct,629,1,1785,158,True,
2025-08-30T01:49:28.326679,toxicity,qwen2.5-coder-14b-instruct,481,1,1432,129,True,
2025-08-30T01:49:30.069608,empathy,qwen2.5-coder-14b-instruct,621,1,1741,156,True,
2025-08-30T01:49:31.754745,bridge,qwen2.5-coder-14b-instruct,815,1,1683,195,True,
2025-08-30T01:49:42.747136,generate,qwen2.5-coder-14b-instruct,2317,284,10989,550,True,
2025-08-30T01:49:44.508448,kindness,qwen2.5-coder-14b-instruct,596,1,1759,157,True,
2025-08-30T01:49:45.912572,toxicity,qwen2.5-coder-14b-instruct,448,1,1402,128,True,
2025-08-30T01:49:47.681854,empathy,qwen2.5-coder-14b-instruct,588,1,1767,155,True,
2025-08-30T01:49:57.820791,generate,qwen2.5-coder-14b-instruct,2357,242,10135,593,True,
2025-08-30T01:49:59.561100,kindness,qwen2.5-coder-14b-instruct,554,1,1738,144,True,
2025-08-30T01:50:00.915138,toxicity,qwen2.5-coder-14b-instruct,406,1,1352,115,True,
2025-08-30T01:50:02.355081,empathy,qwen2.5-coder-14b-instruct,546,1,1438,142,True,
2025-08-30T01:50:04.103869,bridge,qwen2.5-coder-14b-instruct,783,1,1747,196,True,
2025-08-30T01:50:15.635868,generate,qwen2.5-coder-14b-instruct,2268,335,11528,556,True,
2025-08-30T01:50:17.375902,kindness,qwen2.5-coder-14b-instruct,647,1,1738,160,True,
2025-08-30T01:50:18.812292,toxicity,qwen2.5-coder-14b-instruct,499,1,1435,131,True,
2025-08-30T01:50:20.455610,empathy,qwen2.5-coder-14b-instruct,639,1,1641,158,True,
2025-08-30T01:50:22.169050,bridge,qwen2.5-coder-14b-instruct,834,1,1712,199,True,
2025-08-30T01:50:31.718569,generate,qwen2.5-coder-14b-instruct,2311,242,9546,562,True,
2025-08-30T01:50:33.455826,kindness,qwen2.5-coder-14b-instruct,554,1,1735,144,True,
2025-08-30T01:50:34.889234,toxicity,qwen2.5-coder-14b-instruct,406,1,1432,115,True,
2025-08-30T01:50:36.322474,empathy,qwen2.5-coder-14b-instruct,546,1,1431,142,True,
2025-08-30T01:50:46.047639,generate,qwen2.5-coder-14b-instruct,2304,235,9721,549,True,
2025-08-30T01:50:47.791420,kindness,qwen2.5-coder-14b-instruct,547,1,1742,148,True,
2025-08-30T01:50:49.169321,toxicity,qwen2.5-coder-14b-instruct,399,1,1376,119,True,
2025-08-30T01:50:50.589082,empathy,qwen2.5-coder-14b-instruct,539,1,1418,146,True,
2025-08-30T01:51:01.157193,generate,qwen2.5-coder-14b-instruct,869,330,10564,320,True,
2025-08-30T01:51:02.841239,kindness,qwen2.5-coder-14b-instruct,646,1,1682,161,True,
2025-08-30T01:51:04.234349,toxicity,qwen2.5-coder-14b-instruct,494,1,1391,128,True,
2025-08-30T01:51:06.016193,empathy,qwen2.5-coder-14b-instruct,638,1,1780,159,True,
2025-08-30T01:51:16.869429,generate,qwen2.5-coder-14b-instruct,1172,294,10850,365,True,
2025-08-30T01:51:18.528924,kindness,qwen2.5-coder-14b-instruct,610,1,1657,163,True,
2025-08-30T01:51:19.941070,toxicity,qwen2.5-coder-14b-instruct,458,1,1410,130,True,
2025-08-30T01:51:21.623930,empathy,qwen2.5-coder-14b-instruct,602,1,1681,161,True,
2025-08-30T01:51:31.302112,generate,qwen2.5-coder-14b-instruct,1467,295,9675,398,True,
2025-08-30T01:51:33.048228,kindness,qwen2.5-coder-14b-instruct,611,1,1744,155,True,
2025-08-30T01:51:34.482136,toxicity,qwen2.5-coder-14b-instruct,459,1,1432,122,True,
2025-08-30T01:51:36.225998,empathy,qwen2.5-coder-14b-instruct,603,1,1742,153,True,
2025-08-30T01:51:46.566234,generate,qwen2.5-coder-14b-instruct,1824,309,10337,498,True,
2025-08-30T01:51:48.226376,kindness,qwen2.5-coder-14b-instruct,625,1,1658,156,True,
2025-08-30T01:51:49.641495,toxicity,qwen2.5-coder-14b-instruct,473,1,1413,123,True,
2025-08-30T01:51:51.313765,empathy,qwen2.5-coder-14b-instruct,617,1,1670,154,True,
2025-08-30T01:51:53.019945,bridge,qwen2.5-coder-14b-instruct,862,1,1704,197,True,
2025-08-30T01:52:04.898141,generate,qwen2.5-coder-14b-instruct,2101,352,11874,521,True,
2025-08-30T01:52:06.635765,kindness,qwen2.5-coder-14b-instruct,668,1,1736,166,True,
2025-08-30T01:52:08.072355,toxicity,qwen2.5-coder-14b-instruct,516,1,1435,133,True,
2025-08-30T01:52:09.813481,empathy,qwen2.5-coder-14b-instruct,660,1,1739,164,True,
2025-08-30T01:52:11.499921,bridge,qwen2.5-coder-14b-instruct,920,1,1685,209,True,
2025-08-30T01:52:23.466996,generate,qwen2.5-coder-14b-instruct,2476,329,11964,582,True,
2025-08-30T01:52:25.151531,kindness,qwen2.5-coder-14b-instruct,645,1,1682,160,True,
2025-08-30T01:52:26.606854,toxicity,qwen2.5-coder-14b-instruct,493,1,1453,127,True,
2025-08-30T01:52:28.251059,empathy,qwen2.5-coder-14b-instruct,637,1,1642,158,True,
2025-08-30T01:52:37.048753,generate,qwen2.5-coder-14b-instruct,2456,202,8794,558,True,
2025-08-30T01:52:38.792848,kindness,qwen2.5-coder-14b-instruct,518,1,1742,142,True,
2025-08-30T01:52:40.152374,toxicity,qwen2.5-coder-14b-instruct,366,1,1358,109,True,
2025-08-30T01:52:41.570415,empathy,qwen2.5-coder-14b-instruct,510,1,1416,140,True,
2025-08-30T01:52:53.231193,generate,qwen2.5-coder-14b-instruct,2365,303,11657,557,True,
2025-08-30T01:52:54.900861,kindness,qwen2.5-coder-14b-instruct,619,1,1668,164,True,
2025-08-30T01:52:56.302107,toxicity,qwen2.5-coder-14b-instruct,467,1,1399,131,True,
2025-08-30T01:52:58.040575,empathy,qwen2.5-coder-14b-instruct,611,1,1737,162,True,
2025-08-30T01:52:59.784824,bridge,qwen2.5-coder-14b-instruct,761,1,1742,192,True,
2025-08-30T01:53:12.990798,generate,qwen2.5-coder-14b-instruct,2372,394,13203,578,True,
2025-08-30T01:53:14.734714,kindness,qwen2.5-coder-14b-instruct,710,1,1742,174,True,
2025-08-30T01:53:16.169518,toxicity,qwen2.5-coder-14b-instruct,558,1,1433,141,True,
2025-08-30T01:53:17.905830,empathy,qwen2.5-coder-14b-instruct,702,1,1734,172,True,
2025-08-30T01:53:19.649969,bridge,qwen2.5-coder-14b-instruct,954,1,1742,224,True,
2025-08-30T01:53:30.628482,generate,qwen2.5-coder-14b-instruct,2470,291,10975,588,True,
2025-08-30T01:53:32.347855,kindness,qwen2.5-coder-14b-instruct,607,1,1717,150,True,
2025-08-30T01:53:33.781077,toxicity,qwen2.5-coder-14b-instruct,455,1,1431,117,True,
2025-08-30T01:53:35.229844,empathy,qwen2.5-coder-14b-instruct,599,1,1447,148,True,
2025-08-30T01:53:36.955688,bridge,qwen2.5-coder-14b-instruct,942,1,1724,210,True,
2025-08-30T01:53:48.117764,generate,qwen2.5-coder-14b-instruct,781,232,10154,287,True,
2025-08-30T01:53:49.855684,kindness,qwen2.5-coder-14b-instruct,491,1,1736,153,True,
2025-08-30T01:53:51.264105,toxicity,qwen2.5-coder-14b-instruct,396,1,1407,129,True,
2025-08-30T01:53:53.033330,empathy,qwen2.5-coder-14b-instruct,483,1,1767,151,True,
2025-08-30T01:54:03.888172,generate,qwen2.5-coder-14b-instruct,991,266,10851,331,True,
2025-08-30T01:54:05.628747,kindness,qwen2.5-coder-14b-instruct,525,1,1739,155,True,
2025-08-30T01:54:07.062146,toxicity,qwen2.5-coder-14b-instruct,430,1,1431,131,True,
2025-08-30T01:54:08.802023,empathy,qwen2.5-coder-14b-instruct,517,1,1738,153,True,
2025-08-30T01:54:19.756721,generate,qwen2.5-coder-14b-instruct,1280,296,10951,392,True,
2025-08-30T01:54:21.412461,kindness,qwen2.5-coder-14b-instruct,555,1,1654,155,True,
2025-08-30T01:54:22.830841,toxicity,qwen2.5-coder-14b-instruct,460,1,1417,131,True,
2025-08-30T01:54:24.573489,empathy,qwen2.5-coder-14b-instruct,547,1,1741,153,True,
2025-08-30T01:54:26.315073,bridge,qwen2.5-coder-14b-instruct,819,1,1740,214,True,
2025-08-30T01:54:37.167049,generate,qwen2.5-coder-14b-instruct,1592,260,10848,470,True,
2025-08-30T01:54:38.904293,kindness,qwen2.5-coder-14b-instruct,519,1,1735,152,True,
2025-08-30T01:54:40.341017,toxicity,qwen2.5-coder-14b-instruct,424,1,1435,128,True,
2025-08-30T01:54:41.678977,empathy,qwen2.5-coder-14b-instruct,511,1,1336,150,True,
2025-08-30T01:54:53.507233,generate,qwen2.5-coder-14b-instruct,1885,282,11825,545,True,
2025-08-30T01:54:55.166373,kindness,qwen2.5-coder-14b-instruct,541,1,1657,158,True,
2025-08-30T01:54:56.619900,toxicity,qwen2.5-coder-14b-instruct,446,1,1452,134,True,
2025-08-30T01:54:58.291139,empathy,qwen2.5-coder-14b-instruct,533,1,1669,156,True,
2025-08-30T01:55:00.101189,bridge,qwen2.5-coder-14b-instruct,800,1,1808,215,True,
2025-08-30T01:55:12.905011,generate,qwen2.5-coder-14b-instruct,2195,319,12800,625,True,
2025-08-30T01:55:14.645101,kindness,qwen2.5-coder-14b-instruct,578,1,1738,157,True,
2025-08-30T01:55:16.050150,toxicity,qwen2.5-coder-14b-instruct,483,1,1403,133,True,
2025-08-30T01:55:17.719991,empathy,qwen2.5-coder-14b-instruct,570,1,1668,155,True,
2025-08-30T01:55:19.457946,bridge,qwen2.5-coder-14b-instruct,859,1,1736,220,True,
2025-08-30T01:55:32.725144,generate,qwen2.5-coder-14b-instruct,2300,295,13264,651,True,
2025-08-30T01:55:34.406021,kindness,qwen2.5-coder-14b-instruct,554,1,1679,158,True,
2025-08-30T01:55:35.843043,toxicity,qwen2.5-coder-14b-instruct,459,1,1435,134,True,
2025-08-30T01:55:37.583110,empathy,qwen2.5-coder-14b-instruct,546,1,1738,156,True,
2025-08-30T01:55:50.831550,generate,qwen2.5-coder-14b-instruct,2302,336,13245,616,True,
2025-08-30T01:55:52.505246,kindness,qwen2.5-coder-14b-instruct,595,1,1672,160,True,
2025-08-30T01:55:53.963575,toxicity,qwen2.5-coder-14b-instruct,500,1,1456,136,True,
2025-08-30T01:55:55.707977,empathy,qwen2.5-coder-14b-instruct,587,1,1742,158,True,
2025-08-30T01:56:08.913181,generate,qwen2.5-coder-14b-instruct,2325,297,13202,607,True,
2025-08-30T01:56:10.570390,kindness,qwen2.5-coder-14b-instruct,556,1,1655,159,True,
2025-08-30T01:56:11.971319,toxicity,qwen2.5-coder-14b-instruct,461,1,1399,135,True,
2025-08-30T01:56:13.730448,empathy,qwen2.5-coder-14b-instruct,548,1,1757,157,True,
2025-08-30T01:56:26.735001,generate,qwen2.5-coder-14b-instruct,2370,340,13001,613,True,
2025-08-30T01:56:28.476074,kindness,qwen2.5-coder-14b-instruct,599,1,1739,158,True,
2025-08-30T01:56:29.876289,toxicity,qwen2.5-coder-14b-instruct,504,1,1398,134,True,
2025-08-30T01:56:31.527515,empathy,qwen2.5-coder-14b-instruct,591,1,1649,156,True,
2025-08-30T01:56:42.300059,generate,qwen2.5-coder-14b-instruct,818,260,10768,295,True,
2025-08-30T01:56:43.964753,kindness,qwen2.5-coder-14b-instruct,556,1,1663,157,True,
2025-08-30T01:56:45.358809,toxicity,qwen2.5-coder-14b-instruct,424,1,1392,133,True,
2025-08-30T01:56:47.034163,empathy,qwen2.5-coder-14b-instruct,548,1,1673,156,True,
2025-08-30T01:56:57.762614,generate,qwen2.5-coder-14b-instruct,1056,274,10725,333,True,
2025-08-30T01:56:59.504053,kindness,qwen2.5-coder-14b-instruct,570,1,1739,154,True,
2025-08-30T01:57:00.905642,toxicity,qwen2.5-coder-14b-instruct,438,1,1400,130,True,
2025-08-30T01:57:02.550792,empathy,qwen2.5-coder-14b-instruct,562,1,1643,153,True,
2025-08-30T01:57:04.317560,bridge,qwen2.5-coder-14b-instruct,791,1,1765,215,True,
2025-08-30T01:57:16.509694,generate,qwen2.5-coder-14b-instruct,1397,302,12188,457,True,
2025-08-30T01:57:18.246075,kindness,qwen2.5-coder-14b-instruct,598,1,1734,160,True,
2025-08-30T01:57:19.778209,toxicity,qwen2.5-coder-14b-instruct,466,1,1530,136,True,
2025-08-30T01:57:21.467093,empathy,qwen2.5-coder-14b-instruct,590,1,1687,159,True,
2025-08-30T01:57:32.935684,generate,qwen2.5-coder-14b-instruct,1701,330,11465,506,True,
2025-08-30T01:57:34.633754,kindness,qwen2.5-coder-14b-instruct,626,1,1696,155,True,
2025-08-30T01:57:36.056885,toxicity,qwen2.5-coder-14b-instruct,494,1,1421,131,True,
2025-08-30T01:57:37.802520,empathy,qwen2.5-coder-14b-instruct,618,1,1744,154,True,
2025-08-30T01:57:51.264906,generate,qwen2.5-coder-14b-instruct,2058,371,13459,591,True,
2025-08-30T01:57:52.909086,kindness,qwen2.5-coder-14b-instruct,667,1,1642,162,True,
2025-08-30T01:57:54.386499,toxicity,qwen2.5-coder-14b-instruct,535,1,1476,138,True,
2025-08-30T01:57:56.131581,empathy,qwen2.5-coder-14b-instruct,659,1,1743,161,True,
2025-08-30T01:58:09.749962,generate,qwen2.5-coder-14b-instruct,2393,379,13615,614,True,
2025-08-30T01:58:11.436018,kindness,qwen2.5-coder-14b-instruct,675,1,1684,161,True,
2025-08-30T01:58:12.925036,toxicity,qwen2.5-coder-14b-instruct,543,1,1487,137,True,
2025-08-30T01:58:14.666054,empathy,qwen2.5-coder-14b-instruct,667,1,1739,160,True,
2025-08-30T01:58:16.372714,bridge,qwen2.5-coder-14b-instruct,1008,1,1705,228,True,
2025-08-30T01:58:29.819233,generate,qwen2.5-coder-14b-instruct,2538,419,13443,630,True,
2025-08-30T01:58:31.478695,kindness,qwen2.5-coder-14b-instruct,715,1,1657,160,True,
2025-08-30T01:58:32.881541,toxicity,qwen2.5-coder-14b-instruct,583,1,1401,136,True,
2025-08-30T01:58:34.634312,empathy,qwen2.5-coder-14b-instruct,707,1,1751,159,True,
2025-08-30T01:58:44.873621,generate,qwen2.5-coder-14b-instruct,2670,269,10236,600,True,
2025-08-30T01:58:46.525651,kindness,qwen2.5-coder-14b-instruct,565,1,1650,139,True,
2025-08-30T01:58:47.863687,toxicity,qwen2.5-coder-14b-instruct,433,1,1336,115,True,
2025-08-30T01:58:49.277107,empathy,qwen2.5-coder-14b-instruct,557,1,1412,138,True,
2025-08-30T01:59:00.727321,generate,qwen2.5-coder-14b-instruct,2640,302,11447,604,True,
2025-08-30T01:59:02.414289,kindness,qwen2.5-coder-14b-instruct,598,1,1685,147,True,
2025-08-30T01:59:03.795641,toxicity,qwen2.5-coder-14b-instruct,466,1,1380,123,True,
2025-08-30T01:59:05.251808,empathy,qwen2.5-coder-14b-instruct,590,1,1454,146,True,
2025-08-30T01:59:18.163270,generate,qwen2.5-coder-14b-instruct,2605,305,12908,591,True,
2025-08-30T01:59:19.843900,kindness,qwen2.5-coder-14b-instruct,601,1,1679,156,True,
2025-08-30T01:59:21.327498,toxicity,qwen2.5-coder-14b-instruct,469,1,1482,132,True,
2025-08-30T01:59:23.069661,empathy,qwen2.5-coder-14b-instruct,593,1,1741,155,True,
2025-08-30T01:59:24.808083,bridge,qwen2.5-coder-14b-instruct,865,1,1737,208,True,
2025-08-30T01:59:32.387115,generate,qwen2.5-coder-14b-instruct,821,187,6566,256,True,
2025-08-30T01:59:33.818970,kindness,qwen2.5-coder-14b-instruct,483,1,1430,129,True,
2025-08-30T01:59:35.253005,toxicity,qwen2.5-coder-14b-instruct,351,1,1433,105,True,
2025-08-30T01:59:36.645505,empathy,qwen2.5-coder-14b-instruct,475,1,1391,128,True,
2025-08-30T01:59:46.593327,generate,qwen2.5-coder-14b-instruct,988,252,9945,304,True,
2025-08-30T01:59:48.269392,kindness,qwen2.5-coder-14b-instruct,548,1,1674,152,True,
2025-08-30T01:59:49.690773,toxicity,qwen2.5-coder-14b-instruct,416,1,1420,128,True,
2025-08-30T01:59:51.361410,empathy,qwen2.5-coder-14b-instruct,540,1,1669,151,True,
2025-08-30T02:00:00.649240,generate,qwen2.5-coder-14b-instruct,1309,284,9286,406,True,
2025-08-30T02:00:02.307534,kindness,qwen2.5-coder-14b-instruct,580,1,1657,143,True,
2025-08-30T02:00:03.698135,toxicity,qwen2.5-coder-14b-instruct,448,1,1389,119,True,
2025-08-30T02:00:05.113938,empathy,qwen2.5-coder-14b-instruct,572,1,1414,142,True,
2025-08-30T02:00:06.893149,bridge,qwen2.5-coder-14b-instruct,793,1,1778,199,True,
2025-08-30T02:00:16.903763,generate,qwen2.5-coder-14b-instruct,1582,267,10008,440,True,
2025-08-30T02:00:18.589547,kindness,qwen2.5-coder-14b-instruct,563,1,1684,148,True,
2025-08-30T02:00:19.979451,toxicity,qwen2.5-coder-14b-instruct,431,1,1389,124,True,
2025-08-30T02:00:21.377342,empathy,qwen2.5-coder-14b-instruct,555,1,1397,147,True,
2025-08-30T02:00:33.151667,generate,qwen2.5-coder-14b-instruct,1872,328,11772,519,True,
2025-08-30T02:00:34.823539,kindness,qwen2.5-coder-14b-instruct,624,1,1670,157,True,
2025-08-30T02:00:36.283853,toxicity,qwen2.5-coder-14b-instruct,492,1,1459,133,True,
2025-08-30T02:00:37.951704,empathy,qwen2.5-coder-14b-instruct,616,1,1667,156,True,
2025-08-30T02:00:39.615950,bridge,qwen2.5-coder-14b-instruct,854,1,1662,211,True,
2025-08-30T02:00:48.175362,generate,qwen2.5-coder-14b-instruct,2186,195,8557,531,True,
2025-08-30T02:00:49.830887,kindness,qwen2.5-coder-14b-instruct,491,1,1654,135,True,
2025-08-30T02:00:51.179533,toxicity,qwen2.5-coder-14b-instruct,359,1,1348,111,True,
2025-08-30T02:00:52.586961,empathy,qwen2.5-coder-14b-instruct,483,1,1406,134,True,
2025-08-30T02:00:54.305501,bridge,qwen2.5-coder-14b-instruct,781,1,1717,198,True,
2025-08-30T02:01:03.184976,generate,qwen2.5-coder-14b-instruct,2181,195,8877,534,True,
2025-08-30T02:01:04.833110,kindness,qwen2.5-coder-14b-instruct,491,1,1647,138,True,
2025-08-30T02:01:06.389764,toxicity,qwen2.5-coder-14b-instruct,359,1,1556,114,True,
2025-08-30T02:01:07.822394,empathy,qwen2.5-coder-14b-instruct,483,1,1432,137,True,
2025-08-30T02:01:18.192464,generate,qwen2.5-coder-14b-instruct,2130,288,10367,530,True,
2025-08-30T02:01:19.840752,kindness,qwen2.5-coder-14b-instruct,584,1,1647,148,True,
2025-08-30T02:01:21.212242,toxicity,qwen2.5-coder-14b-instruct,452,1,1370,124,True,
2025-08-30T02:01:22.602919,empathy,qwen2.5-coder-14b-instruct,576,1,1389,147,True,
2025-08-30T02:01:34.385633,generate,qwen2.5-coder-14b-instruct,2150,258,11780,566,True,
2025-08-30T02:01:36.041994,kindness,qwen2.5-coder-14b-instruct,554,1,1654,157,True,
2025-08-30T02:01:37.519317,toxicity,qwen2.5-coder-14b-instruct,422,1,1476,133,True,
2025-08-30T02:01:39.259075,empathy,qwen2.5-coder-14b-instruct,546,1,1739,156,True,
2025-08-30T02:01:47.711189,generate,qwen2.5-coder-14b-instruct,2126,172,8449,532,True,
2025-08-30T02:01:49.379085,kindness,qwen2.5-coder-14b-instruct,468,1,1666,135,True,
2025-08-30T02:01:50.727851,toxicity,qwen2.5-coder-14b-instruct,336,1,1348,111,True,
2025-08-30T02:01:52.129916,empathy,qwen2.5-coder-14b-instruct,460,1,1401,134,True,
2025-08-30T02:02:01.526906,generate,qwen2.5-coder-14b-instruct,764,276,9394,261,True,
2025-08-30T02:02:03.184661,kindness,qwen2.5-coder-14b-instruct,517,1,1656,140,True,
2025-08-30T02:02:04.656060,toxicity,qwen2.5-coder-14b-instruct,440,1,1470,124,True,
2025-08-30T02:02:06.084986,empathy,qwen2.5-coder-14b-instruct,509,1,1428,138,True,
2025-08-30T02:02:19.850660,generate,qwen2.5-coder-14b-instruct,1048,312,13763,359,True,
2025-08-30T02:02:21.549355,kindness,qwen2.5-coder-14b-instruct,553,1,1697,167,True,
2025-08-30T02:02:23.271323,toxicity,qwen2.5-coder-14b-instruct,476,1,1721,151,True,
2025-08-30T02:02:24.938649,empathy,qwen2.5-coder-14b-instruct,545,1,1666,165,True,
2025-08-30T02:02:26.671618,bridge,qwen2.5-coder-14b-instruct,846,1,1732,228,True,
2025-08-30T02:02:36.978903,generate,qwen2.5-coder-14b-instruct,1354,285,10305,400,True,
2025-08-30T02:02:38.648078,kindness,qwen2.5-coder-14b-instruct,526,1,1668,143,True,
2025-08-30T02:02:40.085324,toxicity,qwen2.5-coder-14b-instruct,449,1,1436,127,True,
2025-08-30T02:02:41.507240,empathy,qwen2.5-coder-14b-instruct,518,1,1421,141,True,
2025-08-30T02:02:43.257664,bridge,qwen2.5-coder-14b-instruct,857,1,1749,232,True,
2025-08-30T02:02:56.265125,generate,qwen2.5-coder-14b-instruct,1658,368,13005,475,True,
2025-08-30T02:02:58.107810,kindness,qwen2.5-coder-14b-instruct,609,1,1841,158,True,
2025-08-30T02:02:59.646478,toxicity,qwen2.5-coder-14b-instruct,532,1,1538,142,True,
2025-08-30T02:03:01.326053,empathy,qwen2.5-coder-14b-instruct,601,1,1678,156,True,
2025-08-30T02:03:11.887673,generate,qwen2.5-coder-14b-instruct,2043,275,10559,533,True,
2025-08-30T02:03:13.673203,kindness,qwen2.5-coder-14b-instruct,516,1,1784,142,True,
2025-08-30T02:03:15.065671,toxicity,qwen2.5-coder-14b-instruct,439,1,1391,126,True,
2025-08-30T02:03:16.481868,empathy,qwen2.5-coder-14b-instruct,508,1,1415,140,True,
2025-08-30T02:03:26.368154,generate,qwen2.5-coder-14b-instruct,2372,153,9884,613,True,
2025-08-30T02:03:27.803220,kindness,qwen2.5-coder-14b-instruct,394,1,1433,129,True,
2025-08-30T02:03:29.238301,toxicity,qwen2.5-coder-14b-instruct,317,1,1434,113,True,
2025-08-30T02:03:30.632932,empathy,qwen2.5-coder-14b-instruct,386,1,1393,127,True,
2025-08-30T02:03:44.904194,generate,qwen2.5-coder-14b-instruct,2248,413,14269,637,True,
2025-08-30T02:03:46.573180,kindness,qwen2.5-coder-14b-instruct,654,1,1668,157,True,
2025-08-30T02:03:48.081665,toxicity,qwen2.5-coder-14b-instruct,577,1,1507,141,True,
2025-08-30T02:03:49.737620,empathy,qwen2.5-coder-14b-instruct,646,1,1655,155,True,
2025-08-30T02:03:51.406759,bridge,qwen2.5-coder-14b-instruct,823,1,1668,206,True,
2025-08-30T02:04:06.508320,generate,qwen2.5-coder-14b-instruct,2321,356,15099,608,True,
2025-08-30T02:04:08.205904,kindness,qwen2.5-coder-14b-instruct,597,1,1696,162,True,
2025-08-30T02:04:09.686138,toxicity,qwen2.5-coder-14b-instruct,520,1,1479,146,True,
2025-08-30T02:04:11.357725,empathy,qwen2.5-coder-14b-instruct,589,1,1670,160,True,
2025-08-30T02:04:13.167922,bridge,qwen2.5-coder-14b-instruct,1026,1,1809,239,True,
2025-08-30T02:04:26.376865,generate,qwen2.5-coder-14b-instruct,2379,327,13206,602,True,
2025-08-30T02:04:28.101258,kindness,qwen2.5-coder-14b-instruct,568,1,1722,147,True,
2025-08-30T02:04:29.551680,toxicity,qwen2.5-coder-14b-instruct,491,1,1449,131,True,
2025-08-30T02:04:30.951748,empathy,qwen2.5-coder-14b-instruct,560,1,1399,145,True,
2025-08-30T02:04:41.783831,generate,qwen2.5-coder-14b-instruct,2355,219,10829,600,True,
2025-08-30T02:04:43.463089,kindness,qwen2.5-coder-14b-instruct,460,1,1678,136,True,
2025-08-30T02:04:44.907866,toxicity,qwen2.5-coder-14b-instruct,383,1,1444,120,True,
2025-08-30T02:04:46.312395,empathy,qwen2.5-coder-14b-instruct,452,1,1403,134,True,
2025-08-30T02:04:57.915122,generate,qwen2.5-coder-14b-instruct,816,365,10591,288,True,
2025-08-30T02:04:59.657985,kindness,qwen2.5-coder-14b-instruct,669,1,1742,165,True,
2025-08-30T02:05:01.058092,toxicity,qwen2.5-coder-14b-instruct,529,1,1399,132,True,
2025-08-30T02:05:02.729691,empathy,qwen2.5-coder-14b-instruct,661,1,1670,163,True,
2025-08-30T02:05:16.510002,generate,qwen2.5-coder-14b-instruct,1188,404,13779,376,True,
2025-08-30T02:05:18.203373,kindness,qwen2.5-coder-14b-instruct,708,1,1692,183,True,
2025-08-30T02:05:19.591406,toxicity,qwen2.5-coder-14b-instruct,568,1,1387,150,True,
2025-08-30T02:05:21.241727,empathy,qwen2.5-coder-14b-instruct,700,1,1649,181,True,
2025-08-30T02:05:23.005533,bridge,qwen2.5-coder-14b-instruct,1028,1,1763,235,True,
2025-08-30T02:05:34.573704,generate,qwen2.5-coder-14b-instruct,1600,354,11566,435,True,
2025-08-30T02:05:36.318179,kindness,qwen2.5-coder-14b-instruct,658,1,1743,167,True,
2025-08-30T02:05:37.716505,toxicity,qwen2.5-coder-14b-instruct,518,1,1397,134,True,
2025-08-30T02:05:39.385841,empathy,qwen2.5-coder-14b-instruct,650,1,1668,165,True,
2025-08-30T02:05:41.117898,bridge,qwen2.5-coder-14b-instruct,1017,1,1731,238,True,
2025-08-30T02:05:52.906056,generate,qwen2.5-coder-14b-instruct,1970,367,11786,501,True,
2025-08-30T02:05:54.647287,kindness,qwen2.5-coder-14b-instruct,671,1,1740,166,True,
2025-08-30T02:05:56.080616,toxicity,qwen2.5-coder-14b-instruct,531,1,1432,133,True,
2025-08-30T02:05:57.819383,empathy,qwen2.5-coder-14b-instruct,663,1,1738,164,True,
2025-08-30T02:06:12.240701,generate,qwen2.5-coder-14b-instruct,2390,355,14419,620,True,
2025-08-30T02:06:14.001313,kindness,qwen2.5-coder-14b-instruct,659,1,1759,176,True,
2025-08-30T02:22:17.392044,toxicity,qwen2.5-coder-14b-instruct,519,0,963389,0,False,"Request error: HTTPConnectionPool(host='localhost', port=1234): Read timed out. (read timeout=60)"
2025-08-30T02:23:17.401509,empathy,qwen2.5-coder-14b-instruct,651,0,60008,0,False,"Request error: HTTPConnectionPool(host='localhost', port=1234): Max retries exceeded with url: /api/v0/chat/completions (Caused by ConnectTimeoutError(<urllib3.connection.HTTPConnection object at 0x10d8b8af0>, 'Connection to localhost timed out. (connect timeout=60)'))"
2025-08-30T02:24:17.409130,generate,qwen2.5-coder-14b-instruct,2739,0,60005,0,False,"Request error: HTTPConnectionPool(host='localhost', port=1234): Max retries exceeded with url: /api/v0/chat/completions (Caused by ConnectTimeoutError(<urllib3.connection.HTTPConnection object at 0x10d8b87c0>, 'Connection to localhost timed out. (connect timeout=60)'))"
2025-08-30T02:25:17.414854,kindness,qwen2.5-coder-14b-instruct,334,0,60005,0,False,"Request error: HTTPConnectionPool(host='localhost', port=1234): Max retries exceeded with url: /api/v0/chat/completions (Caused by ConnectTimeoutError(<urllib3.connection.HTTPConnection object at 0x10d8b88d0>, 'Connection to localhost timed out. (connect timeout=60)'))"
2025-08-30T02:26:17.418679,toxicity,qwen2.5-coder-14b-instruct,194,0,60003,0,False,"Request error: HTTPConnectionPool(host='localhost', port=1234): Max retries exceeded with url: /api/v0/chat/completions (Caused by ConnectTimeoutError(<urllib3.connection.HTTPConnection object at 0x10d8b96a0>, 'Connection to localhost timed out. (connect timeout=60)'))"
2025-08-30T02:27:17.421980,empathy,qwen2.5-coder-14b-instruct,326,0,60002,0,False,"Request error: HTTPConnectionPool(host='localhost', port=1234): Max retries exceeded with url: /api/v0/chat/completions (Caused by ConnectTimeoutError(<urllib3.connection.HTTPConnection object at 0x10d8b98c0>, 'Connection to localhost timed out. (connect timeout=60)'))"
2025-08-30T02:28:17.426605,generate,qwen2.5-coder-14b-instruct,2382,0,60003,0,False,"Request error: HTTPConnectionPool(host='localhost', port=1234): Max retries exceeded with url: /api/v0/chat/completions (Caused by ConnectTimeoutError(<urllib3.connection.HTTPConnection object at 0x10d8b9ae0>, 'Connection to localhost timed out. (connect timeout=60)'))"
2025-08-30T02:45:32.090974,kindness,qwen2.5-coder-14b-instruct,334,0,1034662,0,False,"Request error: HTTPConnectionPool(host='localhost', port=1234): Max retries exceeded with url: /api/v0/chat/completions (Caused by ConnectTimeoutError(<urllib3.connection.HTTPConnection object at 0x10d8b9e10>, 'Connection to localhost timed out. (connect timeout=60)'))"
2025-08-30T02:50:38.752394,toxicity,qwen2.5-coder-14b-instruct,194,0,306660,0,False,"Request error: HTTPConnectionPool(host='localhost', port=1234): Max retries exceeded with url: /api/v0/chat/completions (Caused by ConnectTimeoutError(<urllib3.connection.HTTPConnection object at 0x10d8ba140>, 'Connection to localhost timed out. (connect timeout=60)'))"
2025-08-30T03:07:10.691369,empathy,qwen2.5-coder-14b-instruct,326,0,991938,0,False,"Request error: HTTPConnectionPool(host='localhost', port=1234): Max retries exceeded with url: /api/v0/chat/completions (Caused by ConnectTimeoutError(<urllib3.connection.HTTPConnection object at 0x10d8ba360>, 'Connection to localhost timed out. (connect timeout=60)'))"
2025-08-30T03:22:41.284566,bridge,qwen2.5-coder-14b-instruct,317,0,930592,0,False,"Request error: HTTPConnectionPool(host='localhost', port=1234): Max retries exceeded with url: /api/v0/chat/completions (Caused by ConnectTimeoutError(<urllib3.connection.HTTPConnection object at 0x10d8ba580>, 'Connection to localhost timed out. (connect timeout=60)'))"
2025-08-30T03:23:41.301874,generate,qwen2.5-coder-14b-instruct,2011,0,60014,0,False,"Request error: HTTPConnectionPool(host='localhost', port=1234): Max retries exceeded with url: /api/v0/chat/completions (Caused by ConnectTimeoutError(<urllib3.connection.HTTPConnection object at 0x10d8ba470>, 'Connection to localhost timed out. (connect timeout=60)'))"
2025-08-30T03:24:41.310855,kindness,qwen2.5-coder-14b-instruct,334,0,60008,0,False,"Request error: HTTPConnectionPool(host='localhost', port=1234): Max retries exceeded with url: /api/v0/chat/completions (Caused by ConnectTimeoutError(<urllib3.connection.HTTPConnection object at 0x10d8b9e10>, 'Connection to localhost timed out. (connect timeout=60)'))"
2025-08-30T03:25:41.319610,toxicity,qwen2.5-coder-14b-instruct,194,0,60008,0,False,"Request error: HTTPConnectionPool(host='localhost', port=1234): Max retries exceeded with url: /api/v0/chat/completions (Caused by ConnectTimeoutError(<urllib3.connection.HTTPConnection object at 0x10d8b9d00>, 'Connection to localhost timed out. (connect timeout=60)'))"
2025-08-30T03:26:41.325254,empathy,qwen2.5-coder-14b-instruct,326,0,60005,0,False,"Request error: HTTPConnectionPool(host='localhost', port=1234): Max retries exceeded with url: /api/v0/chat/completions (Caused by ConnectTimeoutError(<urllib3.connection.HTTPConnection object at 0x10d8b9590>, 'Connection to localhost timed out. (connect timeout=60)'))"
2025-08-30T03:27:41.332847,generate,qwen2.5-coder-14b-instruct,1714,0,60006,0,False,"Request error: HTTPConnectionPool(host='localhost', port=1234): Max retries exceeded with url: /api/v0/chat/completions (Caused by ConnectTimeoutError(<urllib3.connection.HTTPConnection object at 0x10d8b99d0>, 'Connection to localhost timed out. (connect timeout=60)'))"
2025-08-30T03:28:41.339147,kindness,qwen2.5-coder-14b-instruct,334,0,60005,0,False,"Request error: HTTPConnectionPool(host='localhost', port=1234): Max retries exceeded with url: /api/v0/chat/completions (Caused by ConnectTimeoutError(<urllib3.connection.HTTPConnection object at 0x10d8b88d0>, 'Connection to localhost timed out. (connect timeout=60)'))"
2025-08-30T03:29:41.345373,toxicity,qwen2.5-coder-14b-instruct,194,0,60005,0,False,"Request error: HTTPConnectionPool(host='localhost', port=1234): Max retries exceeded with url: /api/v0/chat/completions (Caused by ConnectTimeoutError(<urllib3.connection.HTTPConnection object at 0x10d8b8c00>, 'Connection to localhost timed out. (connect timeout=60)'))"
2025-08-30T03:30:41.351583,empathy,qwen2.5-coder-14b-instruct,326,0,60005,0,False,"Request error: HTTPConnectionPool(host='localhost', port=1234): Max retries exceeded with url: /api/v0/chat/completions (Caused by ConnectTimeoutError(<urllib3.connection.HTTPConnection object at 0x10d8b8e20>, 'Connection to localhost timed out. (connect timeout=60)'))"
2025-08-30T03:31:41.357703,bridge,qwen2.5-coder-14b-instruct,318,0,60005,0,False,"Request error: HTTPConnectionPool(host='localhost', port=1234): Max retries exceeded with url: /api/v0/chat/completions (Caused by ConnectTimeoutError(<urllib3.connection.HTTPConnection object at 0x10d8b89e0>, 'Connection to localhost timed out. (connect timeout=60)'))"
2025-08-30T03:32:41.364803,generate,qwen2.5-coder-14b-instruct,1349,0,60005,0,False,"Request error: HTTPConnectionPool(host='localhost', port=1234): Max retries exceeded with url: /api/v0/chat/completions (Caused by ConnectTimeoutError(<urllib3.connection.HTTPConnection object at 0x10d8b8f30>, 'Connection to localhost timed out. (connect timeout=60)'))"
2025-08-30T03:33:41.371488,kindness,qwen2.5-coder-14b-instruct,334,0,60006,0,False,"Request error: HTTPConnectionPool(host='localhost', port=1234): Max retries exceeded with url: /api/v0/chat/completions (Caused by ConnectTimeoutError(<urllib3.connection.HTTPConnection object at 0x10d8b9150>, 'Connection to localhost timed out. (connect timeout=60)'))"
2025-08-30T03:34:41.378172,toxicity,qwen2.5-coder-14b-instruct,194,0,60006,0,False,"Request error: HTTPConnectionPool(host='localhost', port=1234): Max retries exceeded with url: /api/v0/chat/completions (Caused by ConnectTimeoutError(<urllib3.connection.HTTPConnection object at 0x10d8ba8b0>, 'Connection to localhost timed out. (connect timeout=60)'))"
2025-08-30T03:35:41.382634,empathy,qwen2.5-coder-14b-instruct,326,0,60004,0,False,"Request error: HTTPConnectionPool(host='localhost', port=1234): Max retries exceeded with url: /api/v0/chat/completions (Caused by ConnectTimeoutError(<urllib3.connection.HTTPConnection object at 0x10d8baad0>, 'Connection to localhost timed out. (connect timeout=60)'))"
2025-08-30T03:36:41.387113,bridge,qwen2.5-coder-14b-instruct,317,0,60004,0,False,"Request error: HTTPConnectionPool(host='localhost', port=1234): Max retries exceeded with url: /api/v0/chat/completions (Caused by ConnectTimeoutError(<urllib3.connection.HTTPConnection object at 0x10d8bacf0>, 'Connection to localhost timed out. (connect timeout=60)'))"
2025-08-30T03:37:41.405572,generate,qwen2.5-coder-14b-instruct,771,0,60016,0,False,"Request error: HTTPConnectionPool(host='localhost', port=1234): Max retries exceeded with url: /api/v0/chat/completions (Caused by ConnectTimeoutError(<urllib3.connection.HTTPConnection object at 0x10d8baf10>, 'Connection to localhost timed out. (connect timeout=60)'))"
2025-08-30T03:38:41.415929,kindness,qwen2.5-coder-14b-instruct,289,0,60008,0,False,"Request error: HTTPConnectionPool(host='localhost', port=1234): Max retries exceeded with url: /api/v0/chat/completions (Caused by ConnectTimeoutError(<urllib3.connection.HTTPConnection object at 0x10d8bacf0>, 'Connection to localhost timed out. (connect timeout=60)'))"
2025-08-30T03:39:41.424176,toxicity,qwen2.5-coder-14b-instruct,194,0,60007,0,False,"Request error: HTTPConnectionPool(host='localhost', port=1234): Max retries exceeded with url: /api/v0/chat/completions (Caused by ConnectTimeoutError(<urllib3.connection.HTTPConnection object at 0x10d8babe0>, 'Connection to localhost timed out. (connect timeout=60)'))"
2025-08-30T03:40:41.431683,empathy,qwen2.5-coder-14b-instruct,281,0,60006,0,False,"Request error: HTTPConnectionPool(host='localhost', port=1234): Max retries exceeded with url: /api/v0/chat/completions (Caused by ConnectTimeoutError(<urllib3.connection.HTTPConnection object at 0x10d8ba9c0>, 'Connection to localhost timed out. (connect timeout=60)'))"
2025-08-30T03:41:41.438965,generate,qwen2.5-coder-14b-instruct,792,0,60005,0,False,"Request error: HTTPConnectionPool(host='localhost', port=1234): Max retries exceeded with url: /api/v0/chat/completions (Caused by ConnectTimeoutError(<urllib3.connection.HTTPConnection object at 0x10d8b9260>, 'Connection to localhost timed out. (connect timeout=60)'))"
2025-08-30T03:42:41.446733,kindness,qwen2.5-coder-14b-instruct,289,0,60007,0,False,"Request error: HTTPConnectionPool(host='localhost', port=1234): Max retries exceeded with url: /api/v0/chat/completions (Caused by ConnectTimeoutError(<urllib3.connection.HTTPConnection object at 0x10d8b9370>, 'Connection to localhost timed out. (connect timeout=60)'))"
2025-08-30T03:43:41.453355,toxicity,qwen2.5-coder-14b-instruct,194,0,60006,0,False,"Request error: HTTPConnectionPool(host='localhost', port=1234): Max retries exceeded with url: /api/v0/chat/completions (Caused by ConnectTimeoutError(<urllib3.connection.HTTPConnection object at 0x10d8b87c0>, 'Connection to localhost timed out. (connect timeout=60)'))"
2025-08-30T03:44:41.459776,empathy,qwen2.5-coder-14b-instruct,281,0,60005,0,False,"Request error: HTTPConnectionPool(host='localhost', port=1234): Max retries exceeded with url: /api/v0/chat/completions (Caused by ConnectTimeoutError(<urllib3.connection.HTTPConnection object at 0x10d8b86b0>, 'Connection to localhost timed out. (connect timeout=60)'))"
2025-08-30T03:45:41.465677,bridge,qwen2.5-coder-14b-instruct,317,0,60005,0,False,"Request error: HTTPConnectionPool(host='localhost', port=1234): Max retries exceeded with url: /api/v0/chat/completions (Caused by ConnectTimeoutError(<urllib3.connection.HTTPConnection object at 0x10d8b8af0>, 'Connection to localhost timed out. (connect timeout=60)'))"
2025-08-30T03:46:41.471408,generate,qwen2.5-coder-14b-instruct,850,0,60004,0,False,"Request error: HTTPConnectionPool(host='localhost', port=1234): Max retries exceeded with url: /api/v0/chat/completions (Caused by ConnectTimeoutError(<urllib3.connection.HTTPConnection object at 0x10d8b88d0>, 'Connection to localhost timed out. (connect timeout=60)'))"
2025-08-30T03:47:41.477504,kindness,qwen2.5-coder-14b-instruct,289,0,60005,0,False,"Request error: HTTPConnectionPool(host='localhost', port=1234): Max retries exceeded with url: /api/v0/chat/completions (Caused by ConnectTimeoutError(<urllib3.connection.HTTPConnection object at 0x10d8b97b0>, 'Connection to localhost timed out. (connect timeout=60)'))"
2025-08-30T03:48:41.481690,toxicity,qwen2.5-coder-14b-instruct,194,0,60003,0,False,"Request error: HTTPConnectionPool(host='localhost', port=1234): Max retries exceeded with url: /api/v0/chat/completions (Caused by ConnectTimeoutError(<urllib3.connection.HTTPConnection object at 0x10d8b9590>, 'Connection to localhost timed out. (connect timeout=60)'))"
2025-08-30T03:49:41.486859,empathy,qwen2.5-coder-14b-instruct,281,0,60004,0,False,"Request error: HTTPConnectionPool(host='localhost', port=1234): Max retries exceeded with url: /api/v0/chat/completions (Caused by ConnectTimeoutError(<urllib3.connection.HTTPConnection object at 0x10d8b9d00>, 'Connection to localhost timed out. (connect timeout=60)'))"
2025-08-30T03:50:41.493605,generate,qwen2.5-coder-14b-instruct,880,0,60005,0,False,"Request error: HTTPConnectionPool(host='localhost', port=1234): Max retries exceeded with url: /api/v0/chat/completions (Caused by ConnectTimeoutError(<urllib3.connection.HTTPConnection object at 0x10d8b9e10>, 'Connection to localhost timed out. (connect timeout=60)'))"
2025-08-30T03:51:41.498620,kindness,qwen2.5-coder-14b-instruct,289,0,60004,0,False,"Request error: HTTPConnectionPool(host='localhost', port=1234): Max retries exceeded with url: /api/v0/chat/completions (Caused by ConnectTimeoutError(<urllib3.connection.HTTPConnection object at 0x10d8ba250>, 'Connection to localhost timed out. (connect timeout=60)'))"
2025-08-30T03:52:41.506429,toxicity,qwen2.5-coder-14b-instruct,194,0,60007,0,False,"Request error: HTTPConnectionPool(host='localhost', port=1234): Max retries exceeded with url: /api/v0/chat/completions (Caused by ConnectTimeoutError(<urllib3.connection.HTTPConnection object at 0x10d8ba250>, 'Connection to localhost timed out. (connect timeout=60)'))"
2025-08-30T03:53:41.512932,empathy,qwen2.5-coder-14b-instruct,281,0,60005,0,False,"Request error: HTTPConnectionPool(host='localhost', port=1234): Max retries exceeded with url: /api/v0/chat/completions (Caused by ConnectTimeoutError(<urllib3.connection.HTTPConnection object at 0x10d8b9e10>, 'Connection to localhost timed out. (connect timeout=60)'))"
2025-08-30T03:54:41.519576,generate,qwen2.5-coder-14b-instruct,931,0,60005,0,False,"Request error: HTTPConnectionPool(host='localhost', port=1234): Max retries exceeded with url: /api/v0/chat/completions (Caused by ConnectTimeoutError(<urllib3.connection.HTTPConnection object at 0x10d8b9f20>, 'Connection to localhost timed out. (connect timeout=60)'))"
2025-08-30T03:55:41.525421,kindness,qwen2.5-coder-14b-instruct,289,0,60005,0,False,"Request error: HTTPConnectionPool(host='localhost', port=1234): Max retries exceeded with url: /api/v0/chat/completions (Caused by ConnectTimeoutError(<urllib3.connection.HTTPConnection object at 0x10d8b9bf0>, 'Connection to localhost timed out. (connect timeout=60)'))"
2025-08-30T03:56:41.531681,toxicity,qwen2.5-coder-14b-instruct,194,0,60005,0,False,"Request error: HTTPConnectionPool(host='localhost', port=1234): Max retries exceeded with url: /api/v0/chat/completions (Caused by ConnectTimeoutError(<urllib3.connection.HTTPConnection object at 0x10d8b97b0>, 'Connection to localhost timed out. (connect timeout=60)'))"
2025-08-30T03:57:41.537071,empathy,qwen2.5-coder-14b-instruct,281,0,60004,0,False,"Request error: HTTPConnectionPool(host='localhost', port=1234): Max retries exceeded with url: /api/v0/chat/completions (Caused by ConnectTimeoutError(<urllib3.connection.HTTPConnection object at 0x10d8b88d0>, 'Connection to localhost timed out. (connect timeout=60)'))"
2025-08-30T03:58:41.542188,generate,qwen2.5-coder-14b-instruct,994,0,60004,0,False,"Request error: HTTPConnectionPool(host='localhost', port=1234): Max retries exceeded with url: /api/v0/chat/completions (Caused by ConnectTimeoutError(<urllib3.connection.HTTPConnection object at 0x10d8b8490>, 'Connection to localhost timed out. (connect timeout=60)'))"
2025-08-30T03:59:41.549454,kindness,qwen2.5-coder-14b-instruct,289,0,60006,0,False,"Request error: HTTPConnectionPool(host='localhost', port=1234): Max retries exceeded with url: /api/v0/chat/completions (Caused by ConnectTimeoutError(<urllib3.connection.HTTPConnection object at 0x10d8b8c00>, 'Connection to localhost timed out. (connect timeout=60)'))"
2025-08-30T04:00:41.554028,toxicity,qwen2.5-coder-14b-instruct,194,0,60004,0,False,"Request error: HTTPConnectionPool(host='localhost', port=1234): Max retries exceeded with url: /api/v0/chat/completions (Caused by ConnectTimeoutError(<urllib3.connection.HTTPConnection object at 0x10d8b87c0>, 'Connection to localhost timed out. (connect timeout=60)'))"
2025-08-30T04:01:41.558419,empathy,qwen2.5-coder-14b-instruct,281,0,60004,0,False,"Request error: HTTPConnectionPool(host='localhost', port=1234): Max retries exceeded with url: /api/v0/chat/completions (Caused by ConnectTimeoutError(<urllib3.connection.HTTPConnection object at 0x10d8b9370>, 'Connection to localhost timed out. (connect timeout=60)'))"
2025-08-30T04:02:41.563316,generate,qwen2.5-coder-14b-instruct,1015,0,60004,0,False,"Request error: HTTPConnectionPool(host='localhost', port=1234): Max retries exceeded with url: /api/v0/chat/completions (Caused by ConnectTimeoutError(<urllib3.connection.HTTPConnection object at 0x10d8b8f30>, 'Connection to localhost timed out. (connect timeout=60)'))"
2025-08-30T04:03:41.569586,kindness,qwen2.5-coder-14b-instruct,289,0,60005,0,False,"Request error: HTTPConnectionPool(host='localhost', port=1234): Max retries exceeded with url: /api/v0/chat/completions (Caused by ConnectTimeoutError(<urllib3.connection.HTTPConnection object at 0x10d8b9150>, 'Connection to localhost timed out. (connect timeout=60)'))"
2025-08-30T04:04:41.576444,toxicity,qwen2.5-coder-14b-instruct,194,0,60006,0,False,"Request error: HTTPConnectionPool(host='localhost', port=1234): Max retries exceeded with url: /api/v0/chat/completions (Caused by ConnectTimeoutError(<urllib3.connection.HTTPConnection object at 0x10d8bacf0>, 'Connection to localhost timed out. (connect timeout=60)'))"
2025-08-30T04:05:41.583420,empathy,qwen2.5-coder-14b-instruct,281,0,60006,0,False,"Request error: HTTPConnectionPool(host='localhost', port=1234): Max retries exceeded with url: /api/v0/chat/completions (Caused by ConnectTimeoutError(<urllib3.connection.HTTPConnection object at 0x10d8baf10>, 'Connection to localhost timed out. (connect timeout=60)'))"
2025-08-30T04:06:41.591111,bridge,qwen2.5-coder-14b-instruct,317,0,60007,0,False,"Request error: HTTPConnectionPool(host='localhost', port=1234): Max retries exceeded with url: /api/v0/chat/completions (Caused by ConnectTimeoutError(<urllib3.connection.HTTPConnection object at 0x10d8ba360>, 'Connection to localhost timed out. (connect timeout=60)'))"
2025-08-30T04:07:41.597367,generate,qwen2.5-coder-14b-instruct,1026,0,60005,0,False,"Request error: HTTPConnectionPool(host='localhost', port=1234): Max retries exceeded with url: /api/v0/chat/completions (Caused by ConnectTimeoutError(<urllib3.connection.HTTPConnection object at 0x10d8bacf0>, 'Connection to localhost timed out. (connect timeout=60)'))"
2025-08-30T04:08:41.601964,kindness,qwen2.5-coder-14b-instruct,289,0,60004,0,False,"Request error: HTTPConnectionPool(host='localhost', port=1234): Max retries exceeded with url: /api/v0/chat/completions (Caused by ConnectTimeoutError(<urllib3.connection.HTTPConnection object at 0x10d8babe0>, 'Connection to localhost timed out. (connect timeout=60)'))"
2025-08-30T04:09:41.606694,toxicity,qwen2.5-coder-14b-instruct,194,0,60004,0,False,"Request error: HTTPConnectionPool(host='localhost', port=1234): Max retries exceeded with url: /api/v0/chat/completions (Caused by ConnectTimeoutError(<urllib3.connection.HTTPConnection object at 0x10d8ba9c0>, 'Connection to localhost timed out. (connect timeout=60)'))"
2025-08-30T04:10:41.612409,empathy,qwen2.5-coder-14b-instruct,281,0,60005,0,False,"Request error: HTTPConnectionPool(host='localhost', port=1234): Max retries exceeded with url: /api/v0/chat/completions (Caused by ConnectTimeoutError(<urllib3.connection.HTTPConnection object at 0x10d8b8e20>, 'Connection to localhost timed out. (connect timeout=60)'))"
2025-08-30T04:11:41.616909,bridge,qwen2.5-coder-14b-instruct,318,0,60004,0,False,"Request error: HTTPConnectionPool(host='localhost', port=1234): Max retries exceeded with url: /api/v0/chat/completions (Caused by ConnectTimeoutError(<urllib3.connection.HTTPConnection object at 0x10d8b8d10>, 'Connection to localhost timed out. (connect timeout=60)'))"
2025-08-30T04:12:41.624036,generate,qwen2.5-coder-14b-instruct,979,0,60005,0,False,"Request error: HTTPConnectionPool(host='localhost', port=1234): Max retries exceeded with url: /api/v0/chat/completions (Caused by ConnectTimeoutError(<urllib3.connection.HTTPConnection object at 0x10d8b86b0>, 'Connection to localhost timed out. (connect timeout=60)'))"
2025-08-30T04:13:41.628986,kindness,qwen2.5-coder-14b-instruct,289,0,60004,0,False,"Request error: HTTPConnectionPool(host='localhost', port=1234): Max retries exceeded with url: /api/v0/chat/completions (Caused by ConnectTimeoutError(<urllib3.connection.HTTPConnection object at 0x10d8b8af0>, 'Connection to localhost timed out. (connect timeout=60)'))"
2025-08-30T04:14:41.635307,toxicity,qwen2.5-coder-14b-instruct,194,0,60005,0,False,"Request error: HTTPConnectionPool(host='localhost', port=1234): Max retries exceeded with url: /api/v0/chat/completions (Caused by ConnectTimeoutError(<urllib3.connection.HTTPConnection object at 0x10d8b88d0>, 'Connection to localhost timed out. (connect timeout=60)'))"
2025-08-30T04:15:41.640702,empathy,qwen2.5-coder-14b-instruct,281,0,60004,0,False,"Request error: HTTPConnectionPool(host='localhost', port=1234): Max retries exceeded with url: /api/v0/chat/completions (Caused by ConnectTimeoutError(<urllib3.connection.HTTPConnection object at 0x10d8b97b0>, 'Connection to localhost timed out. (connect timeout=60)'))"
2025-08-30T04:16:41.646483,bridge,qwen2.5-coder-14b-instruct,318,0,60005,0,False,"Request error: HTTPConnectionPool(host='localhost', port=1234): Max retries exceeded with url: /api/v0/chat/completions (Caused by ConnectTimeoutError(<urllib3.connection.HTTPConnection object at 0x10d8b9bf0>, 'Connection to localhost timed out. (connect timeout=60)'))"
2025-08-30T04:17:41.652496,generate,qwen2.5-coder-14b-instruct,990,0,60004,0,False,"Request error: HTTPConnectionPool(host='localhost', port=1234): Max retries exceeded with url: /api/v0/chat/completions (Caused by ConnectTimeoutError(<urllib3.connection.HTTPConnection object at 0x10d8b9d00>, 'Connection to localhost timed out. (connect timeout=60)'))"
2025-08-30T04:18:41.659321,kindness,qwen2.5-coder-14b-instruct,289,0,60006,0,False,"Request error: HTTPConnectionPool(host='localhost', port=1234): Max retries exceeded with url: /api/v0/chat/completions (Caused by ConnectTimeoutError(<urllib3.connection.HTTPConnection object at 0x10d8b9e10>, 'Connection to localhost timed out. (connect timeout=60)'))"
2025-08-30T04:19:41.664520,toxicity,qwen2.5-coder-14b-instruct,194,0,60004,0,False,"Request error: HTTPConnectionPool(host='localhost', port=1234): Max retries exceeded with url: /api/v0/chat/completions (Caused by ConnectTimeoutError(<urllib3.connection.HTTPConnection object at 0x10d8ba140>, 'Connection to localhost timed out. (connect timeout=60)'))"
2025-08-30T04:20:41.669285,empathy,qwen2.5-coder-14b-instruct,281,0,60004,0,False,"Request error: HTTPConnectionPool(host='localhost', port=1234): Max retries exceeded with url: /api/v0/chat/completions (Caused by ConnectTimeoutError(<urllib3.connection.HTTPConnection object at 0x10d8bb020>, 'Connection to localhost timed out. (connect timeout=60)'))"
2025-08-30T04:21:41.675482,bridge,qwen2.5-coder-14b-instruct,318,0,60005,0,False,"Request error: HTTPConnectionPool(host='localhost', port=1234): Max retries exceeded with url: /api/v0/chat/completions (Caused by ConnectTimeoutError(<urllib3.connection.HTTPConnection object at 0x10d8bb020>, 'Connection to localhost timed out. (connect timeout=60)'))"
2025-08-30T04:22:42.692245,generate,qwen2.5-coder-14b-instruct,852,0,60004,0,False,"Request error: HTTPConnectionPool(host='localhost', port=1234): Max retries exceeded with url: /api/v0/chat/completions (Caused by ConnectTimeoutError(<urllib3.connection.HTTPConnection object at 0x10d8ba580>, 'Connection to localhost timed out. (connect timeout=60)'))"
2025-08-30T04:38:30.126604,kindness,qwen2.5-coder-14b-instruct,334,0,947433,0,False,"Request error: HTTPConnectionPool(host='localhost', port=1234): Max retries exceeded with url: /api/v0/chat/completions (Caused by ConnectTimeoutError(<urllib3.connection.HTTPConnection object at 0x10d8b9d00>, 'Connection to localhost timed out. (connect timeout=60)'))"
2025-08-30T04:39:30.092855,toxicity,qwen2.5-coder-14b-instruct,194,0,59965,0,False,"Request error: HTTPConnectionPool(host='localhost', port=1234): Max retries exceeded with url: /api/v0/chat/completions (Caused by ConnectTimeoutError(<urllib3.connection.HTTPConnection object at 0x10d8b9f20>, 'Connection to localhost timed out. (connect timeout=60)'))"
2025-08-30T04:40:30.101243,empathy,qwen2.5-coder-14b-instruct,326,0,60007,0,False,"Request error: HTTPConnectionPool(host='localhost', port=1234): Max retries exceeded with url: /api/v0/chat/completions (Caused by ConnectTimeoutError(<urllib3.connection.HTTPConnection object at 0x10d8b9bf0>, 'Connection to localhost timed out. (connect timeout=60)'))"
2025-08-30T04:41:30.110669,generate,qwen2.5-coder-14b-instruct,865,0,60007,0,False,"Request error: HTTPConnectionPool(host='localhost', port=1234): Max retries exceeded with url: /api/v0/chat/completions (Caused by ConnectTimeoutError(<urllib3.connection.HTTPConnection object at 0x10d8b97b0>, 'Connection to localhost timed out. (connect timeout=60)'))"
2025-08-30T04:42:30.118714,kindness,qwen2.5-coder-14b-instruct,334,0,60006,0,False,"Request error: HTTPConnectionPool(host='localhost', port=1234): Max retries exceeded with url: /api/v0/chat/completions (Caused by ConnectTimeoutError(<urllib3.connection.HTTPConnection object at 0x10d8b99d0>, 'Connection to localhost timed out. (connect timeout=60)'))"
2025-08-30T04:43:30.128122,toxicity,qwen2.5-coder-14b-instruct,194,0,60005,0,False,"Request error: HTTPConnectionPool(host='localhost', port=1234): Max retries exceeded with url: /api/v0/chat/completions (Caused by ConnectTimeoutError(<urllib3.connection.HTTPConnection object at 0x10d8b8c00>, 'Connection to localhost timed out. (connect timeout=60)'))"
2025-08-30T04:44:30.135340,empathy,qwen2.5-coder-14b-instruct,326,0,60005,0,False,"Request error: HTTPConnectionPool(host='localhost', port=1234): Max retries exceeded with url: /api/v0/chat/completions (Caused by ConnectTimeoutError(<urllib3.connection.HTTPConnection object at 0x10d8b8490>, 'Connection to localhost timed out. (connect timeout=60)'))"
2025-08-30T04:45:30.144228,bridge,qwen2.5-coder-14b-instruct,318,0,60006,0,False,"Request error: HTTPConnectionPool(host='localhost', port=1234): Max retries exceeded with url: /api/v0/chat/completions (Caused by ConnectTimeoutError(<urllib3.connection.HTTPConnection object at 0x10d8b89e0>, 'Connection to localhost timed out. (connect timeout=60)'))"
2025-08-30T04:46:30.155988,generate,qwen2.5-coder-14b-instruct,887,0,60006,0,False,"Request error: HTTPConnectionPool(host='localhost', port=1234): Max retries exceeded with url: /api/v0/chat/completions (Caused by ConnectTimeoutError(<urllib3.connection.HTTPConnection object at 0x10d8b87c0>, 'Connection to localhost timed out. (connect timeout=60)'))"
2025-08-30T04:47:30.167020,kindness,qwen2.5-coder-14b-instruct,334,0,60010,0,False,"Request error: HTTPConnectionPool(host='localhost', port=1234): Max retries exceeded with url: /api/v0/chat/completions (Caused by ConnectTimeoutError(<urllib3.connection.HTTPConnection object at 0x10d8ba9c0>, 'Connection to localhost timed out. (connect timeout=60)'))"
2025-08-30T04:48:30.176248,toxicity,qwen2.5-coder-14b-instruct,194,0,60008,0,False,"Request error: HTTPConnectionPool(host='localhost', port=1234): Max retries exceeded with url: /api/v0/chat/completions (Caused by ConnectTimeoutError(<urllib3.connection.HTTPConnection object at 0x10d8b9260>, 'Connection to localhost timed out. (connect timeout=60)'))"
2025-08-30T04:49:30.186867,empathy,qwen2.5-coder-14b-instruct,326,0,60009,0,False,"Request error: HTTPConnectionPool(host='localhost', port=1234): Max retries exceeded with url: /api/v0/chat/completions (Caused by ConnectTimeoutError(<urllib3.connection.HTTPConnection object at 0x10d8bacf0>, 'Connection to localhost timed out. (connect timeout=60)'))"
2025-08-30T04:50:30.196325,bridge,qwen2.5-coder-14b-instruct,319,0,60008,0,False,"Request error: HTTPConnectionPool(host='localhost', port=1234): Max retries exceeded with url: /api/v0/chat/completions (Caused by ConnectTimeoutError(<urllib3.connection.HTTPConnection object at 0x10d8bae00>, 'Connection to localhost timed out. (connect timeout=60)'))"
2025-08-30T04:51:30.211455,generate,qwen2.5-coder-14b-instruct,938,0,60012,0,False,"Request error: HTTPConnectionPool(host='localhost', port=1234): Max retries exceeded with url: /api/v0/chat/completions (Caused by ConnectTimeoutError(<urllib3.connection.HTTPConnection object at 0x10d8bb350>, 'Connection to localhost timed out. (connect timeout=60)'))"
2025-08-30T04:52:30.221997,kindness,qwen2.5-coder-14b-instruct,334,0,60009,0,False,"Request error: HTTPConnectionPool(host='localhost', port=1234): Max retries exceeded with url: /api/v0/chat/completions (Caused by ConnectTimeoutError(<urllib3.connection.HTTPConnection object at 0x10d8bb240>, 'Connection to localhost timed out. (connect timeout=60)'))"
2025-08-30T04:53:30.231018,toxicity,qwen2.5-coder-14b-instruct,194,0,60008,0,False,"Request error: HTTPConnectionPool(host='localhost', port=1234): Max retries exceeded with url: /api/v0/chat/completions (Caused by ConnectTimeoutError(<urllib3.connection.HTTPConnection object at 0x10d8b9260>, 'Connection to localhost timed out. (connect timeout=60)'))"
2025-08-30T04:54:30.241947,empathy,qwen2.5-coder-14b-instruct,326,0,60010,0,False,"Request error: HTTPConnectionPool(host='localhost', port=1234): Max retries exceeded with url: /api/v0/chat/completions (Caused by ConnectTimeoutError(<urllib3.connection.HTTPConnection object at 0x10d8ba9c0>, 'Connection to localhost timed out. (connect timeout=60)'))"
2025-08-30T04:55:30.254592,generate,qwen2.5-coder-14b-instruct,1016,0,60007,0,False,"Request error: HTTPConnectionPool(host='localhost', port=1234): Max retries exceeded with url: /api/v0/chat/completions (Caused by ConnectTimeoutError(<urllib3.connection.HTTPConnection object at 0x10d8b87c0>, 'Connection to localhost timed out. (connect timeout=60)'))"
2025-08-30T04:56:30.263780,kindness,qwen2.5-coder-14b-instruct,334,0,60008,0,False,"Request error: HTTPConnectionPool(host='localhost', port=1234): Max retries exceeded with url: /api/v0/chat/completions (Caused by ConnectTimeoutError(<urllib3.connection.HTTPConnection object at 0x10d8b8d10>, 'Connection to localhost timed out. (connect timeout=60)'))"
2025-08-30T04:57:30.273607,toxicity,qwen2.5-coder-14b-instruct,194,0,60008,0,False,"Request error: HTTPConnectionPool(host='localhost', port=1234): Max retries exceeded with url: /api/v0/chat/completions (Caused by ConnectTimeoutError(<urllib3.connection.HTTPConnection object at 0x10d8b8f30>, 'Connection to localhost timed out. (connect timeout=60)'))"
2025-08-30T04:58:30.281552,empathy,qwen2.5-coder-14b-instruct,326,0,60007,0,False,"Request error: HTTPConnectionPool(host='localhost', port=1234): Max retries exceeded with url: /api/v0/chat/completions (Caused by ConnectTimeoutError(<urllib3.connection.HTTPConnection object at 0x10d8b9480>, 'Connection to localhost timed out. (connect timeout=60)'))"
2025-08-30T04:59:30.292652,generate,qwen2.5-coder-14b-instruct,1041,0,60008,0,False,"Request error: HTTPConnectionPool(host='localhost', port=1234): Max retries exceeded with url: /api/v0/chat/completions (Caused by ConnectTimeoutError(<urllib3.connection.HTTPConnection object at 0x10d8b99d0>, 'Connection to localhost timed out. (connect timeout=60)'))"
2025-08-30T05:00:30.301427,kindness,qwen2.5-coder-14b-instruct,334,0,60007,0,False,"Request error: HTTPConnectionPool(host='localhost', port=1234): Max retries exceeded with url: /api/v0/chat/completions (Caused by ConnectTimeoutError(<urllib3.connection.HTTPConnection object at 0x10d8b88d0>, 'Connection to localhost timed out. (connect timeout=60)'))"
2025-08-30T05:01:30.310018,toxicity,qwen2.5-coder-14b-instruct,194,0,60007,0,False,"Request error: HTTPConnectionPool(host='localhost', port=1234): Max retries exceeded with url: /api/v0/chat/completions (Caused by ConnectTimeoutError(<urllib3.connection.HTTPConnection object at 0x10d8b9bf0>, 'Connection to localhost timed out. (connect timeout=60)'))"
2025-08-30T05:02:30.319958,empathy,qwen2.5-coder-14b-instruct,326,0,60009,0,False,"Request error: HTTPConnectionPool(host='localhost', port=1234): Max retries exceeded with url: /api/v0/chat/completions (Caused by ConnectTimeoutError(<urllib3.connection.HTTPConnection object at 0x10d8b9f20>, 'Connection to localhost timed out. (connect timeout=60)'))"
2025-08-30T05:03:30.328985,generate,qwen2.5-coder-14b-instruct,1067,0,60006,0,False,"Request error: HTTPConnectionPool(host='localhost', port=1234): Max retries exceeded with url: /api/v0/chat/completions (Caused by ConnectTimeoutError(<urllib3.connection.HTTPConnection object at 0x10d8b9d00>, 'Connection to localhost timed out. (connect timeout=60)'))"
2025-08-30T05:04:30.336829,kindness,qwen2.5-coder-14b-instruct,334,0,60006,0,False,"Request error: HTTPConnectionPool(host='localhost', port=1234): Max retries exceeded with url: /api/v0/chat/completions (Caused by ConnectTimeoutError(<urllib3.connection.HTTPConnection object at 0x10d8ba470>, 'Connection to localhost timed out. (connect timeout=60)'))"
2025-08-30T05:05:30.344649,toxicity,qwen2.5-coder-14b-instruct,194,0,60007,0,False,"Request error: HTTPConnectionPool(host='localhost', port=1234): Max retries exceeded with url: /api/v0/chat/completions (Caused by ConnectTimeoutError(<urllib3.connection.HTTPConnection object at 0x10d8ba250>, 'Connection to localhost timed out. (connect timeout=60)'))"
2025-08-30T05:06:30.357917,empathy,qwen2.5-coder-14b-instruct,326,0,60012,0,False,"Request error: HTTPConnectionPool(host='localhost', port=1234): Max retries exceeded with url: /api/v0/chat/completions (Caused by ConnectTimeoutError(<urllib3.connection.HTTPConnection object at 0x10d8ba250>, 'Connection to localhost timed out. (connect timeout=60)'))"
2025-08-30T05:07:30.368727,bridge,qwen2.5-coder-14b-instruct,317,0,60010,0,False,"Request error: HTTPConnectionPool(host='localhost', port=1234): Max retries exceeded with url: /api/v0/chat/completions (Caused by ConnectTimeoutError(<urllib3.connection.HTTPConnection object at 0x10d8ba470>, 'Connection to localhost timed out. (connect timeout=60)'))"
2025-08-30T05:08:30.378518,generate,qwen2.5-coder-14b-instruct,1034,0,60007,0,False,"Request error: HTTPConnectionPool(host='localhost', port=1234): Max retries exceeded with url: /api/v0/chat/completions (Caused by ConnectTimeoutError(<urllib3.connection.HTTPConnection object at 0x10d8ba580>, 'Connection to localhost timed out. (connect timeout=60)'))"
2025-08-30T05:09:30.386946,kindness,qwen2.5-coder-14b-instruct,334,0,60007,0,False,"Request error: HTTPConnectionPool(host='localhost', port=1234): Max retries exceeded with url: /api/v0/chat/completions (Caused by ConnectTimeoutError(<urllib3.connection.HTTPConnection object at 0x10d8b9f20>, 'Connection to localhost timed out. (connect timeout=60)'))"
2025-08-30T05:10:30.394834,toxicity,qwen2.5-coder-14b-instruct,194,0,60007,0,False,"Request error: HTTPConnectionPool(host='localhost', port=1234): Max retries exceeded with url: /api/v0/chat/completions (Caused by ConnectTimeoutError(<urllib3.connection.HTTPConnection object at 0x10d8b9590>, 'Connection to localhost timed out. (connect timeout=60)'))"
2025-08-30T05:11:30.402927,empathy,qwen2.5-coder-14b-instruct,326,0,60007,0,False,"Request error: HTTPConnectionPool(host='localhost', port=1234): Max retries exceeded with url: /api/v0/chat/completions (Caused by ConnectTimeoutError(<urllib3.connection.HTTPConnection object at 0x10d8b96a0>, 'Connection to localhost timed out. (connect timeout=60)'))"
2025-08-30T05:12:30.412086,generate,qwen2.5-coder-14b-instruct,1079,0,60006,0,False,"Request error: HTTPConnectionPool(host='localhost', port=1234): Max retries exceeded with url: /api/v0/chat/completions (Caused by ConnectTimeoutError(<urllib3.connection.HTTPConnection object at 0x10d8b99d0>, 'Connection to localhost timed out. (connect timeout=60)'))"
2025-08-30T05:13:30.420054,kindness,qwen2.5-coder-14b-instruct,334,0,60007,0,False,"Request error: HTTPConnectionPool(host='localhost', port=1234): Max retries exceeded with url: /api/v0/chat/completions (Caused by ConnectTimeoutError(<urllib3.connection.HTTPConnection object at 0x10d8b89e0>, 'Connection to localhost timed out. (connect timeout=60)'))"
2025-08-30T05:14:30.428020,toxicity,qwen2.5-coder-14b-instruct,194,0,60007,0,False,"Request error: HTTPConnectionPool(host='localhost', port=1234): Max retries exceeded with url: /api/v0/chat/completions (Caused by ConnectTimeoutError(<urllib3.connection.HTTPConnection object at 0x10d8b8f30>, 'Connection to localhost timed out. (connect timeout=60)'))"
2025-08-30T05:15:30.435971,empathy,qwen2.5-coder-14b-instruct,326,0,60007,0,False,"Request error: HTTPConnectionPool(host='localhost', port=1234): Max retries exceeded with url: /api/v0/chat/completions (Caused by ConnectTimeoutError(<urllib3.connection.HTTPConnection object at 0x10d8b8d10>, 'Connection to localhost timed out. (connect timeout=60)'))"
2025-08-30T05:16:30.445158,bridge,qwen2.5-coder-14b-instruct,318,0,60008,0,False,"Request error: HTTPConnectionPool(host='localhost', port=1234): Max retries exceeded with url: /api/v0/chat/completions (Caused by ConnectTimeoutError(<urllib3.connection.HTTPConnection object at 0x10d8b87c0>, 'Connection to localhost timed out. (connect timeout=60)'))"
2025-08-30T05:17:30.454504,generate,qwen2.5-coder-14b-instruct,1026,0,60007,0,False,"Request error: HTTPConnectionPool(host='localhost', port=1234): Max retries exceeded with url: /api/v0/chat/completions (Caused by ConnectTimeoutError(<urllib3.connection.HTTPConnection object at 0x10d8b9150>, 'Connection to localhost timed out. (connect timeout=60)'))"
2025-08-30T05:18:30.465489,kindness,qwen2.5-coder-14b-instruct,334,0,60008,0,False,"Request error: HTTPConnectionPool(host='localhost', port=1234): Max retries exceeded with url: /api/v0/chat/completions (Caused by ConnectTimeoutError(<urllib3.connection.HTTPConnection object at 0x10d8b9260>, 'Connection to localhost timed out. (connect timeout=60)'))"
2025-08-30T05:19:30.475056,toxicity,qwen2.5-coder-14b-instruct,194,0,60008,0,False,"Request error: HTTPConnectionPool(host='localhost', port=1234): Max retries exceeded with url: /api/v0/chat/completions (Caused by ConnectTimeoutError(<urllib3.connection.HTTPConnection object at 0x10d8bacf0>, 'Connection to localhost timed out. (connect timeout=60)'))"
2025-08-30T05:20:30.485748,empathy,qwen2.5-coder-14b-instruct,326,0,60009,0,False,"Request error: HTTPConnectionPool(host='localhost', port=1234): Max retries exceeded with url: /api/v0/chat/completions (Caused by ConnectTimeoutError(<urllib3.connection.HTTPConnection object at 0x10d8bae00>, 'Connection to localhost timed out. (connect timeout=60)'))"
2025-08-30T05:21:30.494893,bridge,qwen2.5-coder-14b-instruct,318,0,60008,0,False,"Request error: HTTPConnectionPool(host='localhost', port=1234): Max retries exceeded with url: /api/v0/chat/completions (Caused by ConnectTimeoutError(<urllib3.connection.HTTPConnection object at 0x10d8bacf0>, 'Connection to localhost timed out. (connect timeout=60)'))"
2025-08-30T05:22:30.504761,generate,qwen2.5-coder-14b-instruct,816,0,60006,0,False,"Request error: HTTPConnectionPool(host='localhost', port=1234): Max retries exceeded with url: /api/v0/chat/completions (Caused by ConnectTimeoutError(<urllib3.connection.HTTPConnection object at 0x10d8ba7a0>, 'Connection to localhost timed out. (connect timeout=60)'))"
2025-08-30T05:23:30.514066,kindness,qwen2.5-coder-14b-instruct,325,0,60008,0,False,"Request error: HTTPConnectionPool(host='localhost', port=1234): Max retries exceeded with url: /api/v0/chat/completions (Caused by ConnectTimeoutError(<urllib3.connection.HTTPConnection object at 0x10d8baad0>, 'Connection to localhost timed out. (connect timeout=60)'))"
2025-08-30T05:24:30.523928,toxicity,qwen2.5-coder-14b-instruct,194,0,60009,0,False,"Request error: HTTPConnectionPool(host='localhost', port=1234): Max retries exceeded with url: /api/v0/chat/completions (Caused by ConnectTimeoutError(<urllib3.connection.HTTPConnection object at 0x10d8b8c00>, 'Connection to localhost timed out. (connect timeout=60)'))"
2025-08-30T05:25:30.533890,empathy,qwen2.5-coder-14b-instruct,317,0,60009,0,False,"Request error: HTTPConnectionPool(host='localhost', port=1234): Max retries exceeded with url: /api/v0/chat/completions (Caused by ConnectTimeoutError(<urllib3.connection.HTTPConnection object at 0x10d8b8e20>, 'Connection to localhost timed out. (connect timeout=60)'))"
2025-08-30T05:26:30.543654,generate,qwen2.5-coder-14b-instruct,854,0,60007,0,False,"Request error: HTTPConnectionPool(host='localhost', port=1234): Max retries exceeded with url: /api/v0/chat/completions (Caused by ConnectTimeoutError(<urllib3.connection.HTTPConnection object at 0x10d8b9040>, 'Connection to localhost timed out. (connect timeout=60)'))"
2025-08-30T05:27:30.551568,kindness,qwen2.5-coder-14b-instruct,325,0,60007,0,False,"Request error: HTTPConnectionPool(host='localhost', port=1234): Max retries exceeded with url: /api/v0/chat/completions (Caused by ConnectTimeoutError(<urllib3.connection.HTTPConnection object at 0x10d8b89e0>, 'Connection to localhost timed out. (connect timeout=60)'))"
2025-08-30T05:28:30.560525,toxicity,qwen2.5-coder-14b-instruct,194,0,60008,0,False,"Request error: HTTPConnectionPool(host='localhost', port=1234): Max retries exceeded with url: /api/v0/chat/completions (Caused by ConnectTimeoutError(<urllib3.connection.HTTPConnection object at 0x10d8b8af0>, 'Connection to localhost timed out. (connect timeout=60)'))"
2025-08-30T05:29:30.568652,empathy,qwen2.5-coder-14b-instruct,317,0,60007,0,False,"Request error: HTTPConnectionPool(host='localhost', port=1234): Max retries exceeded with url: /api/v0/chat/completions (Caused by ConnectTimeoutError(<urllib3.connection.HTTPConnection object at 0x10d8b9bf0>, 'Connection to localhost timed out. (connect timeout=60)'))"
2025-08-30T05:30:30.578404,generate,qwen2.5-coder-14b-instruct,877,0,60007,0,False,"Request error: HTTPConnectionPool(host='localhost', port=1234): Max retries exceeded with url: /api/v0/chat/completions (Caused by ConnectTimeoutError(<urllib3.connection.HTTPConnection object at 0x10d8b86b0>, 'Connection to localhost timed out. (connect timeout=60)'))"
2025-08-30T05:31:30.586850,kindness,qwen2.5-coder-14b-instruct,325,0,60007,0,False,"Request error: HTTPConnectionPool(host='localhost', port=1234): Max retries exceeded with url: /api/v0/chat/completions (Caused by ConnectTimeoutError(<urllib3.connection.HTTPConnection object at 0x10d8b9f20>, 'Connection to localhost timed out. (connect timeout=60)'))"
2025-08-30T05:32:30.595755,toxicity,qwen2.5-coder-14b-instruct,194,0,60008,0,False,"Request error: HTTPConnectionPool(host='localhost', port=1234): Max retries exceeded with url: /api/v0/chat/completions (Caused by ConnectTimeoutError(<urllib3.connection.HTTPConnection object at 0x10d8b9ae0>, 'Connection to localhost timed out. (connect timeout=60)'))"
2025-08-30T05:33:30.605409,empathy,qwen2.5-coder-14b-instruct,317,0,60008,0,False,"Request error: HTTPConnectionPool(host='localhost', port=1234): Max retries exceeded with url: /api/v0/chat/completions (Caused by ConnectTimeoutError(<urllib3.connection.HTTPConnection object at 0x10d8b9d00>, 'Connection to localhost timed out. (connect timeout=60)'))"
2025-08-30T05:34:30.615313,generate,qwen2.5-coder-14b-instruct,934,0,60007,0,False,"Request error: HTTPConnectionPool(host='localhost', port=1234): Max retries exceeded with url: /api/v0/chat/completions (Caused by ConnectTimeoutError(<urllib3.connection.HTTPConnection object at 0x10d8ba470>, 'Connection to localhost timed out. (connect timeout=60)'))"
2025-08-30T05:35:30.628394,kindness,qwen2.5-coder-14b-instruct,325,0,60012,0,False,"Request error: HTTPConnectionPool(host='localhost', port=1234): Max retries exceeded with url: /api/v0/chat/completions (Caused by ConnectTimeoutError(<urllib3.connection.HTTPConnection object at 0x10d8ba470>, 'Connection to localhost timed out. (connect timeout=60)'))"
2025-08-30T05:36:30.636809,toxicity,qwen2.5-coder-14b-instruct,194,0,60007,0,False,"Request error: HTTPConnectionPool(host='localhost', port=1234): Max retries exceeded with url: /api/v0/chat/completions (Caused by ConnectTimeoutError(<urllib3.connection.HTTPConnection object at 0x10d8ba580>, 'Connection to localhost timed out. (connect timeout=60)'))"
2025-08-30T05:37:30.644366,empathy,qwen2.5-coder-14b-instruct,317,0,60006,0,False,"Request error: HTTPConnectionPool(host='localhost', port=1234): Max retries exceeded with url: /api/v0/chat/completions (Caused by ConnectTimeoutError(<urllib3.connection.HTTPConnection object at 0x10d8ba140>, 'Connection to localhost timed out. (connect timeout=60)'))"
2025-08-30T05:38:30.653889,generate,qwen2.5-coder-14b-instruct,964,0,60007,0,False,"Request error: HTTPConnectionPool(host='localhost', port=1234): Max retries exceeded with url: /api/v0/chat/completions (Caused by ConnectTimeoutError(<urllib3.connection.HTTPConnection object at 0x10d8ba690>, 'Connection to localhost timed out. (connect timeout=60)'))"
2025-08-30T05:39:30.662850,kindness,qwen2.5-coder-14b-instruct,325,0,60008,0,False,"Request error: HTTPConnectionPool(host='localhost', port=1234): Max retries exceeded with url: /api/v0/chat/completions (Caused by ConnectTimeoutError(<urllib3.connection.HTTPConnection object at 0x10d8b86b0>, 'Connection to localhost timed out. (connect timeout=60)'))"
2025-08-30T05:40:30.671624,toxicity,qwen2.5-coder-14b-instruct,194,0,60007,0,False,"Request error: HTTPConnectionPool(host='localhost', port=1234): Max retries exceeded with url: /api/v0/chat/completions (Caused by ConnectTimeoutError(<urllib3.connection.HTTPConnection object at 0x10d8b99d0>, 'Connection to localhost timed out. (connect timeout=60)'))"
2025-08-30T05:41:30.680261,empathy,qwen2.5-coder-14b-instruct,317,0,60007,0,False,"Request error: HTTPConnectionPool(host='localhost', port=1234): Max retries exceeded with url: /api/v0/chat/completions (Caused by ConnectTimeoutError(<urllib3.connection.HTTPConnection object at 0x10d8b96a0>, 'Connection to localhost timed out. (connect timeout=60)'))"
2025-08-30T05:42:30.689572,generate,qwen2.5-coder-14b-instruct,1053,0,60007,0,False,"Request error: HTTPConnectionPool(host='localhost', port=1234): Max retries exceeded with url: /api/v0/chat/completions (Caused by ConnectTimeoutError(<urllib3.connection.HTTPConnection object at 0x10d8b89e0>, 'Connection to localhost timed out. (connect timeout=60)'))"
2025-08-30T05:43:30.697748,kindness,qwen2.5-coder-14b-instruct,325,0,60007,0,False,"Request error: HTTPConnectionPool(host='localhost', port=1234): Max retries exceeded with url: /api/v0/chat/completions (Caused by ConnectTimeoutError(<urllib3.connection.HTTPConnection object at 0x10d8b8490>, 'Connection to localhost timed out. (connect timeout=60)'))"
2025-08-30T05:44:30.707296,toxicity,qwen2.5-coder-14b-instruct,194,0,60008,0,False,"Request error: HTTPConnectionPool(host='localhost', port=1234): Max retries exceeded with url: /api/v0/chat/completions (Caused by ConnectTimeoutError(<urllib3.connection.HTTPConnection object at 0x10d8b8e20>, 'Connection to localhost timed out. (connect timeout=60)'))"
2025-08-30T05:45:30.716085,empathy,qwen2.5-coder-14b-instruct,317,0,60007,0,False,"Request error: HTTPConnectionPool(host='localhost', port=1234): Max retries exceeded with url: /api/v0/chat/completions (Caused by ConnectTimeoutError(<urllib3.connection.HTTPConnection object at 0x10d8b8c00>, 'Connection to localhost timed out. (connect timeout=60)'))"
2025-08-30T05:46:30.725362,generate,qwen2.5-coder-14b-instruct,1044,0,60006,0,False,"Request error: HTTPConnectionPool(host='localhost', port=1234): Max retries exceeded with url: /api/v0/chat/completions (Caused by ConnectTimeoutError(<urllib3.connection.HTTPConnection object at 0x10d8ba9c0>, 'Connection to localhost timed out. (connect timeout=60)'))"
2025-08-30T05:47:30.733472,kindness,qwen2.5-coder-14b-instruct,325,0,60007,0,False,"Request error: HTTPConnectionPool(host='localhost', port=1234): Max retries exceeded with url: /api/v0/chat/completions (Caused by ConnectTimeoutError(<urllib3.connection.HTTPConnection object at 0x10d8b9260>, 'Connection to localhost timed out. (connect timeout=60)'))"
2025-08-30T05:48:30.742152,toxicity,qwen2.5-coder-14b-instruct,194,0,60007,0,False,"Request error: HTTPConnectionPool(host='localhost', port=1234): Max retries exceeded with url: /api/v0/chat/completions (Caused by ConnectTimeoutError(<urllib3.connection.HTTPConnection object at 0x10d8bb020>, 'Connection to localhost timed out. (connect timeout=60)'))"
2025-08-30T05:49:30.750762,empathy,qwen2.5-coder-14b-instruct,317,0,60007,0,False,"Request error: HTTPConnectionPool(host='localhost', port=1234): Max retries exceeded with url: /api/v0/chat/completions (Caused by ConnectTimeoutError(<urllib3.connection.HTTPConnection object at 0x10d8bb460>, 'Connection to localhost timed out. (connect timeout=60)'))"
2025-08-30T05:50:30.760579,bridge,qwen2.5-coder-14b-instruct,318,0,60009,0,False,"Request error: HTTPConnectionPool(host='localhost', port=1234): Max retries exceeded with url: /api/v0/chat/completions (Caused by ConnectTimeoutError(<urllib3.connection.HTTPConnection object at 0x10d8bb460>, 'Connection to localhost timed out. (connect timeout=60)'))"
2025-08-30T05:51:30.768855,generate,qwen2.5-coder-14b-instruct,1035,0,60006,0,False,"Request error: HTTPConnectionPool(host='localhost', port=1234): Max retries exceeded with url: /api/v0/chat/completions (Caused by ConnectTimeoutError(<urllib3.connection.HTTPConnection object at 0x10d8b9260>, 'Connection to localhost timed out. (connect timeout=60)'))"
2025-08-30T05:52:30.776433,kindness,qwen2.5-coder-14b-instruct,325,0,60006,0,False,"Request error: HTTPConnectionPool(host='localhost', port=1234): Max retries exceeded with url: /api/v0/chat/completions (Caused by ConnectTimeoutError(<urllib3.connection.HTTPConnection object at 0x10d8ba9c0>, 'Connection to localhost timed out. (connect timeout=60)'))"
2025-08-30T05:53:30.781996,toxicity,qwen2.5-coder-14b-instruct,194,0,60004,0,False,"Request error: HTTPConnectionPool(host='localhost', port=1234): Max retries exceeded with url: /api/v0/chat/completions (Caused by ConnectTimeoutError(<urllib3.connection.HTTPConnection object at 0x10d8b9370>, 'Connection to localhost timed out. (connect timeout=60)'))"
2025-08-30T05:54:30.788171,empathy,qwen2.5-coder-14b-instruct,317,0,60005,0,False,"Request error: HTTPConnectionPool(host='localhost', port=1234): Max retries exceeded with url: /api/v0/chat/completions (Caused by ConnectTimeoutError(<urllib3.connection.HTTPConnection object at 0x10d8b87c0>, 'Connection to localhost timed out. (connect timeout=60)'))"
2025-08-30T05:55:30.793458,bridge,qwen2.5-coder-14b-instruct,319,0,60004,0,False,"Request error: HTTPConnectionPool(host='localhost', port=1234): Max retries exceeded with url: /api/v0/chat/completions (Caused by ConnectTimeoutError(<urllib3.connection.HTTPConnection object at 0x10d8b8d10>, 'Connection to localhost timed out. (connect timeout=60)'))"
2025-08-30T05:56:30.800208,generate,qwen2.5-coder-14b-instruct,1028,0,60005,0,False,"Request error: HTTPConnectionPool(host='localhost', port=1234): Max retries exceeded with url: /api/v0/chat/completions (Caused by ConnectTimeoutError(<urllib3.connection.HTTPConnection object at 0x10d8b89e0>, 'Connection to localhost timed out. (connect timeout=60)'))"
2025-08-30T05:57:30.806764,kindness,qwen2.5-coder-14b-instruct,325,0,60005,0,False,"Request error: HTTPConnectionPool(host='localhost', port=1234): Max retries exceeded with url: /api/v0/chat/completions (Caused by ConnectTimeoutError(<urllib3.connection.HTTPConnection object at 0x10d8b9590>, 'Connection to localhost timed out. (connect timeout=60)'))"
2025-08-30T05:58:30.813479,toxicity,qwen2.5-coder-14b-instruct,194,0,60006,0,False,"Request error: HTTPConnectionPool(host='localhost', port=1234): Max retries exceeded with url: /api/v0/chat/completions (Caused by ConnectTimeoutError(<urllib3.connection.HTTPConnection object at 0x10d8b99d0>, 'Connection to localhost timed out. (connect timeout=60)'))"
2025-08-30T05:59:30.818856,empathy,qwen2.5-coder-14b-instruct,317,0,60004,0,False,"Request error: HTTPConnectionPool(host='localhost', port=1234): Max retries exceeded with url: /api/v0/chat/completions (Caused by ConnectTimeoutError(<urllib3.connection.HTTPConnection object at 0x10d8b86b0>, 'Connection to localhost timed out. (connect timeout=60)'))"
2025-08-30T06:00:30.824232,bridge,qwen2.5-coder-14b-instruct,318,0,60004,0,False,"Request error: HTTPConnectionPool(host='localhost', port=1234): Max retries exceeded with url: /api/v0/chat/completions (Caused by ConnectTimeoutError(<urllib3.connection.HTTPConnection object at 0x10d8ba690>, 'Connection to localhost timed out. (connect timeout=60)'))"
2025-08-30T06:01:30.830375,generate,qwen2.5-coder-14b-instruct,1008,0,60004,0,False,"Request error: HTTPConnectionPool(host='localhost', port=1234): Max retries exceeded with url: /api/v0/chat/completions (Caused by ConnectTimeoutError(<urllib3.connection.HTTPConnection object at 0x10d8ba140>, 'Connection to localhost timed out. (connect timeout=60)'))"
2025-08-30T06:02:30.836030,kindness,qwen2.5-coder-14b-instruct,325,0,60005,0,False,"Request error: HTTPConnectionPool(host='localhost', port=1234): Max retries exceeded with url: /api/v0/chat/completions (Caused by ConnectTimeoutError(<urllib3.connection.HTTPConnection object at 0x10d8b9d00>, 'Connection to localhost timed out. (connect timeout=60)'))"
2025-08-30T06:03:30.844803,toxicity,qwen2.5-coder-14b-instruct,194,0,60007,0,False,"Request error: HTTPConnectionPool(host='localhost', port=1234): Max retries exceeded with url: /api/v0/chat/completions (Caused by ConnectTimeoutError(<urllib3.connection.HTTPConnection object at 0x10d8bb680>, 'Connection to localhost timed out. (connect timeout=60)'))"
2025-08-30T06:04:30.850101,empathy,qwen2.5-coder-14b-instruct,317,0,60004,0,False,"Request error: HTTPConnectionPool(host='localhost', port=1234): Max retries exceeded with url: /api/v0/chat/completions (Caused by ConnectTimeoutError(<urllib3.connection.HTTPConnection object at 0x10d8bb8a0>, 'Connection to localhost timed out. (connect timeout=60)'))"
2025-08-30T06:05:30.858940,bridge,qwen2.5-coder-14b-instruct,317,0,60008,0,False,"Request error: HTTPConnectionPool(host='localhost', port=1234): Max retries exceeded with url: /api/v0/chat/completions (Caused by ConnectTimeoutError(<urllib3.connection.HTTPConnection object at 0x10d8bb8a0>, 'Connection to localhost timed out. (connect timeout=60)'))"
2025-08-30T06:06:31.874190,generate,qwen2.5-coder-14b-instruct,760,0,60006,0,False,"Request error: HTTPConnectionPool(host='localhost', port=1234): Max retries exceeded with url: /api/v0/chat/completions (Caused by ConnectTimeoutError(<urllib3.connection.HTTPConnection object at 0x10d8bb790>, 'Connection to localhost timed out. (connect timeout=60)'))"
2025-08-30T06:07:31.880720,kindness,qwen2.5-coder-14b-instruct,271,0,60005,0,False,"Request error: HTTPConnectionPool(host='localhost', port=1234): Max retries exceeded with url: /api/v0/chat/completions (Caused by ConnectTimeoutError(<urllib3.connection.HTTPConnection object at 0x10d8ba470>, 'Connection to localhost timed out. (connect timeout=60)'))"
2025-08-30T06:08:31.885916,toxicity,qwen2.5-coder-14b-instruct,194,0,60004,0,False,"Request error: HTTPConnectionPool(host='localhost', port=1234): Max retries exceeded with url: /api/v0/chat/completions (Caused by ConnectTimeoutError(<urllib3.connection.HTTPConnection object at 0x10d8ba580>, 'Connection to localhost timed out. (connect timeout=60)'))"
2025-08-30T06:09:31.892416,empathy,qwen2.5-coder-14b-instruct,263,0,60005,0,False,"Request error: HTTPConnectionPool(host='localhost', port=1234): Max retries exceeded with url: /api/v0/chat/completions (Caused by ConnectTimeoutError(<urllib3.connection.HTTPConnection object at 0x10d8b9f20>, 'Connection to localhost timed out. (connect timeout=60)'))"
2025-08-30T06:10:31.898418,generate,qwen2.5-coder-14b-instruct,799,0,60004,0,False,"Request error: HTTPConnectionPool(host='localhost', port=1234): Max retries exceeded with url: /api/v0/chat/completions (Caused by ConnectTimeoutError(<urllib3.connection.HTTPConnection object at 0x10d8ba690>, 'Connection to localhost timed out. (connect timeout=60)'))"
2025-08-30T06:11:31.903990,kindness,qwen2.5-coder-14b-instruct,271,0,60004,0,False,"Request error: HTTPConnectionPool(host='localhost', port=1234): Max retries exceeded with url: /api/v0/chat/completions (Caused by ConnectTimeoutError(<urllib3.connection.HTTPConnection object at 0x10d8b86b0>, 'Connection to localhost timed out. (connect timeout=60)'))"
2025-08-30T06:12:31.909293,toxicity,qwen2.5-coder-14b-instruct,194,0,60004,0,False,"Request error: HTTPConnectionPool(host='localhost', port=1234): Max retries exceeded with url: /api/v0/chat/completions (Caused by ConnectTimeoutError(<urllib3.connection.HTTPConnection object at 0x10d8b9bf0>, 'Connection to localhost timed out. (connect timeout=60)'))"
2025-08-30T06:13:31.915114,empathy,qwen2.5-coder-14b-instruct,263,0,60005,0,False,"Request error: HTTPConnectionPool(host='localhost', port=1234): Max retries exceeded with url: /api/v0/chat/completions (Caused by ConnectTimeoutError(<urllib3.connection.HTTPConnection object at 0x10d8b96a0>, 'Connection to localhost timed out. (connect timeout=60)'))"
2025-08-30T06:14:31.920217,bridge,qwen2.5-coder-14b-instruct,317,0,60004,0,False,"Request error: HTTPConnectionPool(host='localhost', port=1234): Max retries exceeded with url: /api/v0/chat/completions (Caused by ConnectTimeoutError(<urllib3.connection.HTTPConnection object at 0x10d8b89e0>, 'Connection to localhost timed out. (connect timeout=60)'))"
2025-08-30T06:15:31.928126,generate,qwen2.5-coder-14b-instruct,860,0,60006,0,False,"Request error: HTTPConnectionPool(host='localhost', port=1234): Max retries exceeded with url: /api/v0/chat/completions (Caused by ConnectTimeoutError(<urllib3.connection.HTTPConnection object at 0x10d8b8f30>, 'Connection to localhost timed out. (connect timeout=60)'))"
2025-08-30T06:16:31.936089,kindness,qwen2.5-coder-14b-instruct,271,0,60007,0,False,"Request error: HTTPConnectionPool(host='localhost', port=1234): Max retries exceeded with url: /api/v0/chat/completions (Caused by ConnectTimeoutError(<urllib3.connection.HTTPConnection object at 0x10d8b8490>, 'Connection to localhost timed out. (connect timeout=60)'))"
2025-08-30T06:17:31.942832,toxicity,qwen2.5-coder-14b-instruct,194,0,60006,0,False,"Request error: HTTPConnectionPool(host='localhost', port=1234): Max retries exceeded with url: /api/v0/chat/completions (Caused by ConnectTimeoutError(<urllib3.connection.HTTPConnection object at 0x10d8b9370>, 'Connection to localhost timed out. (connect timeout=60)'))"
2025-08-30T06:18:31.948230,empathy,qwen2.5-coder-14b-instruct,263,0,60004,0,False,"Request error: HTTPConnectionPool(host='localhost', port=1234): Max retries exceeded with url: /api/v0/chat/completions (Caused by ConnectTimeoutError(<urllib3.connection.HTTPConnection object at 0x10d8ba9c0>, 'Connection to localhost timed out. (connect timeout=60)'))"
2025-08-30T06:19:31.957797,generate,qwen2.5-coder-14b-instruct,877,0,60008,0,False,"Request error: HTTPConnectionPool(host='localhost', port=1234): Max retries exceeded with url: /api/v0/chat/completions (Caused by ConnectTimeoutError(<urllib3.connection.HTTPConnection object at 0x10d8bb130>, 'Connection to localhost timed out. (connect timeout=60)'))"
2025-08-30T06:20:31.964830,kindness,qwen2.5-coder-14b-instruct,271,0,60006,0,False,"Request error: HTTPConnectionPool(host='localhost', port=1234): Max retries exceeded with url: /api/v0/chat/completions (Caused by ConnectTimeoutError(<urllib3.connection.HTTPConnection object at 0x10d8b8e20>, 'Connection to localhost timed out. (connect timeout=60)'))"
2025-08-30T06:21:31.970304,toxicity,qwen2.5-coder-14b-instruct,194,0,60004,0,False,"Request error: HTTPConnectionPool(host='localhost', port=1234): Max retries exceeded with url: /api/v0/chat/completions (Caused by ConnectTimeoutError(<urllib3.connection.HTTPConnection object at 0x10d8b9370>, 'Connection to localhost timed out. (connect timeout=60)'))"
2025-08-30T06:22:31.975464,empathy,qwen2.5-coder-14b-instruct,263,0,60004,0,False,"Request error: HTTPConnectionPool(host='localhost', port=1234): Max retries exceeded with url: /api/v0/chat/completions (Caused by ConnectTimeoutError(<urllib3.connection.HTTPConnection object at 0x10d8b8490>, 'Connection to localhost timed out. (connect timeout=60)'))"
2025-08-30T06:23:31.982844,bridge,qwen2.5-coder-14b-instruct,317,0,60006,0,False,"Request error: HTTPConnectionPool(host='localhost', port=1234): Max retries exceeded with url: /api/v0/chat/completions (Caused by ConnectTimeoutError(<urllib3.connection.HTTPConnection object at 0x10d8b8f30>, 'Connection to localhost timed out. (connect timeout=60)'))"
2025-08-30T06:24:31.990683,generate,qwen2.5-coder-14b-instruct,912,0,60006,0,False,"Request error: HTTPConnectionPool(host='localhost', port=1234): Max retries exceeded with url: /api/v0/chat/completions (Caused by ConnectTimeoutError(<urllib3.connection.HTTPConnection object at 0x10d8b9040>, 'Connection to localhost timed out. (connect timeout=60)'))"
2025-08-30T06:25:31.998792,kindness,qwen2.5-coder-14b-instruct,271,0,60007,0,False,"Request error: HTTPConnectionPool(host='localhost', port=1234): Max retries exceeded with url: /api/v0/chat/completions (Caused by ConnectTimeoutError(<urllib3.connection.HTTPConnection object at 0x10d8b9480>, 'Connection to localhost timed out. (connect timeout=60)'))"
2025-08-30T06:26:32.004175,toxicity,qwen2.5-coder-14b-instruct,194,0,60004,0,False,"Request error: HTTPConnectionPool(host='localhost', port=1234): Max retries exceeded with url: /api/v0/chat/completions (Caused by ConnectTimeoutError(<urllib3.connection.HTTPConnection object at 0x10d8b9bf0>, 'Connection to localhost timed out. (connect timeout=60)'))"
2025-08-30T06:27:32.009790,empathy,qwen2.5-coder-14b-instruct,263,0,60005,0,False,"Request error: HTTPConnectionPool(host='localhost', port=1234): Max retries exceeded with url: /api/v0/chat/completions (Caused by ConnectTimeoutError(<urllib3.connection.HTTPConnection object at 0x10d8b86b0>, 'Connection to localhost timed out. (connect timeout=60)'))"
2025-08-30T06:28:32.017811,generate,qwen2.5-coder-14b-instruct,986,0,60006,0,False,"Request error: HTTPConnectionPool(host='localhost', port=1234): Max retries exceeded with url: /api/v0/chat/completions (Caused by ConnectTimeoutError(<urllib3.connection.HTTPConnection object at 0x10d8b98c0>, 'Connection to localhost timed out. (connect timeout=60)'))"
2025-08-30T06:29:32.024878,kindness,qwen2.5-coder-14b-instruct,271,0,60006,0,False,"Request error: HTTPConnectionPool(host='localhost', port=1234): Max retries exceeded with url: /api/v0/chat/completions (Caused by ConnectTimeoutError(<urllib3.connection.HTTPConnection object at 0x10d8b8af0>, 'Connection to localhost timed out. (connect timeout=60)'))"
2025-08-30T06:30:32.031873,toxicity,qwen2.5-coder-14b-instruct,194,0,60006,0,False,"Request error: HTTPConnectionPool(host='localhost', port=1234): Max retries exceeded with url: /api/v0/chat/completions (Caused by ConnectTimeoutError(<urllib3.connection.HTTPConnection object at 0x10d8ba470>, 'Connection to localhost timed out. (connect timeout=60)'))"
2025-08-30T06:31:32.038140,empathy,qwen2.5-coder-14b-instruct,263,0,60005,0,False,"Request error: HTTPConnectionPool(host='localhost', port=1234): Max retries exceeded with url: /api/v0/chat/completions (Caused by ConnectTimeoutError(<urllib3.connection.HTTPConnection object at 0x10d8bb790>, 'Connection to localhost timed out. (connect timeout=60)'))"
2025-08-30T06:32:32.043339,bridge,qwen2.5-coder-14b-instruct,316,0,60004,0,False,"Request error: HTTPConnectionPool(host='localhost', port=1234): Max retries exceeded with url: /api/v0/chat/completions (Caused by ConnectTimeoutError(<urllib3.connection.HTTPConnection object at 0x10d8bb680>, 'Connection to localhost timed out. (connect timeout=60)'))"
2025-08-30T06:33:32.050796,generate,qwen2.5-coder-14b-instruct,978,0,60005,0,False,"Request error: HTTPConnectionPool(host='localhost', port=1234): Max retries exceeded with url: /api/v0/chat/completions (Caused by ConnectTimeoutError(<urllib3.connection.HTTPConnection object at 0x10d8bacf0>, 'Connection to localhost timed out. (connect timeout=60)'))"
2025-08-30T06:34:32.059523,kindness,qwen2.5-coder-14b-instruct,271,0,60008,0,False,"Request error: HTTPConnectionPool(host='localhost', port=1234): Max retries exceeded with url: /api/v0/chat/completions (Caused by ConnectTimeoutError(<urllib3.connection.HTTPConnection object at 0x10d8bb9b0>, 'Connection to localhost timed out. (connect timeout=60)'))"
2025-08-30T06:35:32.065900,toxicity,qwen2.5-coder-14b-instruct,194,0,60005,0,False,"Request error: HTTPConnectionPool(host='localhost', port=1234): Max retries exceeded with url: /api/v0/chat/completions (Caused by ConnectTimeoutError(<urllib3.connection.HTTPConnection object at 0x10d8bb020>, 'Connection to localhost timed out. (connect timeout=60)'))"
2025-08-30T06:36:32.072877,empathy,qwen2.5-coder-14b-instruct,263,0,60006,0,False,"Request error: HTTPConnectionPool(host='localhost', port=1234): Max retries exceeded with url: /api/v0/chat/completions (Caused by ConnectTimeoutError(<urllib3.connection.HTTPConnection object at 0x10d8b9ae0>, 'Connection to localhost timed out. (connect timeout=60)'))"
2025-08-30T06:37:32.078922,generate,qwen2.5-coder-14b-instruct,965,0,60004,0,False,"Request error: HTTPConnectionPool(host='localhost', port=1234): Max retries exceeded with url: /api/v0/chat/completions (Caused by ConnectTimeoutError(<urllib3.connection.HTTPConnection object at 0x10d8bb790>, 'Connection to localhost timed out. (connect timeout=60)'))"
2025-08-30T06:38:32.086157,kindness,qwen2.5-coder-14b-instruct,271,0,60006,0,False,"Request error: HTTPConnectionPool(host='localhost', port=1234): Max retries exceeded with url: /api/v0/chat/completions (Caused by ConnectTimeoutError(<urllib3.connection.HTTPConnection object at 0x10d8b9e10>, 'Connection to localhost timed out. (connect timeout=60)'))"
2025-08-30T06:39:32.092623,toxicity,qwen2.5-coder-14b-instruct,194,0,60005,0,False,"Request error: HTTPConnectionPool(host='localhost', port=1234): Max retries exceeded with url: /api/v0/chat/completions (Caused by ConnectTimeoutError(<urllib3.connection.HTTPConnection object at 0x10d8ba690>, 'Connection to localhost timed out. (connect timeout=60)'))"
2025-08-30T06:40:32.100654,empathy,qwen2.5-coder-14b-instruct,263,0,60007,0,False,"Request error: HTTPConnectionPool(host='localhost', port=1234): Max retries exceeded with url: /api/v0/chat/completions (Caused by ConnectTimeoutError(<urllib3.connection.HTTPConnection object at 0x10d8b9f20>, 'Connection to localhost timed out. (connect timeout=60)'))"
2025-08-30T06:41:32.107970,generate,qwen2.5-coder-14b-instruct,958,0,60005,0,False,"Request error: HTTPConnectionPool(host='localhost', port=1234): Max retries exceeded with url: /api/v0/chat/completions (Caused by ConnectTimeoutError(<urllib3.connection.HTTPConnection object at 0x10d8b86b0>, 'Connection to localhost timed out. (connect timeout=60)'))"
2025-08-30T06:42:32.114740,kindness,qwen2.5-coder-14b-instruct,271,0,60006,0,False,"Request error: HTTPConnectionPool(host='localhost', port=1234): Max retries exceeded with url: /api/v0/chat/completions (Caused by ConnectTimeoutError(<urllib3.connection.HTTPConnection object at 0x10d8b9590>, 'Connection to localhost timed out. (connect timeout=60)'))"
2025-08-30T06:43:32.120755,toxicity,qwen2.5-coder-14b-instruct,194,0,60005,0,False,"Request error: HTTPConnectionPool(host='localhost', port=1234): Max retries exceeded with url: /api/v0/chat/completions (Caused by ConnectTimeoutError(<urllib3.connection.HTTPConnection object at 0x10d8b9040>, 'Connection to localhost timed out. (connect timeout=60)'))"
2025-08-30T06:44:32.127834,empathy,qwen2.5-coder-14b-instruct,263,0,60006,0,False,"Request error: HTTPConnectionPool(host='localhost', port=1234): Max retries exceeded with url: /api/v0/chat/completions (Caused by ConnectTimeoutError(<urllib3.connection.HTTPConnection object at 0x10d8b99d0>, 'Connection to localhost timed out. (connect timeout=60)'))"
2025-08-30T06:45:32.134730,bridge,qwen2.5-coder-14b-instruct,317,0,60006,0,False,"Request error: HTTPConnectionPool(host='localhost', port=1234): Max retries exceeded with url: /api/v0/chat/completions (Caused by ConnectTimeoutError(<urllib3.connection.HTTPConnection object at 0x10d8b9150>, 'Connection to localhost timed out. (connect timeout=60)'))"
2025-08-30T06:46:32.142509,generate,qwen2.5-coder-14b-instruct,999,0,60006,0,False,"Request error: HTTPConnectionPool(host='localhost', port=1234): Max retries exceeded with url: /api/v0/chat/completions (Caused by ConnectTimeoutError(<urllib3.connection.HTTPConnection object at 0x10d8b87c0>, 'Connection to localhost timed out. (connect timeout=60)'))"
2025-08-30T06:47:32.149531,kindness,qwen2.5-coder-14b-instruct,271,0,60006,0,False,"Request error: HTTPConnectionPool(host='localhost', port=1234): Max retries exceeded with url: /api/v0/chat/completions (Caused by ConnectTimeoutError(<urllib3.connection.HTTPConnection object at 0x10d8b8e20>, 'Connection to localhost timed out. (connect timeout=60)'))"
2025-08-30T06:48:32.155155,toxicity,qwen2.5-coder-14b-instruct,194,0,60005,0,False,"Request error: HTTPConnectionPool(host='localhost', port=1234): Max retries exceeded with url: /api/v0/chat/completions (Caused by ConnectTimeoutError(<urllib3.connection.HTTPConnection object at 0x10d8bb570>, 'Connection to localhost timed out. (connect timeout=60)'))"
2025-08-30T07:05:02.741639,empathy,qwen2.5-coder-14b-instruct,263,0,990586,0,False,"Request error: HTTPConnectionPool(host='localhost', port=1234): Max retries exceeded with url: /api/v0/chat/completions (Caused by ConnectTimeoutError(<urllib3.connection.HTTPConnection object at 0x10d8bb570>, 'Connection to localhost timed out. (connect timeout=60)'))"
2025-08-30T07:06:02.707196,generate,qwen2.5-coder-14b-instruct,819,0,59964,0,False,"Request error: HTTPConnectionPool(host='localhost', port=1234): Max retries exceeded with url: /api/v0/chat/completions (Caused by ConnectTimeoutError(<urllib3.connection.HTTPConnection object at 0x10d8b8e20>, 'Connection to localhost timed out. (connect timeout=60)'))"
2025-08-30T07:07:02.714710,kindness,qwen2.5-coder-14b-instruct,342,0,60006,0,False,"Request error: HTTPConnectionPool(host='localhost', port=1234): Max retries exceeded with url: /api/v0/chat/completions (Caused by ConnectTimeoutError(<urllib3.connection.HTTPConnection object at 0x10d8b8490>, 'Connection to localhost timed out. (connect timeout=60)'))"
2025-08-30T07:08:02.722593,toxicity,qwen2.5-coder-14b-instruct,194,0,60007,0,False,"Request error: HTTPConnectionPool(host='localhost', port=1234): Max retries exceeded with url: /api/v0/chat/completions (Caused by ConnectTimeoutError(<urllib3.connection.HTTPConnection object at 0x10d8b9370>, 'Connection to localhost timed out. (connect timeout=60)'))"
2025-08-30T07:09:02.728611,empathy,qwen2.5-coder-14b-instruct,334,0,60005,0,False,"Request error: HTTPConnectionPool(host='localhost', port=1234): Max retries exceeded with url: /api/v0/chat/completions (Caused by ConnectTimeoutError(<urllib3.connection.HTTPConnection object at 0x10d8b96a0>, 'Connection to localhost timed out. (connect timeout=60)'))"
2025-08-30T07:10:02.734482,generate,qwen2.5-coder-14b-instruct,850,0,60004,0,False,"Request error: HTTPConnectionPool(host='localhost', port=1234): Max retries exceeded with url: /api/v0/chat/completions (Caused by ConnectTimeoutError(<urllib3.connection.HTTPConnection object at 0x10d8b8f30>, 'Connection to localhost timed out. (connect timeout=60)'))"
2025-08-30T07:11:02.739829,kindness,qwen2.5-coder-14b-instruct,342,0,60004,0,False,"Request error: HTTPConnectionPool(host='localhost', port=1234): Max retries exceeded with url: /api/v0/chat/completions (Caused by ConnectTimeoutError(<urllib3.connection.HTTPConnection object at 0x10d8b9040>, 'Connection to localhost timed out. (connect timeout=60)'))"
2025-08-30T07:12:02.744140,toxicity,qwen2.5-coder-14b-instruct,194,0,60003,0,False,"Request error: HTTPConnectionPool(host='localhost', port=1234): Max retries exceeded with url: /api/v0/chat/completions (Caused by ConnectTimeoutError(<urllib3.connection.HTTPConnection object at 0x10d8b9480>, 'Connection to localhost timed out. (connect timeout=60)'))"
2025-08-30T07:13:02.747753,empathy,qwen2.5-coder-14b-instruct,334,0,60003,0,False,"Request error: HTTPConnectionPool(host='localhost', port=1234): Max retries exceeded with url: /api/v0/chat/completions (Caused by ConnectTimeoutError(<urllib3.connection.HTTPConnection object at 0x10d8b86b0>, 'Connection to localhost timed out. (connect timeout=60)'))"
2025-08-30T07:14:02.751762,generate,qwen2.5-coder-14b-instruct,892,0,60002,0,False,"Request error: HTTPConnectionPool(host='localhost', port=1234): Max retries exceeded with url: /api/v0/chat/completions (Caused by ConnectTimeoutError(<urllib3.connection.HTTPConnection object at 0x10d8b88d0>, 'Connection to localhost timed out. (connect timeout=60)'))"
2025-08-30T07:15:02.755729,kindness,qwen2.5-coder-14b-instruct,342,0,60003,0,False,"Request error: HTTPConnectionPool(host='localhost', port=1234): Max retries exceeded with url: /api/v0/chat/completions (Caused by ConnectTimeoutError(<urllib3.connection.HTTPConnection object at 0x10d8ba140>, 'Connection to localhost timed out. (connect timeout=60)'))"
2025-08-30T07:16:02.759444,toxicity,qwen2.5-coder-14b-instruct,194,0,60003,0,False,"Request error: HTTPConnectionPool(host='localhost', port=1234): Max retries exceeded with url: /api/v0/chat/completions (Caused by ConnectTimeoutError(<urllib3.connection.HTTPConnection object at 0x10d8b9e10>, 'Connection to localhost timed out. (connect timeout=60)'))"
2025-08-30T07:17:02.764809,empathy,qwen2.5-coder-14b-instruct,334,0,60004,0,False,"Request error: HTTPConnectionPool(host='localhost', port=1234): Max retries exceeded with url: /api/v0/chat/completions (Caused by ConnectTimeoutError(<urllib3.connection.HTTPConnection object at 0x10d8ba250>, 'Connection to localhost timed out. (connect timeout=60)'))"
2025-08-30T07:18:02.768377,generate,qwen2.5-coder-14b-instruct,945,0,60002,0,False,"Request error: HTTPConnectionPool(host='localhost', port=1234): Max retries exceeded with url: /api/v0/chat/completions (Caused by ConnectTimeoutError(<urllib3.connection.HTTPConnection object at 0x10d8ba470>, 'Connection to localhost timed out. (connect timeout=60)'))"
2025-08-30T07:19:02.772134,kindness,qwen2.5-coder-14b-instruct,342,0,60003,0,False,"Request error: HTTPConnectionPool(host='localhost', port=1234): Max retries exceeded with url: /api/v0/chat/completions (Caused by ConnectTimeoutError(<urllib3.connection.HTTPConnection object at 0x10d8b9ae0>, 'Connection to localhost timed out. (connect timeout=60)'))"
2025-08-30T07:20:02.778566,toxicity,qwen2.5-coder-14b-instruct,194,0,60006,0,False,"Request error: HTTPConnectionPool(host='localhost', port=1234): Max retries exceeded with url: /api/v0/chat/completions (Caused by ConnectTimeoutError(<urllib3.connection.HTTPConnection object at 0x10d8b9ae0>, 'Connection to localhost timed out. (connect timeout=60)'))"
2025-08-30T07:21:02.783617,empathy,qwen2.5-coder-14b-instruct,334,0,60004,0,False,"Request error: HTTPConnectionPool(host='localhost', port=1234): Max retries exceeded with url: /api/v0/chat/completions (Caused by ConnectTimeoutError(<urllib3.connection.HTTPConnection object at 0x10d8ba470>, 'Connection to localhost timed out. (connect timeout=60)'))"
2025-08-30T07:22:02.789282,generate,qwen2.5-coder-14b-instruct,990,0,60004,0,False,"Request error: HTTPConnectionPool(host='localhost', port=1234): Max retries exceeded with url: /api/v0/chat/completions (Caused by ConnectTimeoutError(<urllib3.connection.HTTPConnection object at 0x10d8b9d00>, 'Connection to localhost timed out. (connect timeout=60)'))"
2025-08-30T07:23:02.793539,kindness,qwen2.5-coder-14b-instruct,342,0,60003,0,False,"Request error: HTTPConnectionPool(host='localhost', port=1234): Max retries exceeded with url: /api/v0/chat/completions (Caused by ConnectTimeoutError(<urllib3.connection.HTTPConnection object at 0x10d8bb790>, 'Connection to localhost timed out. (connect timeout=60)'))"
2025-08-30T07:24:02.793923,toxicity,qwen2.5-coder-14b-instruct,194,0,59999,0,False,"Request error: HTTPConnectionPool(host='localhost', port=1234): Max retries exceeded with url: /api/v0/chat/completions (Caused by ConnectTimeoutError(<urllib3.connection.HTTPConnection object at 0x10d8ba140>, 'Connection to localhost timed out. (connect timeout=60)'))"
2025-08-30T07:25:02.784557,empathy,qwen2.5-coder-14b-instruct,334,0,59988,0,False,"Request error: HTTPConnectionPool(host='localhost', port=1234): Max retries exceeded with url: /api/v0/chat/completions (Caused by ConnectTimeoutError(<urllib3.connection.HTTPConnection object at 0x10d8b88d0>, 'Connection to localhost timed out. (connect timeout=60)'))"
2025-08-30T07:26:02.789848,bridge,qwen2.5-coder-14b-instruct,317,0,60003,0,False,"Request error: HTTPConnectionPool(host='localhost', port=1234): Max retries exceeded with url: /api/v0/chat/completions (Caused by ConnectTimeoutError(<urllib3.connection.HTTPConnection object at 0x10d8ba580>, 'Connection to localhost timed out. (connect timeout=60)'))"
2025-08-30T07:27:02.796246,generate,qwen2.5-coder-14b-instruct,1059,0,60003,0,False,"Request error: HTTPConnectionPool(host='localhost', port=1234): Max retries exceeded with url: /api/v0/chat/completions (Caused by ConnectTimeoutError(<urllib3.connection.HTTPConnection object at 0x10d8b9480>, 'Connection to localhost timed out. (connect timeout=60)'))"
2025-08-30T07:28:02.800078,kindness,qwen2.5-coder-14b-instruct,342,0,60003,0,False,"Request error: HTTPConnectionPool(host='localhost', port=1234): Max retries exceeded with url: /api/v0/chat/completions (Caused by ConnectTimeoutError(<urllib3.connection.HTTPConnection object at 0x10d8b89e0>, 'Connection to localhost timed out. (connect timeout=60)'))"
2025-08-30T07:29:02.804253,toxicity,qwen2.5-coder-14b-instruct,194,0,60003,0,False,"Request error: HTTPConnectionPool(host='localhost', port=1234): Max retries exceeded with url: /api/v0/chat/completions (Caused by ConnectTimeoutError(<urllib3.connection.HTTPConnection object at 0x10d8b99d0>, 'Connection to localhost timed out. (connect timeout=60)'))"
2025-08-30T07:30:02.807431,empathy,qwen2.5-coder-14b-instruct,334,0,60002,0,False,"Request error: HTTPConnectionPool(host='localhost', port=1234): Max retries exceeded with url: /api/v0/chat/completions (Caused by ConnectTimeoutError(<urllib3.connection.HTTPConnection object at 0x10d8b96a0>, 'Connection to localhost timed out. (connect timeout=60)'))"
2025-08-30T07:31:02.811996,bridge,qwen2.5-coder-14b-instruct,317,0,60003,0,False,"Request error: HTTPConnectionPool(host='localhost', port=1234): Max retries exceeded with url: /api/v0/chat/completions (Caused by ConnectTimeoutError(<urllib3.connection.HTTPConnection object at 0x10d8b9370>, 'Connection to localhost timed out. (connect timeout=60)'))"
2025-08-30T07:32:02.816015,generate,qwen2.5-coder-14b-instruct,1050,0,60002,0,False,"Request error: HTTPConnectionPool(host='localhost', port=1234): Max retries exceeded with url: /api/v0/chat/completions (Caused by ConnectTimeoutError(<urllib3.connection.HTTPConnection object at 0x10d8b8e20>, 'Connection to localhost timed out. (connect timeout=60)'))"
